network,reactions,ercs,erc_match,t_erc_eff_ms,t_erc_orc_ms,fund_syn,syn_match,t_syn_eff_ms,t_syn_orc_ms,fund_comp,comp_match,t_comp_eff_ms,t_comp_orc_ms,epms,epm_match,t_epm_eff_ms,t_epm_orc_ms,all_ok,error
BIOMD0000000338,115,67,True,11.365400001523085,4.4363000051816925,30,True,61.99059999198653,40.993600006913766,51,True,1.6140000079758465,0.5596999981207773,,,,,True,
BIOMD0000000339,115,67,True,9.533899996313266,4.553899998427369,30,True,60.18549999862444,46.42839998996351,51,True,1.5758999943500385,0.5458999949041754,,,,,True,
BIOMD0000000340,116,63,True,9.90220000676345,3.6487999896053225,27,True,48.96970000118017,34.6817999961786,51,True,1.6174999909708276,0.599899998633191,,,,,True,
BIOMD0000000594,120,5,True,9.049200001754798,3.3947000047191978,2,True,0.1576000067871064,0.07920000643935055,0,True,0.10509999992791563,0.03460000152699649,2,True,0.05319999763742089,13.244400004623458,True,
BIOMD0000000939,126,43,True,9.335499998996966,3.8358000019798055,26,True,16.208500004722737,11.805799993453547,18,True,0.9368999890284613,0.5742999928770587,,,,,True,
BIOMD0000000652_manyOrgs,126,109,True,27.60080000734888,6.802700008847751,147,True,334.01320000120904,234.32099999627098,120,True,8.10650001221802,1.7261000029975548,,,,,True,
BIOMD0000000109,138,18,True,11.168699988047592,5.44570000784006,7,True,1.607099999091588,1.1640000011539087,4,True,0.22360000002663583,0.1396000006934628,6,True,0.06459999713115394,204726.47139999026,True,
BIOMD0000000608,140,2,True,4.885099988314323,2.4473999947076663,0,True,0.039000005926936865,0.010199990356341004,0,True,0.03060000017285347,0.02030000905506313,1,True,0.016699996194802225,0.16340000729542226,True,
e_coli_core,141,48,True,29.781700010062195,8.927599992603064,110,True,41.757699989830144,44.50810000707861,22,True,1.827699990826659,0.8487000013701618,,,,,True,
central_ecoli,168,22,True,18.248699998366646,9.557100012898445,4,True,3.832300004432909,2.7253000007476658,13,True,0.9215000027325004,0.7226000016089529,,,,,True,
