species_bit,species_name,block_count
282,"MNXM807__64__MNXC3 ((S)-2,3-dihydrodipicolinate)",12073
521,MNXM1102376__64__MNXC3 ((6S)-10-formyltetrahydrofolate),12031
392,"MNXM1102150__64__MNXC3 ((6R)-5,10-methylene-5,6,7,8-tetrahydrofolate)",11678
527,MNXM1105858__64__MNXC3 (D-glucose 6-phosphate),10249
269,MNXM1104529__64__MNXC3 (UDP-N-acetyl-alpha-D-glucosamine),9968
426,MNXM1104310__64__MNXC3 (dTDP-4-dehydro-beta-L-rhamnose),9643
597,"MNXM90612__64__MNXC3 (CDP-2,3-digeranylgeranyl-sn-glycerol)",8725
454,MNXM1102072__64__MNXC3 ((S)-S-adenosyl-L-methionine),8474
439,MNXM731472__64__MNXC3 (UDP-N-acetyl-3-O-(1-carboxyvinyl)-alpha-D-glucosamine),8216
552,MNXM1108016__64__MNXC3 (nicotinate beta-D-ribonucleotide),7906
610,MNXM1105098__64__MNXC3 (5-hydroxybenzimidazole),7399
318,MNXM1103553__64__MNXC3 (GTP),7075
545,MNXM732866__64__MNXC3 (3-methyl-2-oxobutanoate),5960
531,MNXM1094062__64__MNXC3 (O-phospho-L-serine),5621
53,MNXM1108018__64__MNXC3 (H2),5620
605,"MNXM6894__64__MNXC3 (4-ketofructose 1,6-bisphosphate)",5522
191,MNXM77__64__MNXC3 (dihydroxyacetone phosphate),5468
620,MNXM1137717__64__MNXC3 (1D-myo-inositol 1-phosphate),5455
544,MNXM1103365__64__MNXC3 (5-amino-1-(5-phospho-beta-D-ribosyl)imidazole-4-carboxamide),5405
414,MNXM1102191__64__MNXC3 (CDP),5306
569,MNXM1104155__64__MNXC3 (GDP-4-dehydro-alpha-D-rhamnose),5000
14,MNXM20__64__MNXC3 (2-oxoglutarate),4878
157,MNXM735079__64__MNXC3 (4 Hydroxyphenylacetyl CoA),4556
387,MNXM741322__64__MNXC3 (L-Methionyl-tRNA (Met)),4548
50,MNXM124865__64__MNXC3 (hydrogen sulfide),4474
417,MNXM737787__64__MNXC3 (L-serine),4357
421,MNXM739346__64__MNXC3 (Precorrin 2),4320
416,MNXM1103718__64__MNXC3 (CTP),4310
9,MNXM40333__64__MNXC3 (ADP),4134
470,MNXM1104702__64__MNXC3 (UDP-alpha-D-glucose),4125
326,MNXM1137670__64__MNXC3 (D-glucose),4124
600,"MNXM6669__64__MNXC3 (2,3-di-O-geranyl-sn-glycero-1-phospho-myo-inositol)",3953
314,MNXM38238__64__MNXC3 (5-methyltetrahydrosarcinapterin),3936
385,"MNXM1103936__64__MNXC3 ((6S)-5,6,7,8-tetrahydrofolate)",3796
356,MNXM1104235__64__MNXC3 ((3S)-hydroxy-3-methylglutaryl-CoA),3675
367,MNXM96998__64__MNXC3 (Ferredoxin (reduced) 2[4Fe-4S]),3634
534,"MNXM734__64__MNXC3 ((2R)-2,3-dihydroxy-3-methylbutanoate)",3628
80,MNXM1334__64__MNXC3 (O-phospho-L-homoserine),3613
518,"MNXM7580__64__MNXC3 (N5,N10-methylene-5,6,7,8-tetrahydromethanopterin)",3545
260,MNXM234__64__MNXC3 (dUMP),3385
44,MNXM83__64__MNXC3 (isopentenyl diphosphate),3380
15,MNXM738702__64__MNXC3 (NADPH),3369
8,MNXM37__64__MNXC3 (L-glutamine),3355
381,MNXM1104188__64__MNXC3 (GDP-alpha-D-mannose),3329
202,MNXM7577__64__MNXC3 (N1-(5-Phospho-alpha-D-ribosyl)-5-hydroxybenzimidazole),3327
344,"MNXM3586__64__MNXC3 (7,8-dihydromethanopterin)",3325
570,MNXM1105941__64__MNXC3 (myo-inositol),3213
279,"MNXM1106095__64__MNXC3 (beta-D-fructose 1,6-bisphosphate)",3125
383,"MNXM1104393__64__MNXC3 ((6S)-5-methyl-5,6,7,8-tetrahydrofolate)",3107
347,"MNXM7299__64__MNXC3 (Didemethylated 7,8-dihydromethanopterin)",3086
105,MNXM671__64__MNXC3 (methyl-coenzyme M),3069
348,MNXM114363__64__MNXC3 (Heterodisulfide),3053
547,MNXM959__64__MNXC3 (2-dehydropantoate),3005
360,MNXM739518__64__MNXC3 (O Acetyl L homoserine),2994
384,MNXM123__64__MNXC3 (L-homocysteine),2949
408,MNXM729421__64__MNXC3 (1-(5-Phosphoribosyl)-AMP),2936
415,MNXM1102128__64__MNXC3 (UDP),2911
187,MNXM75__64__MNXC3 (acetaldehyde),2849
541,"MNXM7544__64__MNXC3 (Monomethylated 7,8-dihydromethanoterin)",2715
100,MNXM1106164__64__MNXC3 (L-lysine),2696
175,MNXM73__64__MNXC3 (phosphoenolpyruvate),2604
498,MNXM736811__64__MNXC3 (Cobalt-precorrin 6),2576
325,MNXM738130__64__MNXC3 (Glycogen),2560
465,MNXM90960__64__MNXC3 (Co(2+)),2439
270,"MNXM892__64__MNXC3 ((2R)-2,3-bisphosphoglycerate)",2424
97,MNXM731835__64__MNXC3 ((S)-lactate),2416
182,MNXM1265__64__MNXC3 (3-phosphoshikimate),2286
278,MNXM1107898__64__MNXC3 (beta-D-fructose 6-phosphate),2190
0,MNXM01__64__MNXC2 (PMF),2166
409,MNXM728132__64__MNXC3 (1-(5-Phosphoribosyl)-ATP),2132
578,MNXM1104880__64__MNXC3 (adenosylcob(III)inamide phosphate),2112
340,MNXM1104453__64__MNXC3 (5-phospho-alpha-D-ribose 1-diphosphate),2082
603,MNXM1102294__64__MNXC3 (2-hydroxy-3-oxobutyl phosphate),2072
224,"MNXM1103734__64__MNXC3 (2,5-diamino-6-hydroxy-4-(5-phosphoribosylamino)-pyrimidine)",2011
320,MNXM1103285__64__MNXC3 (GDP),2002
2,MNXM01__64__MNXC3 (PMF),1979
562,"MNXM1103517__64__MNXC3 (Cyclic 2,3-bisphospho-D-glycerate)",1973
259,MNXM414__64__MNXC3 (uroporphyrinogen III),1876
513,"MNXM6780__64__MNXC3 (3,7-dideoxy-D-threo-hepto-2-amino-6-ulosonate)",1873
106,MNXM46__64__MNXC3 (oxaloacetate),1866
533,MNXM1104522__64__MNXC3 (N(1)-(5-phospho-beta-D-ribosyl)glycinamide),1840
17,WATER__64__MNXC3 (H2O),1832
218,MNXM172__64__MNXC3 (succinate semialdehyde),1798
615,MNXM465__64__MNXC3 (N-carbamoyl-L-aspartate),1765
225,"MNXM114350__64__MNXC3 (7,8-dihydronepterin 2&apos_ 3&apos_-cyclicphosphate)",1758
458,MNXM1107940__64__MNXC3 (Dihydroneopterin monophosphate),1738
70,MNXM10__64__MNXC3 (NADH),1664
238,MNXM1104056__64__MNXC3 (alpha-D-ribose 5-phosphate),1557
69,MNXM8__64__MNXC3 (NAD(+)),1548
623,"MNXM6863__64__MNXC3 (4,5-diketo-6-deoxyfructose 1-phosphate)",1526
560,MNXM418__64__MNXC3 (O-acetyl-L-serine),1483
366,MNXM735464__64__MNXC3 (S-2-(indol-3-yl)acetyl-CoA),1483
559,MNXM280__64__MNXC3 (acetyl phosphate),1474
584,"MNXM5438__64__MNXC3 (2,3-O-phytanyl-sn-glycero-1-phospho-myo-inositol)",1456
423,MNXM726711__64__MNXC3 (Fe(2+)),1449
212,MNXM738068__64__MNXC3 (L-cysteine),1406
493,MNXM337__64__MNXC3 (chorismate),1328
183,MNXM1365__64__MNXC3 (5-O-(1-carboxyvinyl)-3-phosphoshikimate),1324
6,MNXM729302__64__MNXC3 (NH4(+)),1290
204,MNXM5452__64__MNXC3 (2-sulfomethyl-L-thioproline),1278
613,MNXM732620__64__MNXC3 (H2O2),1265
162,MNXM541__64__MNXC3 (3-phosphooxypyruvate),1261
526,MNXM1093051__64__MNXC3 (L-glutamate 5-semialdehyde),1195
158,MNXM144__64__MNXC3 (beta-alanine),1191
434,MNXM735090__64__MNXC3 (indole),1176
141,MNXM344__64__MNXC3 (dGTP),1164
134,MNXM286__64__MNXC3 (dATP),1164
132,MNXM360__64__MNXC3 (dCTP),1164
247,MNXM662__64__MNXC3 (thiamine phosphate),1163
98,MNXM142__64__MNXC3 (L-threonine),1157
160,MNXM734864__64__MNXC3 ((R)-pantothenate),1144
296,MNXM1108206__64__MNXC3 (L-aspartate),1099
159,MNXM593__64__MNXC3 ((R)-pantoate),1096
422,MNXM740871__64__MNXC3 (sirohydrochlorin),1077
508,MNXM235__64__MNXC3 (orotate),1024
128,MNXM152__64__MNXC3 (dTDP),996
249,MNXM1094289__64__MNXC3 (thiosulfate),935
362,MNXM1101868__64__MNXC3 (IMP),933
330,MNXM89983__64__MNXC3 (Coenzyme ferredoxin 420-2 (reduced)),926
3,MNXM1__64__MNXC3 (H(+)),873
572,MNXM2888__64__MNXC3 ((2S)-2-phospholactate),855
599,"MNXM91060__64__MNXC3 (2,3-di-O-geranylgeranyl-sn-glyceroserine)",846
223,"MNXM32364__64__MNXC3 (1,4-diphenylbenzene)",825
614,"MNXM1107754__64__MNXC3 (6,7-Dimethyl-8-(1-D-ribityl)lumazine)",805
449,MNXM877__64__MNXC3 (adenosylcob(III)yrate),783
129,MNXM394__64__MNXC3 (dTTP),748
583,"MNXM1103622__64__MNXC3 (N6-(1,2-Dicarboxyethyl)-AMP)",714
287,MNXM1105949__64__MNXC3 (dTDP-alpha-D-glucose),700
594,MNXM1103447__64__MNXC3 ((S)-3-methyl-2-oxopentanoate),698
288,MNXM1104509__64__MNXC3 (dTDP-4-dehydro-6-deoxy-alpha-D-glucose),692
418,MNXM741553__64__MNXC3 (L-tryptophan),656
5,MNXM3__64__MNXC3 (ATP),655
46,MNXM13__64__MNXC3 (CO2),644
229,MNXM1697__64__MNXC3 ((R)-1-aminopropan-2-yl phosphate),605
373,MNXM1106762__64__MNXC3 (L-Leucine),602
78,MNXM361__64__MNXC3 (L-aspartate 4-semialdehyde),595
45,MNXM6807__64__MNXC3 (3-hydroxy-farnesyl diphosphate),559
357,MNXM1105057__64__MNXC3 ((R)-mevalonate),557
72,MNXM960__64__MNXC3 (4-methyl-5-(2-phosphooxyethyl)-thiazole),557
169,MNXM735771__64__MNXC3 ((R)-4&apos_-phosphopantothenate),542
27,MNXM1280__64__MNXC3 (L-glutamyl 5-phosphate),536
43,MNXM6808__64__MNXC3 (3-hydroxy-geranyl diphsophate),514
402,MNXM729076__64__MNXC3 (thioredoxin disulfide),504
598,MNXM91139__64__MNXC3 (CDP-2-O-(3&apos_-hydroxy)geranyl-3-O-geranyl-sn-glycerol),493
252,MNXM153__64__MNXC3 (3-(4-hydroxyphenyl)pyruvate),454
192,MNXM555__64__MNXC3 (quinolinate),446
556,MNXM1106156__64__MNXC3 (propanoyl-CoA),443
568,MNXM1104563__64__MNXC3 (phenylacetyl-CoA),439
99,MNXM1492__64__MNXC3 (O-phospho-L-threonine),435
20,MNXM727062__64__MNXC3 (sn-glycerol 1-phosphate),412
431,MNXM114285__64__MNXC3 (2-oxooctanedioic acid),396
289,"MNXM480__64__MNXC3 ((S)-2,3,4,5-tetrahydrodipicolinate)",390
338,MNXM731066__64__MNXC3 (GDP-4-dehydro-beta-L-fucose),365
168,MNXM1101289__64__MNXC3 (4-amino-2-methyl-5-(diphosphooxymethyl)pyrimidine),350
363,"MNXM730763__64__MNXC3 ((1S,2R)-1-C-(indol-3-yl)glycerol 3-phosphate)",349
475,MNXM168__64__MNXC3 (adenine),319
178,MNXM1455__64__MNXC3 (1-(2-carboxyphenylamino)-1-deoxy-D-ribulose 5-phosphate),312
306,"MNXM91113__64__MNXC3 (7,8-dihydropterin-6-ylmethyl-4-(B-D-ribofuranosyl) aminobenzene 5&apos_-phosphate)",311
551,MNXM1103300__64__MNXC3 (deamido-NAD(+)),308
618,"MNXM1106785__64__MNXC3 (2,3-O-phytanyl-sn-glycero-1-phosphoserine)",294
677,MNXM617__64__MNXC3 (folate),285
233,MNXM1105732__64__MNXC3 (L-alanine),285
331,MNXM731032__64__MNXC3 (L-Glutamyl-tRNA(Glu)),270
456,MNXM1102167__64__MNXC3 (S-adenosyl-L-homocysteine),261
400,MNXM741334__64__MNXC3 (Thioredoxin),255
660,"MNXM6671__64__MNXC3 (2,3-di-O-geranyl-sn-glycerol-1-phospho-3&apos_-sn-glycerol phosphate)",250
499,MNXM733199__64__MNXC3 (Cobalt-dihydro-precorrin 6),240
628,MNXM192__64__MNXC3 (4-aminobutanoate),239
602,"MNXM529__64__MNXC3 (meso-2,6-diaminoheptanedioate)",237
514,MNXM737103__64__MNXC3 (5-amino-6-(D-ribitylamino)uracil),236
16,MNXM5__64__MNXC3 (NADP(+)),231
683,MNXM7529__64__MNXC3 (Methyl-3-hydroxyl diphosphate),229
502,MNXM736806__64__MNXC3 (Cobalt-precorrin 5),227
406,MNXM733934__64__MNXC3 ((R)-5-diphosphomevalonate),226
7,MNXM741173__64__MNXC3 (L-glutamate),218
494,MNXM726637__64__MNXC3 (CO),218
467,MNXM421__64__MNXC3 (4-aminobenzoate),198
369,MNXM96997__64__MNXC3 (Ferredoxin (oxidized) 2[4Fe-4S]),194
290,MNXM1104899__64__MNXC3 (4-amino-5-hydroxymethyl-2-methylpyrimidine),186
495,MNXM499659__64__MNXC3 (cobalt-precorrin-2),182
648,"MNXM91856__64__MNXC3 (2,3-di-O-geranyl-sn-glycerol-1-phospho-3&apos_-sn-glycerol)",179
294,MNXM739527__64__MNXC3 (L-arginine),176
496,MNXM741457__64__MNXC3 (Cobalt-precorrin 3),171
497,MNXM732835__64__MNXC3 (Cobalt-precorrin 4),171
127,MNXM274__64__MNXC3 (nicotinate),165
96,MNXM23__64__MNXC3 (pyruvate),163
327,MNXM1106065__64__MNXC3 (D-glucopyranose 1-phosphate),154
586,MNXM727687__64__MNXC3 (6-carboxyhexanoyl-CoA),153
198,MNXM270__64__MNXC3 (riboflavin),151
512,MNXM6948__64__MNXC3 (6-deoxy-5-ketomannitol 1-phosphate),150
195,MNXM4856__64__MNXC3 ((R)-trihomocitrate),139
407,MNXM737312__64__MNXC3 (prephenate),134
647,MNXM1177__64__MNXC3 (4-phospho-L-aspartate),125
313,"MNXM1462__64__MNXC3 (5,6,7,8-tetrahydrosarcinapterin)",95
205,MNXM5937__64__MNXC3 (sulfoethylcysteine),85
107,MNXM1107192__64__MNXC3 ((S)-malate),84
76,MNXM554__64__MNXC3 (porphobilinogen),83
77,MNXM547__64__MNXC3 (hydroxymethylbilane),83
332,MNXM1453__64__MNXC3 ((S)-4-amino-5-oxopentanoate),81
172,MNXM405__64__MNXC3 (5-aminolevulinate),81
447,MNXM1103847__64__MNXC3 ((2S)-2-acetolactate),75
585,MNXM7560__64__MNXC3 (N-Acetyl-D-glucosaminyl archaetidylinositol),72
146,MNXM732471__64__MNXC3 (L-citrulline),65
682,"MNXM1974__64__MNXC3 (1-deoxy-D-threo-hexo-2,5-diulose 6-phosphate)",61
635,MNXM328__64__MNXC3 (agmatine),60
486,MNXM1107821__64__MNXC3 (L-asparagine),60
686,MNXM90774__64__MNXC3 (2 5 diamino 6 ribitylamino 4 3H pyrimidinone 5 phosphate),59
47,MNXM60__64__MNXC3 (hydrogencarbonate),59
200,MNXM145__64__MNXC3 (D-ribulose 5-phosphate),52
66,MNXM1107769__64__MNXC3 (L-histidine),51
57,"MNXM6960__64__MNXC3 (7,8-dihydropterin-6-ylmethyl-1-(4-aminophenyl)-1-deoxy-5-[1-A-D-ribofuranosyl 5&apos_-diphosphate]-D-ribitol)",47
322,MNXM735034__64__MNXC3 (Coenzyme ferredoxin 420-2 (oxidized)),46
277,MNXM728322__64__MNXC3 (5-carboxyamino-1-(5-phospho-D-ribosyl)imidazole),46
489,MNXM1103503__64__MNXC3 (Coenzyme F390 (adenosine)),38
10,MNXM9__64__MNXC3 (phosphate),36
490,MNXM1101263__64__MNXC3 (Coenzyme F390 (guanosine)),34
167,MNXM1104391__64__MNXC3 (4-amino-2-methyl-5-(phosphooxymethyl)pyrimidine),31
345,"MNXM1103755__64__MNXC3 (5,6,7,8-tetrahydromethanopterin)",25
193,MNXM4571__64__MNXC3 ((R)-dihomocitrate),25
650,MNXM1178__64__MNXC3 (5-amino-6-(5-phospho-D-ribitylamino)uracil),18
38,MNXM27__64__MNXC2 (Na(+)),16
342,MNXM1101285__64__MNXC3 (GMP),13
323,MNXM5686__64__MNXC3 (Coenzyme ferredoxin 420-3),12
535,MNXM5687__64__MNXC3 (Coenzyme ferredoxin 420-4),12
536,MNXM5688__64__MNXC3 (Coenzyme ferredoxin 420-5),12
537,MNXM5689__64__MNXC3 (Coenzyme ferredoxin 420-6),12
79,MNXM353__64__MNXC3 (L-homoserine),11
413,"MNXM740983__64__MNXC3 (alpha-D-ribose 1,5-bisphosphate)",11
611,"MNXM1106710__64__MNXC3 (D-Ribulose 1,5-bisphosphate)",10
23,MNXM731428__64__MNXC3 (sn-3-O-(geranylgeranyl)glycerol 1-phosphate),10
377,"MNXM732222__64__MNXC3 (7,8-didemethyl-8-hydroxy-5-deazariboflavin)",10
376,MNXM2126__64__MNXC3 ((2S)-lactyl-2-diphospho-5&apos_-guanosine),9
359,"MNXM728662__64__MNXC3 (6-hydroxymethyl-7,8-dihydropterin)",6
130,MNXM572__64__MNXC3 (dUDP),6
319,MNXM1106054__64__MNXC3 (oxidized coenzyme F420-0),6
321,MNXM732474__64__MNXC3 (Coenzyme ferredoxin 420-1),6
273,MNXM1094916__64__MNXC3 (2-formamido-N(1)-(5-O-phospho-beta-D-ribosyl)acetamidine),5
274,MNXM1105983__64__MNXC3 (5-amino-1-(5-phospho-beta-D-ribosyl)imidazole),4
370,MNXM132__64__MNXC3 (dimethylallyl diphosphate),4
606,MNXM100__64__MNXC3 ((2E)-geranyl diphosphate),4
525,"MNXM1103344__64__MNXC3 ((2E,6E)-farnesyl diphosphate)",4
196,MNXM5673__64__MNXC3 (cis-trihomoaconitic acid),4
271,"MNXM162740__64__MNXC3 (5-Formyl-5,6,7,8-tetrahydromethanopterin)",4
477,MNXM1107675__64__MNXC3 (1-aminopropan-2-ol),3
694,MNXM7196__64__MNXC3 (Coenzyme f430 precursor 3),2
149,MNXM730__64__MNXC3 (N-acetyl-L-glutamate),2
627,MNXM3883__64__MNXC3 (7-Mercaptoheptanoylthreonine),2
174,MNXM373__64__MNXC3 ((R)-4&apos_-phosphopantetheine),2
589,MNXM1104543__64__MNXC3 (3&apos_-dephospho-CoA),2
478,MNXM26__64__MNXC3 (acetate),2
111,MNXM159__64__MNXC3 (2-oxobutanoate),2
21,"MNXM728266__64__MNXC3 ((2E,6E,10E)-geranylgeranyl diphosphate)",2
305,"MNXM727068__64__MNXC3 ((7,8-dihydropterin-6-yl)methyl diphosphate)",2
103,MNXM399__64__MNXC3 (coenzyme M),2
693,MNXM7195__64__MNXC3 (Coenzyme F430 precursor 2),2
695,"MNXM6645__64__MNXC3 (15,17-seco-F430-17-acid)",1
388,MNXM738283__64__MNXC3 ((R)-5-phosphomevalonate),1
673,MNXM731166__64__MNXC2 (Cu(2+)),1
658,MNXM733186__64__MNXC2 (Cd(2+)),1
656,MNXM7191__64__MNXC3 (Cob(I)alamin-HBI),1
293,MNXM737340__64__MNXC3 (fumarate),1
462,MNXM741357__64__MNXC3 (Cobyrinate),1
448,MNXM735499__64__MNXC3 (Adenosyl cobyrinate diamide),1
328,MNXM731042__64__MNXC3 (L-Glutamyl-tRNA(Gln)),1
298,MNXM304__64__MNXC3 (biotin),1
581,MNXM1105760__64__MNXC3 (adenosine),1
110,MNXM738804__64__MNXC3 (L-methionine),1
180,MNXM1408__64__MNXC3 (5-[(5-phospho-1-deoxy-D-ribulos-1-ylimino)methylamino]-1-(5-phospho-beta-D-ribosyl)imidazole-4-carboxamide),1
144,MNXM138__64__MNXC3 (carbamoyl phosphate),1
601,MNXM1107753__64__MNXC3 (citrate),1
507,MNXM91919__64__MNXC3 (2-O-(3&apos_-hydroxy)geranyl-3-O-geranyl-sn-glycerol),1
505,MNXM91176__64__MNXC3 (Digeranylgeranylglyceryl phosphate),1
596,MNXM1104756__64__MNXC3 (cob(I)alamin),1
588,MNXM188__64__MNXC3 (anthranilate),1
203,MNXM7578__64__MNXC3 (N1-(alpha-D-ribosyl)-5-hydroxybenzimidazole),1
579,MNXM1101279__64__MNXC3 (adenosylcob(III)inamide-GDP),1
102,MNXM1106164__64__MNXC2 (L-lysine),1
510,"MNXM6779__64__MNXC3 (3,7-dideoxy-D-threo-hepto-2,6-diulosonate)",1
506,MNXM6809__64__MNXC3 (3-hydroxy-geranylgeranyl diphosphate),1
461,MNXM728587__64__MNXC3 (Cobalt-precorrin 8),1
453,"MNXM730300__64__MNXC3 (a 7,8-dihydroneopterin)",1
361,MNXM732487__64__MNXC3 (hypoxanthine),1
346,MNXM733232__64__MNXC3 ((S)-2-Hydroxyglutarate),1
55,"MNXM6963__64__MNXC3 (7,8-dihydropterin-6-ylmethyl-1-(4-aminophenyl)-1-deoxy-D-ribitol)",1
350,MNXM5819__64__MNXC3 (Methanophenazine (oxidized)),1
324,MNXM1104065__64__MNXC3 (alpha-D-glucosamine 6-phosphate),1
291,BIOMASS__64__MNXC3 (BIOMASS),1
241,MNXM1094294__64__MNXC3 (trimethylamine),1
242,MNXM796__64__MNXC3 (dimethylamine),1
