network_file,n_species,n_reactions,n_ercs,hierarchy_time,analysis_time,total_time,basic_synergies,maximal_synergies,fundamental_synergies,type1_complementarity,type2_complementarity,type3_complementarity,total_complementarity,synergy_efficiency,interaction_efficiency,total_productive,productivity_rate,synergy_density,complementarity_density,n_edges,hierarchy_density,avg_degree,n_levels,avg_level_size,max_level_size,level_variance,leaf_nodes,root_nodes,leaf_ratio,root_ratio,max_chain_length,hierarchy_depth_ratio,avg_branching,max_branching,n_cliques,avg_closure_size,ercs_per_species
RN_Ns_20_Norg_4_id_12.txt,20,42,4,0.0802152156829834,0.013235807418823242,0.09345102310180664,0,0,0,0,0,0,0,0.0,0.3333333333333333,0,0.0,0.0,0.0,3,0.5,1.5,1,4,4,0,0,0,0,0,0,0,0,0,1,0,0
RN_Ns_20_Norg_4_id_13.txt,20,40,21,0.06869816780090332,10.039775133132935,10.108473300933838,75,75,22,41,58,13,112,0.29333333333333333,0.5333333333333333,134,1.1964285714285714,1.0476190476190477,5.333333333333333,29,0.1380952380952381,2.761904761904762,1,21,21,0,0,0,0,0,0,0,0,0,1,0,0
RN_Ns_20_Norg_4_id_14.txt,20,34,13,0.037236928939819336,1.3401930332183838,1.3774299621582031,27,27,15,2,29,1,32,0.5555555555555556,0.6282051282051282,47,0.9591836734693877,1.1538461538461537,2.4615384615384617,17,0.21794871794871795,2.6153846153846154,1,13,13,0,0,0,0,0,0,0,0,0,1,0,0
RN_Ns_20_Norg_4_id_16.txt,20,42,9,0.07575774192810059,0.14497900009155273,0.22073674201965332,4,4,2,0,5,1,6,0.5,0.4722222222222222,8,0.47058823529411764,0.2222222222222222,0.6666666666666666,11,0.3055555555555556,2.4444444444444446,1,9,9,0,0,0,0,0,0,0,0,0,1,0,0
RN_Ns_20_Norg_4_id_17.txt,20,40,10,0.0975182056427002,0.7674472332000732,0.8649654388427734,14,14,7,9,6,5,20,0.5,0.4222222222222222,27,1.4210526315789473,0.7,2.0,15,0.3333333333333333,3.0,1,10,10,0,0,0,0,0,0,0,0,0,1,0,0
RN_Ns_20_Norg_4_id_18.txt,20,40,11,0.07929587364196777,0.35283660888671875,0.4321324825286865,8,8,2,8,8,3,19,0.25,0.4,21,0.9545454545454546,0.18181818181818182,1.7272727272727273,15,0.2727272727272727,2.727272727272727,1,11,11,0,0,0,0,0,0,0,0,0,1,0,0
RN_Ns_20_Norg_4_id_19.txt,20,36,15,0.05492234230041504,4.25876522064209,4.313687562942505,38,38,10,28,16,14,58,0.2631578947368421,0.4857142857142857,68,1.3333333333333333,0.6666666666666666,3.8666666666666667,20,0.19047619047619047,2.6666666666666665,1,15,15,0,0,0,0,0,0,0,0,0,1,0,0
RN_Ns_20_Norg_4_id_21.txt,19,36,23,0.08420348167419434,29.084396362304688,29.168599843978882,124,124,56,73,68,25,166,0.45161290322580644,0.6126482213438735,222,1.4322580645161291,2.4347826086956523,7.217391304347826,38,0.15019762845849802,3.3043478260869565,1,23,23,0,0,0,0,0,0,0,0,0,1,0,0
RN_Ns_20_Norg_5_id_20.txt,20,42,9,0.12251496315002441,0.05538439750671387,0.17789936065673828,0,0,0,0,7,0,7,0.0,0.3888888888888889,7,0.5,0.0,0.7777777777777778,10,0.2777777777777778,2.2222222222222223,1,9,9,0,0,0,0,0,0,0,0,0,1,0,0
RN_Ns_20_Norg_5_id_3.txt,20,40,8,0.11304926872253418,0.051587581634521484,0.16463685035705566,1,1,1,0,2,0,2,1.0,0.25,3,0.42857142857142855,0.125,0.25,9,0.32142857142857145,2.25,1,8,8,0,0,0,0,0,0,0,0,0,1,0,0
RN_Ns_20_Norg_5_id_7.txt,20,36,11,0.09246063232421875,0.09650063514709473,0.18896126747131348,4,4,2,0,7,1,8,0.5,0.21818181818181817,10,0.8333333333333334,0.18181818181818182,0.7272727272727273,14,0.2545454545454545,2.5454545454545454,1,11,11,0,0,0,0,0,0,0,0,0,1,0,0
RN_Ns_20_Norg_6_id_10.txt,20,36,13,0.06232333183288574,1.2355411052703857,1.2978644371032715,28,28,6,0,13,5,18,0.21428571428571427,0.6153846153846154,24,0.5,0.46153846153846156,1.3846153846153846,18,0.23076923076923078,2.769230769230769,1,13,13,0,0,0,0,0,0,0,0,0,1,0,0
RN_Ns_20_Norg_6_id_132.txt,20,40,13,0.07857441902160645,0.6308526992797852,0.7094271183013916,9,9,5,2,13,2,17,0.5555555555555556,0.47435897435897434,22,0.5945945945945946,0.38461538461538464,1.3076923076923077,16,0.20512820512820512,2.4615384615384617,1,13,13,0,0,0,0,0,0,0,0,0,1,0,0
RN_Ns_20_Norg_6_id_135.txt,20,40,7,0.0733027458190918,0.05858349800109863,0.13188624382019043,1,1,1,0,4,0,4,1.0,0.38095238095238093,5,0.625,0.14285714285714285,0.5714285714285714,8,0.38095238095238093,2.2857142857142856,1,7,7,0,0,0,0,0,0,0,0,0,1,0,0
RN_Ns_20_Norg_6_id_136.txt,20,29,16,0.03567838668823242,0.5166029930114746,0.552281379699707,7,7,4,4,22,1,27,0.5714285714285714,0.4166666666666667,31,0.62,0.25,1.6875,23,0.19166666666666668,2.875,1,16,16,0,0,0,0,0,0,0,0,0,1,0,0
RN_Ns_20_Norg_6_id_137.txt,20,35,13,0.0688929557800293,0.26401829719543457,0.33291125297546387,5,5,2,3,16,1,20,0.4,0.3333333333333333,22,0.8461538461538461,0.15384615384615385,1.5384615384615385,21,0.2692307692307692,3.230769230769231,1,13,13,0,0,0,0,0,0,0,0,0,1,0,0
RN_Ns_20_Norg_6_id_139.txt,20,35,15,0.09078359603881836,0.7271244525909424,0.8179080486297607,13,13,7,0,17,2,19,0.5384615384615384,0.3619047619047619,26,0.6842105263157895,0.4666666666666667,1.2666666666666666,22,0.20952380952380953,2.933333333333333,1,15,15,0,0,0,0,0,0,0,0,0,1,0,0
RN_Ns_20_Norg_6_id_141.txt,20,30,13,0.05375361442565918,1.4287583827972412,1.4825119972229004,19,19,10,14,19,9,42,0.5263157894736842,0.5769230769230769,52,1.1555555555555554,0.7692307692307693,3.230769230769231,13,0.16666666666666666,2.0,1,13,13,0,0,0,0,0,0,0,0,0,1,0,0
RN_Ns_20_Norg_6_id_142.txt,20,34,21,0.05163073539733887,5.004881858825684,5.0565125942230225,57,51,12,33,46,7,86,0.21052631578947367,0.48095238095238096,98,0.9702970297029703,0.5714285714285714,4.095238095238095,33,0.15714285714285714,3.142857142857143,1,21,21,0,0,0,0,0,0,0,0,0,1,0,0
RN_Ns_20_Norg_6_id_145.txt,20,30,7,0.0497441291809082,0.02061152458190918,0.07035565376281738,0,0,0,0,1,0,1,0.0,0.23809523809523808,1,0.2,0.0,0.14285714285714285,6,0.2857142857142857,1.7142857142857142,1,7,7,0,0,0,0,0,0,0,0,0,1,0,0
RN_Ns_20_Norg_6_id_146.txt,20,31,21,0.03724360466003418,24.93266272544861,24.969906330108643,126,124,39,67,54,13,134,0.30952380952380953,0.6428571428571429,173,1.2814814814814814,1.8571428571428572,6.380952380952381,30,0.14285714285714285,2.857142857142857,1,21,21,0,0,0,0,0,0,0,0,0,1,0,0
RN_Ns_20_Norg_6_id_147.txt,20,31,19,0.06157183647155762,2.3885629177093506,2.450134754180908,29,29,8,27,18,10,55,0.27586206896551724,0.391812865497076,63,0.9402985074626866,0.42105263157894735,2.8947368421052633,25,0.14619883040935672,2.6315789473684212,1,19,19,0,0,0,0,0,0,0,0,0,1,0,0
RN_Ns_20_Norg_6_id_148.txt,20,33,7,0.057549476623535156,0.048529624938964844,0.1060791015625,2,2,1,1,2,1,4,0.5,0.2857142857142857,5,0.8333333333333334,0.14285714285714285,0.5714285714285714,7,0.3333333333333333,2.0,1,7,7,0,0,0,0,0,0,0,0,0,1,0,0
RN_Ns_20_Norg_6_id_150.txt,20,28,17,0.041578054428100586,3.2514734268188477,3.2930514812469482,65,63,11,27,38,9,74,0.16923076923076924,0.625,85,1.0,0.6470588235294118,4.352941176470588,18,0.1323529411764706,2.1176470588235294,1,17,17,0,0,0,0,0,0,0,0,0,1,0,0
RN_Ns_20_Norg_6_id_153.txt,20,31,13,0.04378056526184082,0.4812631607055664,0.5250437259674072,10,10,4,9,8,2,19,0.4,0.38461538461538464,23,0.7666666666666667,0.3076923076923077,1.4615384615384615,16,0.20512820512820512,2.4615384615384617,1,13,13,0,0,0,0,0,0,0,0,0,1,0,0
RN_Ns_20_Norg_6_id_154.txt,20,32,14,0.05185508728027344,0.45386481285095215,0.5057199001312256,12,12,4,3,22,1,26,0.3333333333333333,0.45054945054945056,30,0.7317073170731707,0.2857142857142857,1.8571428571428572,18,0.1978021978021978,2.5714285714285716,1,14,14,0,0,0,0,0,0,0,0,0,1,0,0
RN_Ns_20_Norg_6_id_155.txt,20,33,14,0.05832386016845703,2.373187780380249,2.431511640548706,30,30,8,18,3,10,31,0.26666666666666666,0.4175824175824176,39,1.0263157894736843,0.5714285714285714,2.2142857142857144,19,0.2087912087912088,2.7142857142857144,1,14,14,0,0,0,0,0,0,0,0,0,1,0,0
RN_Ns_20_Norg_6_id_157.txt,20,36,6,0.06787443161010742,0.08687019348144531,0.15474462509155273,2,2,1,2,0,0,2,0.5,0.4,3,0.5,0.16666666666666666,0.3333333333333333,6,0.4,2.0,1,6,6,0,0,0,0,0,0,0,0,0,1,0,0
RN_Ns_20_Norg_6_id_159.txt,19,30,7,0.05428051948547363,0.041779518127441406,0.09606003761291504,0,0,0,0,3,0,3,0.0,0.42857142857142855,3,0.3333333333333333,0.0,0.42857142857142855,8,0.38095238095238093,2.2857142857142856,1,7,7,0,0,0,0,0,0,0,0,0,1,0,0
RN_Ns_20_Norg_6_id_161.txt,20,34,21,0.046834707260131836,30.998894929885864,31.045729637145996,182,182,85,47,46,18,111,0.46703296703296704,0.6142857142857143,196,1.5193798449612403,4.0476190476190474,5.285714285714286,34,0.1619047619047619,3.238095238095238,1,21,21,0,0,0,0,0,0,0,0,0,1,0,0
RN_Ns_20_Norg_6_id_162.txt,20,32,14,0.0529026985168457,1.8899867534637451,1.9428894519805908,26,26,13,22,24,13,59,0.5,0.6263736263736264,72,1.263157894736842,0.9285714285714286,4.214285714285714,17,0.18681318681318682,2.4285714285714284,1,14,14,0,0,0,0,0,0,0,0,0,1,0,0
RN_Ns_20_Norg_6_id_164.txt,19,34,9,0.056206703186035156,0.04183244705200195,0.09803915023803711,0,0,0,0,3,0,3,0.0,0.3888888888888889,3,0.21428571428571427,0.0,0.3333333333333333,12,0.3333333333333333,2.6666666666666665,1,9,9,0,0,0,0,0,0,0,0,0,1,0,0
RN_Ns_20_Norg_6_id_166.txt,20,34,8,0.06134939193725586,0.0845947265625,0.14594411849975586,4,4,1,1,6,0,7,0.25,0.4642857142857143,8,0.6153846153846154,0.125,0.875,9,0.32142857142857145,2.25,1,8,8,0,0,0,0,0,0,0,0,0,1,0,0
RN_Ns_20_Norg_6_id_9.txt,20,34,17,0.046866416931152344,3.0338714122772217,3.080737829208374,34,34,12,18,16,7,41,0.35294117647058826,0.39705882352941174,53,0.9814814814814815,0.7058823529411765,2.411764705882353,23,0.16911764705882354,2.7058823529411766,1,17,17,0,0,0,0,0,0,0,0,0,1,0,0
RN_Ns_20_Norg_7_id_133.txt,20,40,22,0.05379629135131836,36.32035183906555,36.37414813041687,126,121,64,92,30,25,147,0.5079365079365079,0.6753246753246753,211,1.3525641025641026,2.909090909090909,6.681818181818182,25,0.10822510822510822,2.272727272727273,1,22,22,0,0,0,0,0,0,0,0,0,1,0,0
RN_Ns_20_Norg_7_id_134.txt,20,38,12,0.1641547679901123,0.3797018527984619,0.5438566207885742,4,4,3,3,5,1,9,0.75,0.30303030303030304,12,0.6,0.25,0.75,15,0.22727272727272727,2.5,1,12,12,0,0,0,0,0,0,0,0,0,1,0,0
RN_Ns_20_Norg_7_id_143.txt,20,32,12,0.06938624382019043,0.8897960186004639,0.9591822624206543,16,16,8,4,5,10,19,0.5,0.36363636363636365,27,1.125,0.6666666666666666,1.5833333333333333,14,0.21212121212121213,2.3333333333333335,1,12,12,0,0,0,0,0,0,0,0,0,1,0,0
RN_Ns_20_Norg_7_id_144.txt,20,32,12,0.09079957008361816,0.7683999538421631,0.8591995239257812,12,12,6,3,8,2,13,0.5,0.4696969696969697,19,0.6129032258064516,0.5,1.0833333333333333,17,0.25757575757575757,2.8333333333333335,1,12,12,0,0,0,0,0,0,0,0,0,1,0,0
RN_Ns_20_Norg_7_id_156.txt,20,38,12,0.07553887367248535,0.14594650268554688,0.22148537635803223,4,4,3,1,1,1,3,0.75,0.15151515151515152,6,0.6,0.25,0.25,14,0.21212121212121213,2.3333333333333335,1,12,12,0,0,0,0,0,0,0,0,0,1,0,0
RN_Ns_20_Norg_7_id_158.txt,20,35,12,0.07746362686157227,0.7116260528564453,0.7890896797180176,13,13,7,12,14,0,26,0.5384615384615384,0.5606060606060606,33,0.8918918918918919,0.5833333333333334,2.1666666666666665,12,0.18181818181818182,2.0,1,12,12,0,0,0,0,0,0,0,0,0,1,0,0
RN_Ns_20_Norg_7_id_160.txt,20,30,10,0.06114816665649414,0.1061105728149414,0.16725873947143555,3,3,1,0,0,1,1,0.3333333333333333,0.26666666666666666,2,0.16666666666666666,0.1,0.1,12,0.26666666666666666,2.4,1,10,10,0,0,0,0,0,0,0,0,0,1,0,0
RN_Ns_20_Norg_8_id_138.txt,20,30,13,0.08158135414123535,0.3236401081085205,0.40522146224975586,4,4,1,3,20,0,23,0.25,0.5512820512820513,24,0.5581395348837209,0.07692307692307693,1.7692307692307692,16,0.20512820512820512,2.4615384615384617,1,13,13,0,0,0,0,0,0,0,0,0,1,0,0
RN_Ns_20_Norg_8_id_140.txt,20,39,4,0.09655165672302246,0.019096851348876953,0.11564850807189941,0,0,0,0,0,0,0,0.0,0.5,0,0.0,0.0,0.0,3,0.5,1.5,1,4,4,0,0,0,0,0,0,0,0,0,1,0,0
RN_Ns_20_Norg_8_id_149.txt,20,32,15,0.05307412147521973,0.7471415996551514,0.8002157211303711,14,14,7,9,2,7,18,0.5,0.3523809523809524,25,0.6756756756756757,0.4666666666666667,1.2,19,0.18095238095238095,2.533333333333333,1,15,15,0,0,0,0,0,0,0,0,0,1,0,0
RN_Ns_20_Norg_8_id_15.txt,20,38,16,0.06709527969360352,0.590733528137207,0.6578288078308105,11,11,3,8,12,0,20,0.2727272727272727,0.35,23,0.5476190476190477,0.1875,1.25,22,0.18333333333333332,2.75,1,16,16,0,0,0,0,0,0,0,0,0,1,0,0
RN_Ns_20_Norg_8_id_151.txt,20,32,7,0.049498796463012695,0.05515003204345703,0.10464882850646973,0,0,0,0,0,0,0,0.0,0.5238095238095238,0,0.0,0.0,0.0,7,0.3333333333333333,2.0,1,7,7,0,0,0,0,0,0,0,0,0,1,0,0
RN_Ns_20_Norg_8_id_152.txt,20,29,13,0.04752373695373535,0.8675408363342285,0.9150645732879639,17,17,6,7,17,2,26,0.35294117647058826,0.5384615384615384,32,0.7619047619047619,0.46153846153846156,2.0,19,0.24358974358974358,2.923076923076923,1,13,13,0,0,0,0,0,0,0,0,0,1,0,0
RN_Ns_20_Norg_8_id_163.txt,20,33,15,0.060651302337646484,1.577071189880371,1.6377224922180176,25,25,12,20,11,1,32,0.48,0.4380952380952381,44,0.9565217391304348,0.8,2.1333333333333333,19,0.18095238095238095,2.533333333333333,1,15,15,0,0,0,0,0,0,0,0,0,1,0,0
RN_Ns_20_Norg_8_id_165.txt,20,33,11,0.04513359069824219,0.14647293090820312,0.1916065216064453,3,3,2,1,10,0,11,0.6666666666666666,0.43636363636363634,13,0.5416666666666666,0.18181818181818182,1.0,14,0.2545454545454545,2.5454545454545454,1,11,11,0,0,0,0,0,0,0,0,0,1,0,0
RN_Ns_20_Norg_9_id_4.txt,20,36,13,0.06785821914672852,2.03251314163208,2.1003713607788086,19,19,8,18,11,10,39,0.42105263157894735,0.5512820512820513,47,1.0930232558139534,0.6153846153846154,3.0,14,0.1794871794871795,2.1538461538461537,1,13,13,0,0,0,0,0,0,0,0,0,1,0,0
RN_Ns_25_Norg_12_id_123.txt,24,36,15,0.060159921646118164,2.1221530437469482,2.1823129653930664,28,28,9,20,13,6,39,0.32142857142857145,0.5428571428571428,48,0.8421052631578947,0.6,2.6,19,0.18095238095238095,2.533333333333333,1,15,15,0,0,0,0,0,0,0,0,0,1,0,0
RN_Ns_25_Norg_12_id_193.txt,25,37,15,0.056433677673339844,1.7728908061981201,1.82932448387146,30,30,12,18,29,2,49,0.4,0.6857142857142857,61,0.8472222222222222,0.8,3.2666666666666666,18,0.17142857142857143,2.4,1,15,15,0,0,0,0,0,0,0,0,0,1,0,0
RN_Ns_25_Norg_14_id_206.txt,25,37,26,0.04400134086608887,28.266128540039062,28.31012988090515,120,120,22,115,80,11,206,0.18333333333333332,0.7046153846153846,228,0.9956331877729258,0.8461538461538461,7.923076923076923,31,0.09538461538461539,2.3846153846153846,1,26,26,0,0,0,0,0,0,0,0,0,1,0,0
RN_Ns_25_Norg_17_id_174.txt,25,36,22,0.05741167068481445,7.800340175628662,7.857751846313477,65,65,18,68,42,15,125,0.27692307692307694,0.5800865800865801,143,1.0671641791044777,0.8181818181818182,5.681818181818182,30,0.12987012987012986,2.727272727272727,1,22,22,0,0,0,0,0,0,0,0,0,1,0,0
RN_Ns_25_Norg_6_id_172.txt,25,40,13,0.09787917137145996,0.2721130847930908,0.3699922561645508,5,5,3,3,5,1,9,0.6,0.3076923076923077,12,0.5,0.23076923076923078,0.6923076923076923,15,0.19230769230769232,2.3076923076923075,1,13,13,0,0,0,0,0,0,0,0,0,1,0,0
RN_Ns_25_Norg_6_id_176.txt,25,40,11,0.09964179992675781,0.10394287109375,0.2035846710205078,0,0,0,0,7,0,7,0.0,0.34545454545454546,7,0.3684210526315789,0.0,0.6363636363636364,12,0.21818181818181817,2.1818181818181817,1,11,11,0,0,0,0,0,0,0,0,0,1,0,0
RN_Ns_25_Norg_6_id_177.txt,25,38,15,0.07761216163635254,1.610471248626709,1.6880834102630615,24,24,12,21,23,9,53,0.5,0.5714285714285714,65,1.0833333333333333,0.8,3.533333333333333,16,0.1523809523809524,2.1333333333333333,1,15,15,0,0,0,0,0,0,0,0,0,1,0,0
RN_Ns_25_Norg_6_id_178.txt,25,40,18,0.06457877159118652,4.444544315338135,4.509123086929321,51,51,12,33,37,3,73,0.23529411764705882,0.5490196078431373,85,1.0119047619047619,0.6666666666666666,4.055555555555555,25,0.16339869281045752,2.7777777777777777,1,18,18,0,0,0,0,0,0,0,0,0,1,0,0
RN_Ns_25_Norg_6_id_179.txt,24,36,18,0.07823324203491211,3.412902593612671,3.491135835647583,38,38,8,24,28,20,72,0.21052631578947367,0.47058823529411764,80,1.1111111111111112,0.4444444444444444,4.0,23,0.1503267973856209,2.5555555555555554,1,18,18,0,0,0,0,0,0,0,0,0,1,0,0
RN_Ns_25_Norg_6_id_183.txt,25,39,13,0.0851297378540039,0.35144591331481934,0.43657565116882324,7,7,5,8,21,0,29,0.7142857142857143,0.46153846153846156,34,0.9444444444444444,0.38461538461538464,2.230769230769231,19,0.24358974358974358,2.923076923076923,1,13,13,0,0,0,0,0,0,0,0,0,1,0,0
RN_Ns_25_Norg_6_id_184.txt,24,35,12,0.061631202697753906,0.5764310359954834,0.6380622386932373,8,8,7,7,15,3,25,0.875,0.5151515151515151,32,0.9411764705882353,0.5833333333333334,2.0833333333333335,13,0.19696969696969696,2.1666666666666665,1,12,12,0,0,0,0,0,0,0,0,0,1,0,0
RN_Ns_25_Norg_6_id_185.txt,24,35,15,0.05606532096862793,3.1159446239471436,3.1720099449157715,29,29,13,22,23,7,52,0.4482758620689655,0.5619047619047619,65,1.1016949152542372,0.8666666666666667,3.466666666666667,18,0.17142857142857143,2.4,1,15,15,0,0,0,0,0,0,0,0,0,1,0,0
RN_Ns_25_Norg_6_id_186.txt,24,37,16,0.055474281311035156,2.8013155460357666,2.8567898273468018,44,44,15,27,33,6,66,0.3409090909090909,0.5916666666666667,81,1.1408450704225352,0.9375,4.125,22,0.18333333333333332,2.75,1,16,16,0,0,0,0,0,0,0,0,0,1,0,0
RN_Ns_25_Norg_6_id_188.txt,25,35,24,0.036980390548706055,14.219425678253174,14.25640606880188,113,113,30,62,93,9,164,0.26548672566371684,0.6847826086956522,194,1.0264550264550265,1.25,6.833333333333333,37,0.13405797101449277,3.0833333333333335,1,24,24,0,0,0,0,0,0,0,0,0,1,0,0
RN_Ns_25_Norg_6_id_191.txt,24,35,19,0.05879998207092285,2.0086143016815186,2.0674142837524414,21,21,10,11,43,5,59,0.47619047619047616,0.4502923976608187,69,0.8961038961038961,0.5263157894736842,3.1052631578947367,23,0.13450292397660818,2.4210526315789473,1,19,19,0,0,0,0,0,0,0,0,0,1,0,0
RN_Ns_25_Norg_6_id_192.txt,25,42,17,0.10351037979125977,1.4791834354400635,1.5826938152313232,14,14,8,16,22,3,41,0.5714285714285714,0.39705882352941174,49,0.9074074074074074,0.47058823529411764,2.411764705882353,22,0.16176470588235295,2.588235294117647,1,17,17,0,0,0,0,0,0,0,0,0,1,0,0
RN_Ns_25_Norg_6_id_194.txt,25,41,24,0.06862258911132812,88.57313847541809,88.64176106452942,353,353,104,94,52,23,169,0.29461756373937675,0.5869565217391305,273,1.6851851851851851,4.333333333333333,7.041666666666667,38,0.13768115942028986,3.1666666666666665,1,24,24,0,0,0,0,0,0,0,0,0,1,0,0
RN_Ns_25_Norg_6_id_195.txt,25,40,12,0.10649538040161133,0.6853861808776855,0.7918815612792969,12,12,6,1,12,0,13,0.5,0.5151515151515151,19,0.5588235294117647,0.5,1.0833333333333333,15,0.22727272727272727,2.5,1,12,12,0,0,0,0,0,0,0,0,0,1,0,0
RN_Ns_25_Norg_6_id_198.txt,25,38,16,0.06656908988952637,4.560387849807739,4.626956939697266,63,63,21,19,24,11,54,0.3333333333333333,0.625,75,1.0,1.3125,3.375,22,0.18333333333333332,2.75,1,16,16,0,0,0,0,0,0,0,0,0,1,0,0
RN_Ns_25_Norg_6_id_200.txt,25,36,13,0.07660388946533203,0.8314361572265625,0.9080400466918945,18,18,8,11,24,0,35,0.4444444444444444,0.5384615384615384,43,1.0238095238095237,0.6153846153846154,2.6923076923076925,15,0.19230769230769232,2.3076923076923075,1,13,13,0,0,0,0,0,0,0,0,0,1,0,0
RN_Ns_25_Norg_6_id_201.txt,25,37,27,0.060266733169555664,34.34363055229187,34.403897285461426,172,172,39,62,122,23,207,0.22674418604651161,0.6695156695156695,246,1.0468085106382978,1.4444444444444444,7.666666666666667,41,0.1168091168091168,3.037037037037037,1,27,27,0,0,0,0,0,0,0,0,0,1,0,0
RN_Ns_25_Norg_6_id_202.txt,25,42,10,0.11106109619140625,0.052316904067993164,0.16337800025939941,0,0,0,0,0,0,0,0.0,0.2,0,0.0,0.0,0.0,11,0.24444444444444444,2.2,1,10,10,0,0,0,0,0,0,0,0,0,1,0,0
RN_Ns_25_Norg_6_id_204.txt,25,35,15,0.05791425704956055,0.5699121952056885,0.627826452255249,8,8,4,4,41,0,45,0.5,0.5523809523809524,49,0.8448275862068966,0.26666666666666666,3.0,17,0.1619047619047619,2.2666666666666666,1,15,15,0,0,0,0,0,0,0,0,0,1,0,0
RN_Ns_25_Norg_6_id_207.txt,25,39,9,0.0809779167175293,0.14564990997314453,0.22662782669067383,1,1,1,1,11,1,13,1.0,0.6111111111111112,14,0.6363636363636364,0.1111111111111111,1.4444444444444444,9,0.25,2.0,1,9,9,0,0,0,0,0,0,0,0,0,1,0,0
RN_Ns_25_Norg_6_id_209.txt,25,40,15,0.0915529727935791,0.37916135787963867,0.4707143306732178,7,7,3,2,16,0,18,0.42857142857142855,0.34285714285714286,21,0.5833333333333334,0.2,1.2,18,0.17142857142857143,2.4,1,15,15,0,0,0,0,0,0,0,0,0,1,0,0
RN_Ns_25_Norg_6_id_210.txt,25,37,26,0.050350189208984375,42.04002857208252,42.090378761291504,186,186,53,104,63,22,189,0.2849462365591398,0.6276923076923077,242,1.1862745098039216,2.0384615384615383,7.269230769230769,37,0.11384615384615385,2.8461538461538463,1,26,26,0,0,0,0,0,0,0,0,0,1,0,0
RN_Ns_25_Norg_6_id_211.txt,24,38,16,0.06069159507751465,0.8118669986724854,0.87255859375,12,12,4,0,33,5,38,0.3333333333333333,0.5916666666666667,42,0.5915492957746479,0.25,2.375,22,0.18333333333333332,2.75,1,16,16,0,0,0,0,0,0,0,0,0,1,0,0
RN_Ns_25_Norg_7_id_114.txt,25,38,11,0.08860492706298828,0.17048931121826172,0.25909423828125,6,6,1,4,4,0,8,0.16666666666666666,0.4,9,0.4090909090909091,0.09090909090909091,0.7272727272727273,13,0.23636363636363636,2.3636363636363638,1,11,11,0,0,0,0,0,0,0,0,0,1,0,0
RN_Ns_25_Norg_7_id_117.txt,25,44,20,0.08232283592224121,3.8250248432159424,3.9073476791381836,39,39,16,15,44,5,64,0.41025641025641024,0.4421052631578947,80,0.9523809523809523,0.8,3.2,27,0.14210526315789473,2.7,1,20,20,0,0,0,0,0,0,0,0,0,1,0,0
RN_Ns_25_Norg_7_id_131.txt,24,42,12,0.10022234916687012,0.16460514068603516,0.2648274898529053,1,1,1,1,12,0,13,1.0,0.36363636363636365,14,0.5833333333333334,0.08333333333333333,1.0833333333333333,15,0.22727272727272727,2.5,1,12,12,0,0,0,0,0,0,0,0,0,1,0,0
RN_Ns_25_Norg_7_id_169.txt,25,37,12,0.07556295394897461,1.0436561107635498,1.1192190647125244,16,16,12,19,14,1,34,0.75,0.5757575757575758,46,1.2105263157894737,1.0,2.8333333333333335,14,0.21212121212121213,2.3333333333333335,1,12,12,0,0,0,0,0,0,0,0,0,1,0,0
RN_Ns_25_Norg_7_id_182.txt,25,40,20,0.06830239295959473,4.166273593902588,4.234575986862183,69,69,15,48,6,33,87,0.21739130434782608,0.42105263157894735,102,1.275,0.75,4.35,28,0.14736842105263157,2.8,1,20,20,0,0,0,0,0,0,0,0,0,1,0,0
RN_Ns_25_Norg_7_id_190.txt,25,38,19,0.053453922271728516,5.02662467956543,5.080078601837158,41,41,14,22,39,11,72,0.34146341463414637,0.6023391812865497,86,0.8349514563106796,0.7368421052631579,3.789473684210526,23,0.13450292397660818,2.4210526315789473,1,19,19,0,0,0,0,0,0,0,0,0,1,0,0
RN_Ns_25_Norg_7_id_197.txt,25,37,10,0.09379386901855469,0.33290910720825195,0.42670297622680664,5,5,3,5,8,2,15,0.6,0.4888888888888889,18,0.8181818181818182,0.3,1.5,14,0.3111111111111111,2.8,1,10,10,0,0,0,0,0,0,0,0,0,1,0,0
RN_Ns_25_Norg_7_id_199.txt,25,39,16,0.10380721092224121,0.6749250888824463,0.7787322998046875,12,12,6,5,6,4,15,0.5,0.275,21,0.6363636363636364,0.375,0.9375,19,0.15833333333333333,2.375,1,16,16,0,0,0,0,0,0,0,0,0,1,0,0
RN_Ns_25_Norg_7_id_208.txt,25,37,22,0.0544435977935791,10.287954807281494,10.342398405075073,79,79,21,27,50,17,94,0.26582278481012656,0.4805194805194805,115,1.0360360360360361,0.9545454545454546,4.2727272727272725,31,0.1341991341991342,2.8181818181818183,1,22,22,0,0,0,0,0,0,0,0,0,1,0,0
RN_Ns_25_Norg_8_id_116.txt,25,36,8,0.09204816818237305,0.2061936855316162,0.29824185371398926,3,3,3,3,3,2,8,1.0,0.42857142857142855,11,0.9166666666666666,0.375,1.0,10,0.35714285714285715,2.5,1,8,8,0,0,0,0,0,0,0,0,0,1,0,0
RN_Ns_25_Norg_8_id_171.txt,25,37,7,0.10458683967590332,0.0872199535369873,0.19180679321289062,1,1,1,0,0,0,0,1.0,0.5714285714285714,1,0.08333333333333333,0.14285714285714285,0.0,7,0.3333333333333333,2.0,1,7,7,0,0,0,0,0,0,0,0,0,1,0,0
RN_Ns_25_Norg_8_id_173.txt,25,37,6,0.07388949394226074,0.025025367736816406,0.09891486167907715,0,0,0,0,0,0,0,0.0,0.3333333333333333,0,0.0,0.0,0.0,6,0.4,2.0,1,6,6,0,0,0,0,0,0,0,0,0,1,0,0
RN_Ns_25_Norg_8_id_175.txt,25,37,24,0.03202509880065918,50.28345966339111,50.31548476219177,181,178,58,85,92,25,202,0.32044198895027626,0.7355072463768116,260,1.2807881773399015,2.4166666666666665,8.416666666666666,39,0.14130434782608695,3.25,1,24,24,0,0,0,0,0,0,0,0,0,1,0,0
RN_Ns_25_Norg_8_id_180.txt,25,36,19,0.06710219383239746,3.1159658432006836,3.183068037033081,39,39,13,11,30,6,47,0.3333333333333333,0.4502923976608187,60,0.7792207792207793,0.6842105263157895,2.473684210526316,25,0.14619883040935672,2.6315789473684212,1,19,19,0,0,0,0,0,0,0,0,0,1,0,0
RN_Ns_25_Norg_8_id_181.txt,24,38,12,0.06282496452331543,0.41674375534057617,0.4795687198638916,3,3,2,0,21,2,23,0.6666666666666666,0.696969696969697,25,0.5434782608695652,0.16666666666666666,1.9166666666666667,15,0.22727272727272727,2.5,1,12,12,0,0,0,0,0,0,0,0,0,1,0,0
RN_Ns_25_Norg_8_id_187.txt,25,42,21,0.058022260665893555,4.188887357711792,4.2469096183776855,48,48,14,22,62,7,91,0.2916666666666667,0.5,105,1.0,0.6666666666666666,4.333333333333333,36,0.17142857142857143,3.4285714285714284,1,21,21,0,0,0,0,0,0,0,0,0,1,0,0
RN_Ns_25_Norg_8_id_189.txt,25,43,8,0.10549473762512207,0.16866135597229004,0.2741560935974121,3,3,2,2,4,0,6,0.6666666666666666,0.6071428571428571,8,0.47058823529411764,0.25,0.75,8,0.2857142857142857,2.0,1,8,8,0,0,0,0,0,0,0,0,0,1,0,0
RN_Ns_25_Norg_8_id_196.txt,25,39,7,0.0836336612701416,0.06805825233459473,0.15169191360473633,0,0,0,0,4,0,4,0.0,0.6190476190476191,4,0.3076923076923077,0.0,0.5714285714285714,7,0.3333333333333333,2.0,1,7,7,0,0,0,0,0,0,0,0,0,1,0,0
RN_Ns_25_Norg_8_id_203.txt,24,35,13,0.07127141952514648,0.8496747016906738,0.9209461212158203,11,11,8,4,10,1,15,0.7272727272727273,0.5,23,0.5897435897435898,0.6153846153846154,1.1538461538461537,15,0.19230769230769232,2.3076923076923075,1,13,13,0,0,0,0,0,0,0,0,0,1,0,0
RN_Ns_25_Norg_8_id_205.txt,24,40,22,0.05058789253234863,11.831145763397217,11.881733655929565,85,85,26,53,61,28,142,0.3058823529411765,0.70995670995671,168,1.024390243902439,1.1818181818181819,6.454545454545454,28,0.12121212121212122,2.5454545454545454,1,22,22,0,0,0,0,0,0,0,0,0,1,0,0
RN_Ns_25_Norg_8_id_212.txt,24,36,24,0.04710054397583008,15.640638828277588,15.687739372253418,116,116,20,47,64,18,129,0.1724137931034483,0.5688405797101449,149,0.9490445859872612,0.8333333333333334,5.375,33,0.11956521739130435,2.75,1,24,24,0,0,0,0,0,0,0,0,0,1,0,0
RN_Ns_25_Norg_9_id_120.txt,24,36,16,0.06591129302978516,1.9925923347473145,2.0585036277770996,27,27,8,14,17,8,39,0.2962962962962963,0.5083333333333333,47,0.7704918032786885,0.5,2.4375,23,0.19166666666666668,2.875,1,16,16,0,0,0,0,0,0,0,0,0,1,0,0
RN_Ns_25_Norg_9_id_130.txt,25,36,14,0.07095885276794434,3.6172430515289307,3.688201904296875,35,35,12,33,9,8,50,0.34285714285714286,0.5274725274725275,62,1.2916666666666667,0.8571428571428571,3.5714285714285716,15,0.16483516483516483,2.142857142857143,1,14,14,0,0,0,0,0,0,0,0,0,1,0,0
RN_Ns_30_Norg_10_id_1.txt,30,42,30,0.03281116485595703,85.2394208908081,85.27223205566406,266,266,116,104,162,30,296,0.43609022556390975,0.8091954022988506,412,1.1704545454545454,3.8666666666666667,9.866666666666667,45,0.10344827586206896,3.0,1,30,30,0,0,0,0,0,0,0,0,0,1,0,0
RN_Ns_30_Norg_10_id_245.txt,30,45,21,0.10082340240478516,7.956974506378174,8.057797908782959,64,64,14,32,72,13,117,0.21875,0.6666666666666666,131,0.9357142857142857,0.6666666666666666,5.571428571428571,32,0.1523809523809524,3.0476190476190474,1,21,21,0,0,0,0,0,0,0,0,0,1,0,0
RN_Ns_30_Norg_10_id_282.txt,30,48,21,0.10893678665161133,10.38407015800476,10.493006944656372,53,53,17,30,50,19,99,0.32075471698113206,0.5857142857142857,116,0.943089430894309,0.8095238095238095,4.714285714285714,27,0.12857142857142856,2.5714285714285716,1,21,21,0,0,0,0,0,0,0,0,0,1,0,0
RN_Ns_30_Norg_10_id_287.txt,30,43,23,0.05926680564880371,47.33037757873535,47.389644384384155,201,193,79,79,85,22,186,0.39303482587064675,0.7628458498023716,265,1.3730569948186528,3.4347826086956523,8.08695652173913,33,0.13043478260869565,2.869565217391304,1,23,23,0,0,0,0,0,0,0,0,0,1,0,0
RN_Ns_30_Norg_11_id_226.txt,29,44,29,0.06757354736328125,62.1673264503479,62.23489999771118,226,226,61,36,112,48,196,0.26991150442477874,0.6354679802955665,257,0.9961240310077519,2.103448275862069,6.758620689655173,41,0.10098522167487685,2.8275862068965516,1,29,29,0,0,0,0,0,0,0,0,0,1,0,0
RN_Ns_30_Norg_11_id_262.txt,30,43,34,0.047267913818359375,150.3650724887848,150.41234040260315,375,371,91,193,166,56,415,0.24266666666666667,0.7308377896613191,506,1.2341463414634146,2.676470588235294,12.205882352941176,53,0.0944741532976827,3.1176470588235294,1,34,34,0,0,0,0,0,0,0,0,0,1,0,0
RN_Ns_30_Norg_11_id_276.txt,30,43,16,0.10135102272033691,2.0726754665374756,2.1740264892578125,20,20,9,20,36,0,56,0.45,0.5333333333333333,65,1.015625,0.5625,3.5,22,0.18333333333333332,2.75,1,16,16,0,0,0,0,0,0,0,0,0,1,0,0
RN_Ns_30_Norg_12_id_233.txt,29,42,20,0.09485840797424316,10.940077781677246,11.03493618965149,74,74,25,26,66,6,98,0.33783783783783783,0.6578947368421053,123,0.984,1.25,4.9,28,0.14736842105263157,2.8,1,20,20,0,0,0,0,0,0,0,0,0,1,0,0
RN_Ns_30_Norg_12_id_247.txt,29,43,18,0.0774545669555664,1.1981844902038574,1.2756390571594238,13,13,5,21,15,1,37,0.38461538461538464,0.39869281045751637,42,0.6885245901639344,0.2777777777777778,2.0555555555555554,24,0.1568627450980392,2.6666666666666665,1,18,18,0,0,0,0,0,0,0,0,0,1,0,0
RN_Ns_30_Norg_12_id_254.txt,30,44,21,0.07510876655578613,4.272083282470703,4.347192049026489,38,38,9,11,50,8,69,0.23684210526315788,0.5571428571428572,78,0.6666666666666666,0.42857142857142855,3.2857142857142856,29,0.1380952380952381,2.761904761904762,1,21,21,0,0,0,0,0,0,0,0,0,1,0,0
RN_Ns_30_Norg_12_id_293.txt,30,42,27,0.05544114112854004,34.900716066360474,34.956157207489014,166,165,34,112,79,28,219,0.20481927710843373,0.6495726495726496,253,1.1096491228070176,1.2592592592592593,8.11111111111111,37,0.10541310541310542,2.740740740740741,1,27,27,0,0,0,0,0,0,0,0,0,1,0,0
RN_Ns_30_Norg_14_id_257.txt,30,45,18,0.13430476188659668,6.213526964187622,6.347831726074219,60,60,17,17,22,16,55,0.2833333333333333,0.5098039215686274,72,0.9230769230769231,0.9444444444444444,3.0555555555555554,24,0.1568627450980392,2.6666666666666665,1,18,18,0,0,0,0,0,0,0,0,0,1,0,0
RN_Ns_30_Norg_16_id_215.txt,30,45,22,0.09627008438110352,6.7222864627838135,6.818556547164917,49,49,17,15,36,20,71,0.3469387755102041,0.42424242424242425,88,0.8979591836734694,0.7727272727272727,3.227272727272727,33,0.14285714285714285,3.0,1,22,22,0,0,0,0,0,0,0,0,0,1,0,0
RN_Ns_30_Norg_16_id_253.txt,29,44,16,0.11703324317932129,1.3039209842681885,1.4209542274475098,14,14,6,3,34,1,38,0.42857142857142855,0.6166666666666667,44,0.5945945945945946,0.375,2.375,22,0.18333333333333332,2.75,1,16,16,0,0,0,0,0,0,0,0,0,1,0,0
RN_Ns_30_Norg_16_id_263.txt,30,47,23,0.07497334480285645,7.636566162109375,7.7115395069122314,55,54,15,31,87,15,133,0.2727272727272727,0.691699604743083,148,0.8457142857142858,0.6521739130434783,5.782608695652174,32,0.12648221343873517,2.782608695652174,1,23,23,0,0,0,0,0,0,0,0,0,1,0,0
RN_Ns_30_Norg_16_id_76.txt,30,44,16,0.09088659286499023,0.9477970600128174,1.0386836528778076,10,10,5,8,25,4,37,0.5,0.48333333333333334,42,0.7241379310344828,0.3125,2.3125,24,0.2,3.0,1,16,16,0,0,0,0,0,0,0,0,0,1,0,0
RN_Ns_30_Norg_6_id_299.txt,30,45,28,0.06279397010803223,34.72083234786987,34.783626317977905,121,121,37,66,158,8,232,0.30578512396694213,0.6375661375661376,269,1.116182572614108,1.3214285714285714,8.285714285714286,42,0.1111111111111111,3.0,1,28,28,0,0,0,0,0,0,0,0,0,1,0,0
RN_Ns_30_Norg_6_id_300.txt,30,42,28,0.07108259201049805,67.62711763381958,67.69820022583008,188,186,66,115,115,17,247,0.35106382978723405,0.7116402116402116,313,1.1635687732342008,2.357142857142857,8.821428571428571,40,0.10582010582010581,2.857142857142857,1,28,28,0,0,0,0,0,0,0,0,0,1,0,0
RN_Ns_30_Norg_7_id_220.txt,30,46,15,0.11745452880859375,1.4854347705841064,1.6028892993927002,17,17,7,12,18,8,38,0.4117647058823529,0.5238095238095238,45,0.8181818181818182,0.4666666666666667,2.533333333333333,20,0.19047619047619047,2.6666666666666665,1,15,15,0,0,0,0,0,0,0,0,0,1,0,0
RN_Ns_30_Norg_7_id_227.txt,30,49,20,0.11466193199157715,2.1938083171844482,2.3084702491760254,31,28,8,18,48,1,67,0.25806451612903225,0.39473684210526316,75,1.0,0.4,3.35,33,0.1736842105263158,3.3,1,20,20,0,0,0,0,0,0,0,0,0,1,0,0
RN_Ns_30_Norg_7_id_246.txt,29,43,23,0.0936274528503418,8.937689304351807,9.031316757202148,42,42,16,35,37,13,85,0.38095238095238093,0.41106719367588934,101,0.9711538461538461,0.6956521739130435,3.6956521739130435,31,0.1225296442687747,2.6956521739130435,1,23,23,0,0,0,0,0,0,0,0,0,1,0,0
RN_Ns_30_Norg_7_id_259.txt,30,43,24,0.03972148895263672,13.214248895645142,13.253970384597778,91,91,30,47,119,8,174,0.32967032967032966,0.7644927536231884,204,0.966824644549763,1.25,7.25,29,0.10507246376811594,2.4166666666666665,1,24,24,0,0,0,0,0,0,0,0,0,1,0,0
RN_Ns_30_Norg_7_id_261.txt,30,46,23,0.08344340324401855,9.981933116912842,10.06537652015686,64,64,20,58,72,12,142,0.3125,0.6245059288537549,162,1.0253164556962024,0.8695652173913043,6.173913043478261,33,0.13043478260869565,2.869565217391304,1,23,23,0,0,0,0,0,0,0,0,0,1,0,0
RN_Ns_30_Norg_7_id_266.txt,28,44,13,0.10077714920043945,0.8724923133850098,0.9732694625854492,21,21,4,9,7,4,20,0.19047619047619047,0.47435897435897434,24,0.6486486486486487,0.3076923076923077,1.5384615384615385,15,0.19230769230769232,2.3076923076923075,1,13,13,0,0,0,0,0,0,0,0,0,1,0,0
RN_Ns_30_Norg_7_id_33.txt,29,44,11,0.10969185829162598,0.07160568237304688,0.18129754066467285,0,0,0,3,12,0,15,0.0,0.32727272727272727,15,0.8333333333333334,0.0,1.3636363636363635,13,0.23636363636363636,2.3636363636363638,1,11,11,0,0,0,0,0,0,0,0,0,1,0,0
RN_Ns_30_Norg_7_id_60.txt,30,42,10,0.13867759704589844,0.23831605911254883,0.37699365615844727,2,2,1,5,12,1,18,0.5,0.5777777777777777,19,0.7307692307692307,0.1,1.8,8,0.17777777777777778,1.6,1,10,10,0,0,0,0,0,0,0,0,0,1,0,0
RN_Ns_30_Norg_8_id_103.txt,30,50,28,0.10738420486450195,21.29779291152954,21.405177116394043,90,90,18,45,149,29,223,0.2,0.6666666666666666,241,0.9563492063492064,0.6428571428571429,7.964285714285714,48,0.12698412698412698,3.4285714285714284,1,28,28,0,0,0,0,0,0,0,0,0,1,0,0
RN_Ns_30_Norg_8_id_219.txt,30,45,19,0.10308122634887695,9.652830600738525,9.755911827087402,63,63,22,18,49,8,75,0.3492063492063492,0.6608187134502924,97,0.8584070796460177,1.1578947368421053,3.9473684210526314,22,0.1286549707602339,2.3157894736842106,1,19,19,0,0,0,0,0,0,0,0,0,1,0,0
RN_Ns_30_Norg_8_id_230.txt,29,43,17,0.08013105392456055,2.428187608718872,2.5083186626434326,54,54,10,26,38,2,66,0.18518518518518517,0.5955882352941176,76,0.9382716049382716,0.5882352941176471,3.8823529411764706,25,0.18382352941176472,2.9411764705882355,1,17,17,0,0,0,0,0,0,0,0,0,1,0,0
RN_Ns_30_Norg_8_id_236.txt,30,43,25,0.06441998481750488,13.084455013275146,13.148874998092651,53,53,19,30,121,4,155,0.3584905660377358,0.6866666666666666,174,0.8446601941747572,0.76,6.2,35,0.11666666666666667,2.8,1,25,25,0,0,0,0,0,0,0,0,0,1,0,0
RN_Ns_30_Norg_8_id_237.txt,30,42,21,0.10071253776550293,9.596994876861572,9.697707414627075,59,59,24,43,69,4,116,0.4067796610169492,0.6190476190476191,140,1.0769230769230769,1.1428571428571428,5.523809523809524,29,0.1380952380952381,2.761904761904762,1,21,21,0,0,0,0,0,0,0,0,0,1,0,0
RN_Ns_30_Norg_8_id_248.txt,30,44,31,0.06886029243469238,215.75607132911682,215.8249316215515,359,357,101,153,88,50,291,0.28133704735376047,0.6494623655913978,392,1.2980132450331126,3.2580645161290325,9.387096774193548,50,0.10752688172043011,3.225806451612903,1,31,31,0,0,0,0,0,0,0,0,0,1,0,0
RN_Ns_30_Norg_8_id_255.txt,30,42,27,0.06224250793457031,21.67818284034729,21.74042534828186,91,91,40,39,154,5,198,0.43956043956043955,0.6866096866096866,238,0.9875518672199171,1.4814814814814814,7.333333333333333,34,0.09686609686609686,2.5185185185185186,1,27,27,0,0,0,0,0,0,0,0,0,1,0,0
RN_Ns_30_Norg_8_id_258.txt,30,43,23,0.13330745697021484,13.010748624801636,13.14405608177185,72,72,21,23,50,17,90,0.2916666666666667,0.5731225296442688,111,0.7655172413793103,0.9130434782608695,3.9130434782608696,34,0.13438735177865613,2.9565217391304346,1,23,23,0,0,0,0,0,0,0,0,0,1,0,0
RN_Ns_30_Norg_8_id_260.txt,30,42,20,0.0837397575378418,4.927274942398071,5.011014699935913,39,39,11,2,95,2,99,0.28205128205128205,0.6894736842105263,110,0.8396946564885496,0.55,4.95,25,0.13157894736842105,2.5,1,20,20,0,0,0,0,0,0,0,0,0,1,0,0
RN_Ns_30_Norg_8_id_271.txt,29,43,15,0.09585881233215332,3.41214656829834,3.508005380630493,27,27,20,11,18,10,39,0.7407407407407407,0.47619047619047616,59,1.18,1.3333333333333333,2.6,18,0.17142857142857143,2.4,1,15,15,0,0,0,0,0,0,0,0,0,1,0,0
RN_Ns_30_Norg_8_id_272.txt,30,43,28,0.0894918441772461,7.7265284061431885,7.816020250320435,49,49,22,51,81,7,139,0.4489795918367347,0.4444444444444444,161,0.9583333333333334,0.7857142857142857,4.964285714285714,36,0.09523809523809523,2.5714285714285716,1,28,28,0,0,0,0,0,0,0,0,0,1,0,0
RN_Ns_30_Norg_8_id_277.txt,30,43,24,0.06757903099060059,8.896785497665405,8.964364528656006,49,49,14,59,75,14,148,0.2857142857142857,0.5833333333333334,162,1.0062111801242235,0.5833333333333334,6.166666666666667,35,0.12681159420289856,2.9166666666666665,1,24,24,0,0,0,0,0,0,0,0,0,1,0,0
RN_Ns_30_Norg_8_id_284.txt,30,46,26,0.10184526443481445,23.249849796295166,23.35169506072998,110,110,32,59,78,3,140,0.2909090909090909,0.6153846153846154,172,0.86,1.2307692307692308,5.384615384615385,39,0.12,3.0,1,26,26,0,0,0,0,0,0,0,0,0,1,0,0
RN_Ns_30_Norg_8_id_288.txt,29,42,18,0.080841064453125,4.361865997314453,4.442707061767578,41,41,14,5,43,9,57,0.34146341463414637,0.6143790849673203,71,0.7553191489361702,0.7777777777777778,3.1666666666666665,24,0.1568627450980392,2.6666666666666665,1,18,18,0,0,0,0,0,0,0,0,0,1,0,0
RN_Ns_30_Norg_8_id_290.txt,30,46,11,0.11617517471313477,0.36167049407958984,0.4778456687927246,5,5,2,4,18,0,22,0.4,0.6909090909090909,24,0.631578947368421,0.18181818181818182,2.0,11,0.2,2.0,1,11,11,0,0,0,0,0,0,0,0,0,1,0,0
RN_Ns_30_Norg_8_id_295.txt,29,42,16,0.0928342342376709,2.7887980937957764,2.8816323280334473,31,31,11,15,46,0,61,0.3548387096774194,0.6333333333333333,72,0.9473684210526315,0.6875,3.8125,20,0.16666666666666666,2.5,1,16,16,0,0,0,0,0,0,0,0,0,1,0,0
RN_Ns_30_Norg_8_id_296.txt,30,42,25,0.056479454040527344,27.83414125442505,27.890620708465576,136,136,42,61,87,15,163,0.3088235294117647,0.69,205,0.9903381642512077,1.68,6.52,38,0.12666666666666668,3.04,1,25,25,0,0,0,0,0,0,0,0,0,1,0,0
RN_Ns_30_Norg_8_id_39.txt,30,42,15,0.07792448997497559,1.4325482845306396,1.5104727745056152,27,27,8,16,36,2,54,0.2962962962962963,0.6666666666666666,62,0.8857142857142857,0.5333333333333333,3.6,18,0.17142857142857143,2.4,1,15,15,0,0,0,0,0,0,0,0,0,1,0,0
RN_Ns_30_Norg_8_id_59.txt,29,46,17,0.11203408241271973,1.584723949432373,1.6967580318450928,17,17,6,7,10,4,21,0.35294117647058826,0.3897058823529412,27,0.5094339622641509,0.35294117647058826,1.2352941176470589,21,0.15441176470588236,2.4705882352941178,1,17,17,0,0,0,0,0,0,0,0,0,1,0,0
RN_Ns_30_Norg_8_id_63.txt,29,50,15,0.10401010513305664,1.7145397663116455,1.8185498714447021,25,25,6,14,21,8,43,0.24,0.5904761904761905,49,0.7903225806451613,0.4,2.8666666666666667,21,0.2,2.8,1,15,15,0,0,0,0,0,0,0,0,0,1,0,0
RN_Ns_30_Norg_8_id_66.txt,29,46,19,0.12446236610412598,3.917295217514038,4.041757583618164,38,38,18,17,48,12,77,0.47368421052631576,0.4678362573099415,95,1.1875,0.9473684210526315,4.052631578947368,21,0.12280701754385964,2.210526315789474,1,19,19,0,0,0,0,0,0,0,0,0,1,0,0
RN_Ns_30_Norg_8_id_72.txt,30,42,15,0.08768510818481445,0.5136551856994629,0.6013402938842773,7,7,3,3,35,1,39,0.42857142857142855,0.4380952380952381,42,0.9130434782608695,0.2,2.6,19,0.18095238095238095,2.533333333333333,1,15,15,0,0,0,0,0,0,0,0,0,1,0,0
RN_Ns_30_Norg_8_id_95.txt,29,48,16,0.13689875602722168,2.324404716491699,2.461303472518921,19,19,8,14,44,2,60,0.42105263157894735,0.7583333333333333,68,0.7472527472527473,0.5,3.75,20,0.16666666666666666,2.5,1,16,16,0,0,0,0,0,0,0,0,0,1,0,0
RN_Ns_30_Norg_9_id_225.txt,30,42,13,0.1352686882019043,0.2454843521118164,0.3807530403137207,2,2,1,3,11,0,14,0.5,0.358974358974359,15,0.5357142857142857,0.07692307692307693,1.0769230769230769,15,0.19230769230769232,2.3076923076923075,1,13,13,0,0,0,0,0,0,0,0,0,1,0,0
RN_Ns_35_Norg_10_id_25.txt,35,50,23,0.14125704765319824,14.854176044464111,14.99543309211731,71,71,31,38,90,8,136,0.43661971830985913,0.6837944664031621,167,0.9653179190751445,1.3478260869565217,5.913043478260869,31,0.1225296442687747,2.6956521739130435,1,23,23,0,0,0,0,0,0,0,0,0,1,0,0
RN_Ns_35_Norg_10_id_44.txt,34,54,21,0.13812780380249023,8.297447443008423,8.435575246810913,66,66,14,17,57,8,82,0.21212121212121213,0.6047619047619047,96,0.7559055118110236,0.6666666666666666,3.9047619047619047,26,0.12380952380952381,2.4761904761904763,1,21,21,0,0,0,0,0,0,0,0,0,1,0,0
RN_Ns_35_Norg_10_id_47.txt,34,50,24,0.10730600357055664,14.227345943450928,14.334651947021484,66,66,19,46,122,22,190,0.2878787878787879,0.717391304347826,209,1.0555555555555556,0.7916666666666666,7.916666666666667,35,0.12681159420289856,2.9166666666666665,1,24,24,0,0,0,0,0,0,0,0,0,1,0,0
RN_Ns_35_Norg_10_id_54.txt,34,50,21,0.16118764877319336,7.94898533821106,8.110172986984253,37,37,9,26,65,10,101,0.24324324324324326,0.6095238095238096,110,0.859375,0.42857142857142855,4.809523809523809,28,0.13333333333333333,2.6666666666666665,1,21,21,0,0,0,0,0,0,0,0,0,1,0,0
RN_Ns_35_Norg_14_id_48.txt,34,50,26,0.2068028450012207,16.39822292327881,16.60502576828003,54,54,25,41,129,4,174,0.46296296296296297,0.7046153846153846,199,0.868995633187773,0.9615384615384616,6.6923076923076925,37,0.11384615384615385,2.8461538461538463,1,26,26,0,0,0,0,0,0,0,0,0,1,0,0
RN_Ns_35_Norg_18_id_1.txt,34,48,23,0.09455633163452148,19.416502475738525,19.511058807373047,104,104,30,25,71,27,123,0.28846153846153844,0.6996047430830039,153,0.864406779661017,1.3043478260869565,5.3478260869565215,32,0.12648221343873517,2.782608695652174,1,23,23,0,0,0,0,0,0,0,0,0,1,0,0
RN_Ns_35_Norg_24_id_91.txt,34,50,16,0.11293482780456543,1.2161531448364258,1.3290879726409912,8,8,4,9,19,2,30,0.5,0.6,34,0.4722222222222222,0.25,1.875,20,0.16666666666666666,2.5,1,16,16,0,0,0,0,0,0,0,0,0,1,0,0
RN_Ns_35_Norg_34_id_87.txt,35,50,33,0.11694860458374023,179.82367062568665,179.94061923027039,327,321,117,130,179,37,346,0.3577981651376147,0.7159090909090909,463,1.2248677248677249,3.5454545454545454,10.484848484848484,51,0.09659090909090909,3.090909090909091,1,33,33,0,0,0,0,0,0,0,0,0,1,0,0
RN_Ns_35_Norg_6_id_100.txt,34,50,28,0.11427688598632812,87.87649416923523,87.99077105522156,176,176,37,121,87,26,234,0.21022727272727273,0.6031746031746031,271,1.1885964912280702,1.3214285714285714,8.357142857142858,37,0.09788359788359788,2.642857142857143,1,28,28,0,0,0,0,0,0,0,0,0,1,0,0
RN_Ns_35_Norg_6_id_104.txt,35,54,13,0.20269393920898438,0.3411235809326172,0.5438175201416016,3,3,2,0,19,0,19,0.6666666666666666,0.41025641025641024,21,0.65625,0.15384615384615385,1.4615384615384615,15,0.19230769230769232,2.3076923076923075,1,13,13,0,0,0,0,0,0,0,0,0,1,0,0
RN_Ns_35_Norg_6_id_106.txt,34,50,21,0.11252236366271973,1.6233062744140625,1.7358286380767822,12,12,3,17,29,0,46,0.25,0.5142857142857142,49,0.4537037037037037,0.14285714285714285,2.1904761904761907,27,0.12857142857142856,2.5714285714285716,1,21,21,0,0,0,0,0,0,0,0,0,1,0,0
RN_Ns_35_Norg_6_id_107.txt,34,50,14,0.17069125175476074,1.3820807933807373,1.552772045135498,12,12,4,3,31,0,34,0.3333333333333333,0.7252747252747253,38,0.5757575757575758,0.2857142857142857,2.4285714285714284,17,0.18681318681318682,2.4285714285714284,1,14,14,0,0,0,0,0,0,0,0,0,1,0,0
RN_Ns_35_Norg_6_id_32.txt,35,50,27,0.19230151176452637,31.377545595169067,31.569847106933594,127,125,30,72,120,11,203,0.23622047244094488,0.6096866096866097,233,1.088785046728972,1.1111111111111112,7.518518518518518,43,0.1225071225071225,3.185185185185185,1,27,27,0,0,0,0,0,0,0,0,0,1,0,0
RN_Ns_35_Norg_6_id_35.txt,35,50,20,0.1652388572692871,3.572810173034668,3.738049030303955,17,17,9,15,69,13,97,0.5294117647058824,0.5736842105263158,106,0.9724770642201835,0.45,4.85,28,0.14736842105263157,2.8,1,20,20,0,0,0,0,0,0,0,0,0,1,0,0
RN_Ns_35_Norg_6_id_40.txt,34,52,19,0.1664118766784668,3.015357255935669,3.1817691326141357,27,26,9,21,49,9,79,0.3333333333333333,0.5263157894736842,88,0.9777777777777777,0.47368421052631576,4.157894736842105,31,0.18128654970760233,3.263157894736842,1,19,19,0,0,0,0,0,0,0,0,0,1,0,0
RN_Ns_35_Norg_6_id_42.txt,34,50,32,0.0887598991394043,97.59763193130493,97.68639183044434,241,241,73,88,179,41,308,0.3029045643153527,0.6290322580645161,381,1.2211538461538463,2.28125,9.625,49,0.09879032258064516,3.0625,1,32,32,0,0,0,0,0,0,0,0,0,1,0,0
RN_Ns_35_Norg_6_id_46.txt,35,50,28,0.11626839637756348,11.056524991989136,11.1727933883667,47,47,16,24,116,10,150,0.3404255319148936,0.5026455026455027,166,0.8736842105263158,0.5714285714285714,5.357142857142857,43,0.11375661375661375,3.0714285714285716,1,28,28,0,0,0,0,0,0,0,0,0,1,0,0
RN_Ns_35_Norg_6_id_52.txt,35,78,10,0.418179988861084,0.45224833488464355,0.8704283237457275,5,5,4,5,4,0,9,0.8,0.3333333333333333,13,0.8666666666666667,0.4,0.9,12,0.26666666666666666,2.4,1,10,10,0,0,0,0,0,0,0,0,0,1,0,0
RN_Ns_35_Norg_6_id_57.txt,34,50,28,0.11510181427001953,85.60750079154968,85.7226026058197,151,151,41,86,144,18,248,0.271523178807947,0.7566137566137566,289,1.0104895104895104,1.4642857142857142,8.857142857142858,38,0.10052910052910052,2.7142857142857144,1,28,28,0,0,0,0,0,0,0,0,0,1,0,0
RN_Ns_35_Norg_6_id_61.txt,34,52,11,0.15578055381774902,0.2097327709197998,0.36551332473754883,0,0,0,0,20,0,20,0.0,0.5818181818181818,20,0.625,0.0,1.8181818181818181,12,0.21818181818181817,2.1818181818181817,1,11,11,0,0,0,0,0,0,0,0,0,1,0,0
RN_Ns_35_Norg_6_id_65.txt,35,50,30,0.12424683570861816,49.42394542694092,49.548192262649536,132,132,36,97,148,31,276,0.2727272727272727,0.6229885057471264,312,1.151291512915129,1.2,9.2,54,0.12413793103448276,3.6,1,30,30,0,0,0,0,0,0,0,0,0,1,0,0
RN_Ns_35_Norg_6_id_67.txt,35,50,27,0.10071539878845215,11.241461992263794,11.342177391052246,59,59,19,56,88,11,155,0.3220338983050847,0.45014245014245013,174,1.1012658227848102,0.7037037037037037,5.7407407407407405,39,0.1111111111111111,2.888888888888889,1,27,27,0,0,0,0,0,0,0,0,0,1,0,0
RN_Ns_35_Norg_6_id_69.txt,35,50,28,0.10394477844238281,20.628379821777344,20.732324600219727,90,90,26,32,98,21,151,0.28888888888888886,0.5661375661375662,177,0.8271028037383178,0.9285714285714286,5.392857142857143,42,0.1111111111111111,3.0,1,28,28,0,0,0,0,0,0,0,0,0,1,0,0
RN_Ns_35_Norg_6_id_71.txt,34,50,26,0.09668850898742676,70.25639247894287,70.3530809879303,165,164,67,57,154,16,227,0.40606060606060607,0.76,294,1.1902834008097165,2.576923076923077,8.73076923076923,33,0.10153846153846154,2.5384615384615383,1,26,26,0,0,0,0,0,0,0,0,0,1,0,0
RN_Ns_35_Norg_6_id_77.txt,35,50,32,0.09508752822875977,53.60753321647644,53.7026207447052,140,140,25,114,145,35,294,0.17857142857142858,0.6471774193548387,319,0.9937694704049844,0.78125,9.1875,46,0.09274193548387097,2.875,1,32,32,0,0,0,0,0,0,0,0,0,1,0,0
RN_Ns_35_Norg_6_id_80.txt,34,50,33,0.143113374710083,105.50839352607727,105.65150690078735,255,255,60,83,206,28,317,0.23529411764705882,0.6325757575757576,377,1.1287425149700598,1.8181818181818181,9.606060606060606,51,0.09659090909090909,3.090909090909091,1,33,33,0,0,0,0,0,0,0,0,0,1,0,0
RN_Ns_35_Norg_6_id_83.txt,35,50,20,0.19990181922912598,7.319163084030151,7.519064903259277,39,39,13,33,62,4,99,0.3333333333333333,0.5684210526315789,112,1.037037037037037,0.65,4.95,25,0.13157894736842105,2.5,1,20,20,0,0,0,0,0,0,0,0,0,1,0,0
RN_Ns_35_Norg_6_id_84.txt,35,50,23,0.1570594310760498,19.685314655303955,19.842374086380005,86,86,35,35,83,7,125,0.4069767441860465,0.5652173913043478,160,1.118881118881119,1.5217391304347827,5.434782608695652,32,0.12648221343873517,2.782608695652174,1,23,23,0,0,0,0,0,0,0,0,0,1,0,0
RN_Ns_35_Norg_6_id_89.txt,35,50,30,0.09937644004821777,83.43536472320557,83.53474116325378,228,228,45,71,192,19,282,0.19736842105263158,0.6758620689655173,327,1.1122448979591837,1.5,9.4,43,0.09885057471264368,2.8666666666666667,1,30,30,0,0,0,0,0,0,0,0,0,1,0,0
RN_Ns_35_Norg_6_id_90.txt,34,50,15,0.15595507621765137,1.5662646293640137,1.722219705581665,17,17,9,3,36,3,42,0.5294117647058824,0.5714285714285714,51,0.85,0.6,2.8,18,0.17142857142857143,2.4,1,15,15,0,0,0,0,0,0,0,0,0,1,0,0
RN_Ns_35_Norg_6_id_94.txt,34,50,32,0.08621859550476074,120.02822947502136,120.11444807052612,256,255,100,82,170,36,288,0.390625,0.6834677419354839,388,1.1445427728613569,3.125,9.0,47,0.09475806451612903,2.9375,1,32,32,0,0,0,0,0,0,0,0,0,1,0,0
RN_Ns_35_Norg_6_id_96.txt,33,50,26,0.12879538536071777,14.520309209823608,14.649104595184326,69,69,24,38,105,5,148,0.34782608695652173,0.56,172,0.945054945054945,0.9230769230769231,5.6923076923076925,35,0.1076923076923077,2.6923076923076925,1,26,26,0,0,0,0,0,0,0,0,0,1,0,0
RN_Ns_35_Norg_6_id_97.txt,34,50,25,0.11438965797424316,28.58238649368286,28.696776151657104,132,132,47,41,104,28,173,0.3560606060606061,0.6233333333333333,220,1.1764705882352942,1.88,6.92,41,0.13666666666666666,3.28,1,25,25,0,0,0,0,0,0,0,0,0,1,0,0
RN_Ns_35_Norg_7_id_16.txt,35,90,21,0.5723135471343994,46.71605443954468,47.28836798667908,63,63,32,61,47,8,116,0.5079365079365079,0.6333333333333333,148,1.112781954887218,1.5238095238095237,5.523809523809524,26,0.12380952380952381,2.4761904761904763,1,21,21,0,0,0,0,0,0,0,0,0,1,0,0
RN_Ns_35_Norg_7_id_73.txt,35,50,32,0.10000896453857422,203.5856852531433,203.68569421768188,289,289,119,172,168,53,393,0.4117647058823529,0.7439516129032258,512,1.3875338753387534,3.71875,12.28125,45,0.0907258064516129,2.8125,1,32,32,0,0,0,0,0,0,0,0,0,1,0,0
RN_Ns_35_Norg_7_id_79.txt,35,52,17,0.12336277961730957,2.224667549133301,2.3480303287506104,15,15,4,8,45,9,62,0.26666666666666666,0.5735294117647058,66,0.8461538461538461,0.23529411764705882,3.6470588235294117,25,0.18382352941176472,2.9411764705882355,1,17,17,0,0,0,0,0,0,0,0,0,1,0,0
RN_Ns_35_Norg_7_id_99.txt,35,52,31,0.09314393997192383,227.53482389450073,227.62796783447266,348,348,126,70,195,52,317,0.3620689655172414,0.7010752688172043,443,1.3588957055214723,4.064516129032258,10.225806451612904,42,0.09032258064516129,2.7096774193548385,1,31,31,0,0,0,0,0,0,0,0,0,1,0,0
RN_Ns_35_Norg_8_id_105.txt,35,50,14,0.15778899192810059,0.5263497829437256,0.6841387748718262,2,2,1,3,34,0,37,0.5,0.6153846153846154,38,0.6785714285714286,0.07142857142857142,2.642857142857143,14,0.15384615384615385,2.0,1,14,14,0,0,0,0,0,0,0,0,0,1,0,0
RN_Ns_35_Norg_8_id_29.txt,35,42,16,0.11689567565917969,1.6466634273529053,1.763559103012085,9,9,6,7,50,0,57,0.6666666666666666,0.75,63,0.7,0.375,3.5625,16,0.13333333333333333,2.0,1,16,16,0,0,0,0,0,0,0,0,0,1,0,0
RN_Ns_35_Norg_8_id_36.txt,35,52,9,0.13971424102783203,0.18644189834594727,0.3261561393737793,1,1,1,0,6,1,7,1.0,0.5277777777777778,8,0.42105263157894735,0.1111111111111111,0.7777777777777778,11,0.3055555555555556,2.4444444444444446,1,9,9,0,0,0,0,0,0,0,0,0,1,0,0
RN_Ns_35_Norg_8_id_49.txt,34,52,27,0.16166138648986816,13.218787908554077,13.380449295043945,62,62,14,31,111,3,145,0.22580645161290322,0.5698005698005698,159,0.795,0.5185185185185185,5.37037037037037,37,0.10541310541310542,2.740740740740741,1,27,27,0,0,0,0,0,0,0,0,0,1,0,0
RN_Ns_35_Norg_8_id_51.txt,35,50,21,0.12453651428222656,3.074462652206421,3.1989991664886475,34,34,13,28,40,2,70,0.38235294117647056,0.3904761904761905,83,1.0121951219512195,0.6190476190476191,3.3333333333333335,24,0.11428571428571428,2.2857142857142856,1,21,21,0,0,0,0,0,0,0,0,0,1,0,0
RN_Ns_35_Norg_8_id_56.txt,35,50,21,0.10906314849853516,3.4745776653289795,3.5836408138275146,16,16,8,20,68,8,96,0.5,0.6428571428571429,104,0.7703703703703704,0.38095238095238093,4.571428571428571,27,0.12857142857142856,2.5714285714285716,1,21,21,0,0,0,0,0,0,0,0,0,1,0,0
RN_Ns_35_Norg_8_id_68.txt,35,52,24,0.10809731483459473,43.288962841033936,43.39706015586853,162,162,53,38,61,23,122,0.3271604938271605,0.5144927536231884,175,1.232394366197183,2.2083333333333335,5.083333333333333,33,0.11956521739130435,2.75,1,24,24,0,0,0,0,0,0,0,0,0,1,0,0
RN_Ns_35_Norg_8_id_81.txt,34,50,20,0.11190533638000488,3.162485361099243,3.274390697479248,26,26,9,9,57,5,71,0.34615384615384615,0.5052631578947369,80,0.8333333333333334,0.45,3.55,28,0.14736842105263157,2.8,1,20,20,0,0,0,0,0,0,0,0,0,1,0,0
RN_Ns_35_Norg_8_id_85.txt,35,50,20,0.11581897735595703,6.880488634109497,6.996307611465454,35,35,9,22,78,5,105,0.2571428571428571,0.7736842105263158,114,0.7755102040816326,0.45,5.25,27,0.14210526315789473,2.7,1,20,20,0,0,0,0,0,0,0,0,0,1,0,0
RN_Ns_35_Norg_9_id_110.txt,34,50,21,0.1280221939086914,2.3982694149017334,2.526291608810425,21,21,8,16,67,0,83,0.38095238095238093,0.5238095238095238,91,0.8272727272727273,0.38095238095238093,3.9523809523809526,27,0.12857142857142856,2.5714285714285716,1,21,21,0,0,0,0,0,0,0,0,0,1,0,0
RN_Ns_35_Norg_9_id_28.txt,35,48,23,0.13139915466308594,9.676273822784424,9.80767297744751,41,41,20,13,117,0,130,0.4878048780487805,0.7470355731225297,150,0.7936507936507936,0.8695652173913043,5.6521739130434785,33,0.13043478260869565,2.869565217391304,1,23,23,0,0,0,0,0,0,0,0,0,1,0,0
RN_Ns_35_Norg_9_id_31.txt,34,52,17,0.2133479118347168,0.8092432022094727,1.0225911140441895,5,5,4,7,46,0,53,0.8,0.4485294117647059,57,0.9344262295081968,0.23529411764705882,3.1176470588235294,23,0.16911764705882354,2.7058823529411766,1,17,17,0,0,0,0,0,0,0,0,0,1,0,0
RN_Ns_35_Norg_9_id_52.txt,35,50,29,0.13483667373657227,71.38866448402405,71.52350115776062,233,229,47,40,129,40,209,0.2017167381974249,0.6822660098522167,256,0.924187725631769,1.6206896551724137,7.206896551724138,47,0.11576354679802955,3.2413793103448274,1,29,29,0,0,0,0,0,0,0,0,0,1,0,0
RN_Ns_40_Norg_10_id_354.txt,40,56,24,0.14004850387573242,7.15207839012146,7.292126893997192,27,27,8,19,70,5,94,0.2962962962962963,0.5398550724637681,102,0.6845637583892618,0.3333333333333333,3.9166666666666665,32,0.11594202898550725,2.6666666666666665,1,24,24,0,0,0,0,0,0,0,0,0,1,0,0
RN_Ns_40_Norg_10_id_357.txt,40,56,40,0.09558272361755371,260.48716950416565,260.5827522277832,324,323,82,221,378,42,641,0.25308641975308643,0.7987179487179488,723,1.160513643659711,2.05,16.025,53,0.06794871794871794,2.65,1,40,40,0,0,0,0,0,0,0,0,0,1,0,0
RN_Ns_40_Norg_10_id_366.txt,40,56,31,0.20557522773742676,40.02957892417908,40.235154151916504,97,97,31,59,144,16,219,0.31958762886597936,0.5268817204301075,250,1.0204081632653061,1.0,7.064516129032258,49,0.1053763440860215,3.161290322580645,1,31,31,0,0,0,0,0,0,0,0,0,1,0,0
RN_Ns_40_Norg_10_id_385.txt,39,58,19,0.17332863807678223,4.801278352737427,4.974606990814209,28,28,7,15,54,7,76,0.25,0.6081871345029239,83,0.7980769230769231,0.3684210526315789,4.0,28,0.16374269005847952,2.9473684210526314,1,19,19,0,0,0,0,0,0,0,0,0,1,0,0
RN_Ns_40_Norg_10_id_484.txt,40,59,29,0.17907118797302246,177.5731325149536,177.75220370292664,220,220,71,139,73,57,269,0.32272727272727275,0.625615763546798,340,1.3385826771653544,2.4482758620689653,9.275862068965518,39,0.0960591133004926,2.689655172413793,1,29,29,0,0,0,0,0,0,0,0,0,1,0,0
RN_Ns_40_Norg_10_id_497.txt,38,56,23,0.19666504859924316,14.666216373443604,14.862881422042847,73,73,17,26,98,11,135,0.2328767123287671,0.6719367588932806,152,0.8941176470588236,0.7391304347826086,5.869565217391305,34,0.13438735177865613,2.9565217391304346,1,23,23,0,0,0,0,0,0,0,0,0,1,0,0
RN_Ns_40_Norg_10_id_510.txt,40,57,26,0.18284940719604492,47.05939769744873,47.242247104644775,150,147,48,70,77,15,162,0.32,0.56,210,1.1538461538461537,1.8461538461538463,6.230769230769231,45,0.13846153846153847,3.4615384615384617,1,26,26,0,0,0,0,0,0,0,0,0,1,0,0
RN_Ns_40_Norg_10_id_517.txt,40,57,30,0.14325714111328125,33.285751819610596,33.42900896072388,101,101,27,20,160,34,214,0.26732673267326734,0.6735632183908046,241,0.8225255972696246,0.9,7.133333333333334,45,0.10344827586206896,3.0,1,30,30,0,0,0,0,0,0,0,0,0,1,0,0
RN_Ns_40_Norg_10_id_559.txt,40,56,22,0.13973140716552734,39.40594673156738,39.54567813873291,110,110,44,59,94,8,161,0.4,0.7359307359307359,205,1.2058823529411764,2.0,7.318181818181818,31,0.1341991341991342,2.8181818181818183,1,22,22,0,0,0,0,0,0,0,0,0,1,0,0
RN_Ns_40_Norg_10_id_568.txt,40,56,30,0.13474154472351074,67.51787447929382,67.65261602401733,137,137,37,75,151,19,245,0.27007299270072993,0.6229885057471264,282,1.040590405904059,1.2333333333333334,8.166666666666666,44,0.10114942528735632,2.933333333333333,1,30,30,0,0,0,0,0,0,0,0,0,1,0,0
RN_Ns_40_Norg_11_id_337.txt,39,56,21,0.17751026153564453,5.646963357925415,5.82447361946106,51,51,8,30,38,14,82,0.1568627450980392,0.4523809523809524,90,0.9473684210526315,0.38095238095238093,3.9047619047619047,30,0.14285714285714285,2.857142857142857,1,21,21,0,0,0,0,0,0,0,0,0,1,0,0
RN_Ns_40_Norg_11_id_427.txt,38,57,38,0.14929986000061035,160.09572052955627,160.24502038955688,323,323,111,156,274,38,468,0.34365325077399383,0.6671408250355618,579,1.2345415778251598,2.9210526315789473,12.31578947368421,56,0.07965860597439545,2.9473684210526314,1,38,38,0,0,0,0,0,0,0,0,0,1,0,0
RN_Ns_40_Norg_12_id_308.txt,40,56,26,0.14101743698120117,17.03381085395813,17.17482829093933,43,43,18,16,78,19,113,0.4186046511627907,0.6676923076923077,131,0.6036866359447005,0.6923076923076923,4.346153846153846,38,0.11692307692307692,2.923076923076923,1,26,26,0,0,0,0,0,0,0,0,0,1,0,0
RN_Ns_40_Norg_12_id_358.txt,40,56,30,0.1826627254486084,21.825937271118164,22.008599996566772,66,66,13,22,113,15,150,0.19696969696969696,0.4896551724137931,163,0.7652582159624414,0.43333333333333335,5.0,41,0.09425287356321839,2.7333333333333334,1,30,30,0,0,0,0,0,0,0,0,0,1,0,0
RN_Ns_40_Norg_12_id_365.txt,39,56,15,0.3576350212097168,2.5049402713775635,2.8625752925872803,16,16,13,7,17,0,24,0.8125,0.49523809523809526,37,0.7115384615384616,0.8666666666666667,1.6,18,0.17142857142857143,2.4,1,15,15,0,0,0,0,0,0,0,0,0,1,0,0
RN_Ns_40_Norg_12_id_384.txt,40,56,32,0.14631295204162598,77.06601810455322,77.21233105659485,238,238,69,115,170,28,313,0.28991596638655465,0.7096774193548387,382,1.0852272727272727,2.15625,9.78125,47,0.09475806451612903,2.9375,1,32,32,0,0,0,0,0,0,0,0,0,1,0,0
RN_Ns_40_Norg_12_id_401.txt,39,56,28,0.1469264030456543,32.67899751663208,32.825923919677734,97,97,27,50,106,14,170,0.27835051546391754,0.6666666666666666,197,0.7817460317460317,0.9642857142857143,6.071428571428571,39,0.10317460317460317,2.7857142857142856,1,28,28,0,0,0,0,0,0,0,0,0,1,0,0
RN_Ns_40_Norg_12_id_465.txt,39,58,10,0.3276021480560303,0.4056820869445801,0.7332842350006104,2,2,2,0,1,0,1,1.0,0.5111111111111111,3,0.13043478260869565,0.2,0.1,11,0.24444444444444444,2.2,1,10,10,0,0,0,0,0,0,0,0,0,1,0,0
RN_Ns_40_Norg_12_id_469.txt,40,56,28,0.14030909538269043,49.943464279174805,50.083773374557495,143,143,32,56,147,11,214,0.22377622377622378,0.6878306878306878,246,0.9461538461538461,1.1428571428571428,7.642857142857143,33,0.0873015873015873,2.357142857142857,1,28,28,0,0,0,0,0,0,0,0,0,1,0,0
RN_Ns_40_Norg_12_id_558.txt,40,57,30,0.14894390106201172,132.45899391174316,132.60793781280518,282,282,95,60,182,22,264,0.33687943262411346,0.7402298850574712,359,1.1149068322981366,3.1666666666666665,8.8,45,0.10344827586206896,3.0,1,30,30,0,0,0,0,0,0,0,0,0,1,0,0
RN_Ns_40_Norg_13_id_313.txt,39,56,26,0.22357487678527832,20.061015129089355,20.284590005874634,74,74,22,21,81,11,113,0.2972972972972973,0.48,135,0.8653846153846154,0.8461538461538461,4.346153846153846,41,0.12615384615384614,3.1538461538461537,1,26,26,0,0,0,0,0,0,0,0,0,1,0,0
RN_Ns_40_Norg_13_id_514.txt,39,59,33,0.16368436813354492,75.76751947402954,75.93120384216309,151,151,62,78,251,5,334,0.4105960264900662,0.7026515151515151,396,1.0673854447439353,1.878787878787879,10.121212121212121,45,0.08522727272727272,2.727272727272727,1,33,33,0,0,0,0,0,0,0,0,0,1,0,0
RN_Ns_40_Norg_14_id_2.txt,40,52,20,0.2798173427581787,8.518027544021606,8.797844886779785,49,49,34,38,60,10,108,0.6938775510204082,0.6263157894736842,142,1.1932773109243697,1.7,5.4,19,0.1,1.9,1,20,20,0,0,0,0,0,0,0,0,0,1,0,0
RN_Ns_40_Norg_14_id_356.txt,40,56,25,0.16121220588684082,26.277772426605225,26.438984632492065,79,79,31,50,105,27,182,0.3924050632911392,0.6366666666666667,213,1.1151832460732984,1.24,7.28,32,0.10666666666666667,2.56,1,25,25,0,0,0,0,0,0,0,0,0,1,0,0
RN_Ns_40_Norg_14_id_369.txt,39,58,21,0.21166563034057617,5.965865850448608,6.177531480789185,36,36,9,16,49,13,78,0.25,0.46190476190476193,87,0.8969072164948454,0.42857142857142855,3.7142857142857144,28,0.13333333333333333,2.6666666666666665,1,21,21,0,0,0,0,0,0,0,0,0,1,0,0
RN_Ns_40_Norg_14_id_370.txt,40,57,31,0.21724605560302734,330.44886231422424,330.66610836982727,457,457,165,138,166,61,365,0.3610503282275711,0.7956989247311828,530,1.4324324324324325,5.32258064516129,11.774193548387096,37,0.07956989247311828,2.3870967741935485,1,31,31,0,0,0,0,0,0,0,0,0,1,0,0
RN_Ns_40_Norg_14_id_374.txt,40,56,26,0.11827349662780762,16.68581986427307,16.80409336090088,122,122,20,48,107,22,177,0.16393442622950818,0.6953846153846154,197,0.8716814159292036,0.7692307692307693,6.8076923076923075,37,0.11384615384615385,2.8461538461538463,1,26,26,0,0,0,0,0,0,0,0,0,1,0,0
RN_Ns_40_Norg_14_id_398.txt,40,60,27,0.15137434005737305,50.857946157455444,51.00932049751282,133,133,52,49,165,10,224,0.39097744360902253,0.7094017094017094,276,1.108433734939759,1.9259259259259258,8.296296296296296,38,0.10826210826210826,2.814814814814815,1,27,27,0,0,0,0,0,0,0,0,0,1,0,0
RN_Ns_40_Norg_17_id_564.txt,40,58,22,0.16555142402648926,9.96536374092102,10.13091516494751,40,40,18,33,35,7,75,0.45,0.6017316017316018,93,0.6690647482014388,0.8181818181818182,3.409090909090909,33,0.14285714285714285,3.0,1,22,22,0,0,0,0,0,0,0,0,0,1,0,0
RN_Ns_40_Norg_18_id_367.txt,40,57,23,0.2526843547821045,14.206792831420898,14.459477186203003,64,64,17,25,94,13,132,0.265625,0.7351778656126482,149,0.8010752688172043,0.7391304347826086,5.739130434782608,28,0.11067193675889328,2.4347826086956523,1,23,23,0,0,0,0,0,0,0,0,0,1,0,0
RN_Ns_40_Norg_20_id_396.txt,40,56,26,0.16924095153808594,27.641677141189575,27.81091809272766,102,102,22,37,88,16,141,0.21568627450980393,0.64,163,0.7836538461538461,0.8461538461538461,5.423076923076923,35,0.1076923076923077,2.6923076923076925,1,26,26,0,0,0,0,0,0,0,0,0,1,0,0
RN_Ns_40_Norg_8_id_534.txt,40,57,28,0.1383366584777832,38.90937542915344,39.047712087631226,116,116,35,38,176,13,227,0.3017241379310345,0.7328042328042328,262,0.9458483754512635,1.25,8.107142857142858,37,0.09788359788359788,2.642857142857143,1,28,28,0,0,0,0,0,0,0,0,0,1,0,0
RN_Ns_40_Norg_8_id_538.txt,40,56,31,0.19931602478027344,57.52345824241638,57.722774267196655,145,137,34,64,164,18,246,0.23448275862068965,0.5935483870967742,280,1.0144927536231885,1.096774193548387,7.935483870967742,47,0.1010752688172043,3.032258064516129,1,31,31,0,0,0,0,0,0,0,0,0,1,0,0
RN_Ns_40_Norg_8_id_540.txt,38,56,30,0.13475322723388672,23.56698250770569,23.701735734939575,98,98,18,59,163,30,252,0.1836734693877551,0.6,270,1.0344827586206897,0.6,8.4,47,0.10804597701149425,3.1333333333333333,1,30,30,0,0,0,0,0,0,0,0,0,1,0,0
RN_Ns_40_Norg_8_id_541.txt,40,57,18,0.3895084857940674,5.109734535217285,5.4992430210113525,35,35,7,17,29,1,47,0.2,0.6666666666666666,54,0.5294117647058824,0.3888888888888889,2.611111111111111,27,0.17647058823529413,3.0,1,18,18,0,0,0,0,0,0,0,0,0,1,0,0
RN_Ns_40_Norg_8_id_542.txt,39,56,19,0.1618211269378662,5.856807708740234,6.018628835678101,24,24,9,16,79,0,95,0.375,0.7251461988304093,104,0.8387096774193549,0.47368421052631576,5.0,24,0.14035087719298245,2.526315789473684,1,19,19,0,0,0,0,0,0,0,0,0,1,0,0
RN_Ns_40_Norg_8_id_552.txt,39,56,27,0.16596221923828125,30.173102140426636,30.339064359664917,98,89,31,37,139,15,191,0.3163265306122449,0.6951566951566952,222,0.9098360655737705,1.1481481481481481,7.074074074074074,47,0.1339031339031339,3.4814814814814814,1,27,27,0,0,0,0,0,0,0,0,0,1,0,0
RN_Ns_40_Norg_8_id_554.txt,39,58,37,0.10558271408081055,496.6136085987091,496.7191913127899,709,709,115,176,236,48,460,0.1622002820874471,0.7507507507507507,575,1.15,3.108108108108108,12.432432432432432,63,0.0945945945945946,3.4054054054054053,1,37,37,0,0,0,0,0,0,0,0,0,1,0,0
RN_Ns_40_Norg_8_id_561.txt,40,57,29,0.13910436630249023,32.93426704406738,33.07337141036987,100,100,28,46,130,11,187,0.28,0.6354679802955665,215,0.8333333333333334,0.9655172413793104,6.448275862068965,42,0.10344827586206896,2.896551724137931,1,29,29,0,0,0,0,0,0,0,0,0,1,0,0
RN_Ns_40_Norg_8_id_563.txt,40,56,30,0.10707759857177734,74.84858512878418,74.95566272735596,155,155,37,84,170,31,285,0.23870967741935484,0.7402298850574712,322,1.0,1.2333333333333334,9.5,50,0.11494252873563218,3.3333333333333335,1,30,30,0,0,0,0,0,0,0,0,0,1,0,0
RN_Ns_40_Norg_8_id_565.txt,40,58,18,0.3076193332672119,3.2576024532318115,3.5652217864990234,15,15,5,11,65,2,78,0.3333333333333333,0.7320261437908496,83,0.7410714285714286,0.2777777777777778,4.333333333333333,23,0.1503267973856209,2.5555555555555554,1,18,18,0,0,0,0,0,0,0,0,0,1,0,0
RN_Ns_40_Norg_8_id_567.txt,40,58,25,0.1649169921875,68.47134041786194,68.63625741004944,177,177,58,62,103,34,199,0.327683615819209,0.68,257,1.2598039215686274,2.32,7.96,36,0.12,2.88,1,25,25,0,0,0,0,0,0,0,0,0,1,0,0
RN_Ns_40_Norg_9_id_352.txt,39,56,18,0.17942595481872559,1.0101292133331299,1.1895551681518555,12,12,5,8,19,4,31,0.4166666666666667,0.32679738562091504,36,0.72,0.2777777777777778,1.7222222222222223,22,0.1437908496732026,2.4444444444444446,1,18,18,0,0,0,0,0,0,0,0,0,1,0,0
RN_Ns_40_Norg_9_id_420.txt,39,58,22,0.2329118251800537,4.51076865196228,4.743680477142334,28,28,8,8,84,4,96,0.2857142857142857,0.5670995670995671,104,0.7938931297709924,0.36363636363636365,4.363636363636363,33,0.14285714285714285,3.0,1,22,22,0,0,0,0,0,0,0,0,0,1,0,0
RN_Ns_40_Norg_9_id_462.txt,40,58,32,0.15201759338378906,142.6093282699585,142.76134586334229,303,297,85,109,177,31,317,0.28052805280528054,0.6471774193548387,402,1.2523364485981308,2.65625,9.90625,55,0.11088709677419355,3.4375,1,32,32,0,0,0,0,0,0,0,0,0,1,0,0
RN_Ns_40_Norg_9_id_481.txt,39,57,30,0.15731382369995117,79.09047508239746,79.24778890609741,217,217,52,61,188,22,271,0.23963133640552994,0.6850574712643678,323,1.0838926174496644,1.7333333333333334,9.033333333333333,43,0.09885057471264368,2.8666666666666667,1,30,30,0,0,0,0,0,0,0,0,0,1,0,0
RN_Ns_40_Norg_9_id_495.txt,39,58,24,0.1719045639038086,17.837152242660522,18.00905680656433,59,59,18,63,86,13,162,0.3050847457627119,0.6413043478260869,180,1.0169491525423728,0.75,6.75,35,0.12681159420289856,2.9166666666666665,1,24,24,0,0,0,0,0,0,0,0,0,1,0,0
RN_Ns_40_Norg_9_id_508.txt,40,56,35,0.2221975326538086,190.7999176979065,191.0221152305603,373,373,59,161,186,43,390,0.1581769436997319,0.653781512605042,449,1.154241645244216,1.6857142857142857,11.142857142857142,59,0.09915966386554621,3.3714285714285714,1,35,35,0,0,0,0,0,0,0,0,0,1,0,0
RN_Ns_40_Norg_9_id_546.txt,40,59,24,0.30347585678100586,18.16575789451599,18.469233751296997,39,39,16,28,62,8,98,0.41025641025641024,0.42028985507246375,114,0.9827586206896551,0.6666666666666666,4.083333333333333,35,0.12681159420289856,2.9166666666666665,1,24,24,0,0,0,0,0,0,0,0,0,1,0,0
