n_candidates,n_distinct,top_target_share
19,9,0.3157894736842105
8,6,0.25
30,9,0.36666666666666664
23,8,0.17391304347826086
29,11,0.3448275862068966
18,10,0.2222222222222222
37,9,0.4864864864864865
36,8,0.25
33,9,0.30303030303030304
34,9,0.35294117647058826
26,6,0.38461538461538464
38,6,0.631578947368421
33,5,0.48484848484848486
29,3,0.3793103448275862
23,4,0.5217391304347826
2,1,1.0
3,2,0.6666666666666666
2,1,1.0
2,1,1.0
2,1,1.0
2,2,0.5
31,2,0.6774193548387096
26,2,0.5
41,5,0.7073170731707317
24,1,1.0
34,6,0.38235294117647056
34,7,0.35294117647058826
33,7,0.3939393939393939
38,10,0.23684210526315788
37,10,0.40540540540540543
34,7,0.35294117647058826
42,6,0.4523809523809524
42,8,0.5238095238095238
36,5,0.4444444444444444
35,8,0.2857142857142857
36,10,0.3888888888888889
34,6,0.4117647058823529
37,8,0.3783783783783784
35,4,0.34285714285714286
26,9,0.3076923076923077
3,1,1.0
3,1,1.0
5,2,0.8
6,2,0.8333333333333334
5,2,0.8
4,2,0.75
4,2,0.75
