order,n_new_this_round,cumulative_espm_total,cumulative_elapsed_s,wall_clock_timestamp
1,158,183,0.01,2026-08-05 12:08:49
2,1630,1298,0.27,2026-08-05 12:08:50
3,18340,13123,21.02,2026-08-05 12:09:10
1,158,183,0.03,2026-08-05 18:01:23
2,1630,1298,0.58,2026-08-05 18:01:24
3,18340,13123,44.20,2026-08-05 18:02:08
1,158,183,0.02,2026-08-06 16:13:24
2,1630,1298,0.45,2026-08-06 16:13:24
3,18340,13123,31.44,2026-08-06 16:13:55
1,158,183,0.02,2026-08-07 09:00:23
2,1630,1298,0.66,2026-08-07 09:00:23
3,18340,13123,17.70,2026-08-07 09:00:41
1,158,183,0.06,2026-08-07 17:28:32
2,1630,1298,1.68,2026-08-07 17:28:34
3,18340,13123,39.08,2026-08-07 17:29:11
