timestamp,network,n_species,n_reactions,n_ercs,n_fund_synergies,n_fund_complementarities,syn_density,comp_density,syn_to_comp_ratio,max_syn_outdegree,max_scc_fraction,n_nontrivial_sccs,config,effective_cap,time_budget_s,wall_time_s,timed_out,progress_fraction,stack_remaining_at_cutoff,stack_erc_size_mean_at_cutoff,stack_erc_size_max_at_cutoff,states_explored,ssm_found,leaves_found,propagation_steps,propagation_gated,canonical_pruned,reach_pruned_at_construction,n_epms,dead_end_req_size_mean,dead_end_req_size_max,dead_end_prod_size_mean,dead_end_prod_size_max,dead_end_erc_size_mean,dead_end_erc_size_max,dead_end_req_gini,dead_end_req_top1_share,dead_end_req_top10pct_share,n_species_ever_blocking,espm_n_epm,espm_total,espm_max_order,espm_by_order,espm_complete,riskepm_n_epms,riskepm_syn_safe,riskepm_syn_mid,riskepm_syn_risky,riskepm_comp_safe,riskepm_comp_mid,riskepm_comp_risky,riskepm_states_syn_safe,riskepm_states_syn_mid,riskepm_states_syn_risky,riskepm_states_comp_safe,riskepm_states_comp_mid,riskepm_states_comp_risky,riskepm_ssm_syn_safe,riskepm_ssm_syn_mid,riskepm_ssm_syn_risky,riskepm_ssm_comp_safe,riskepm_ssm_comp_mid,riskepm_ssm_comp_risky,riskepm_deadend_syn_safe,riskepm_deadend_syn_mid,riskepm_deadend_syn_risky,riskepm_deadend_comp_safe,riskepm_deadend_comp_mid,riskepm_deadend_comp_risky,riskespm_total,riskespm_max_order,riskespm_by_order,riskespm_syn_safe,riskespm_syn_mid,riskespm_syn_risky,riskespm_comp_safe,riskespm_comp_mid,riskespm_comp_risky,riskespm_hierarchy_unclassified,riskespm_states_syn_safe,riskespm_states_syn_mid,riskespm_states_syn_risky,riskespm_states_comp_safe,riskespm_states_comp_mid,riskespm_states_comp_risky,riskespm_ssm_syn_safe,riskespm_ssm_syn_mid,riskespm_ssm_syn_risky,riskespm_ssm_comp_safe,riskespm_ssm_comp_mid,riskespm_ssm_comp_risky,error
2026-08-07 16:47:48,BIOMD0000000147,24,51,4,1,0,0.25,0.00,inf,1,0.250,0,baseline,0,30.0,0.00,False,0.0000,0,,,0,0,0,0,0,0,0,3,0.00,0,0.00,0,0.00,0,0.000,0.000,0.000,0,,,,,,,,,,,,,,,,,,,,,,,,,,,,,,,,,,,,,,,,,,,,,,,,,,,,,
2026-08-07 16:47:48,BIOMD0000000147,24,51,4,1,0,0.25,0.00,inf,1,0.250,0,adaptive,200,30.0,0.00,False,0.0000,0,,,0,0,0,0,0,0,0,3,0.00,0,0.00,0,0.00,0,0.000,0.000,0.000,0,,,,,,,,,,,,,,,,,,,,,,,,,,,,,,,,,,,,,,,,,,,,,,,,,,,,,
2026-08-07 16:47:48,BIOMD0000000147,24,51,4,1,0,0.25,0.00,inf,1,0.250,0,epm_espm_original,,30.0,0.84,False,,,,,,,,,,,,,,,,,,,,,,,3,1,1,1:1,True,,,,,,,,,,,,,,,,,,,,,,,,,,,,,,,,,,,,,,,,,,,,,,,,
2026-08-07 16:47:48,BIOMD0000000147,24,51,4,1,0,0.25,0.00,inf,1,0.250,0,risk_analysis,,300.0,1.24,False,,,,,,,,,,,,,,,,,,,,,,,,,,,,3,0,0,0,0,0,0,0,0,0,0,0,0,0,0,0,0,0,0,0,0,0,0,0,0,1,1,1:1,1,2,0,0,0,0,2,0,1,0,0,0,0,0,1,0,0,0,0,
2026-08-07 16:47:50,BIOMD0000000297,19,51,11,2,4,0.18,0.36,0.50,1,0.091,0,baseline,0,30.0,0.00,False,1.0000,0,,,8,4,0,0,4,1,0,4,0.00,0,0.00,0,0.00,0,0.000,0.000,0.000,0,,,,,,,,,,,,,,,,,,,,,,,,,,,,,,,,,,,,,,,,,,,,,,,,,,,,,
2026-08-07 16:47:50,BIOMD0000000297,19,51,11,2,4,0.18,0.36,0.50,1,0.091,0,adaptive,200,30.0,0.00,False,1.0000,0,,,5,4,0,3,0,1,0,4,0.00,0,0.00,0,0.00,0,0.000,0.000,0.000,0,,,,,,,,,,,,,,,,,,,,,,,,,,,,,,,,,,,,,,,,,,,,,,,,,,,,,
2026-08-07 16:47:50,BIOMD0000000297,19,51,11,2,4,0.18,0.36,0.50,1,0.091,0,epm_espm_original,,30.0,0.84,False,,,,,,,,,,,,,,,,,,,,,,,4,3,3,1:1;2:1;3:1,True,,,,,,,,,,,,,,,,,,,,,,,,,,,,,,,,,,,,,,,,,,,,,,,,
2026-08-07 16:47:50,BIOMD0000000297,19,51,11,2,4,0.18,0.36,0.50,1,0.091,0,risk_analysis,,300.0,0.99,False,,,,,,,,,,,,,,,,,,,,,,,,,,,,4,0,0,1,4,0,0,0,0,1,0,0,0,0,0,1,3,0,0,0,0,0,0,0,0,3,3,1:1;2:1;3:1,0,2,0,0,0,0,3,0,1,0,0,0,0,0,1,0,0,0,0,
2026-08-07 16:47:52,BIOMD0000000406,49,51,51,585,136,11.47,2.67,4.30,57,0.451,2,baseline,0,30.0,0.05,False,1.0000,0,,,211,84,60,0,67,10799,87,15,1.10,2,7.70,17,4.58,14,0.495,0.288,0.288,12,,,,,,,,,,,,,,,,,,,,,,,,,,,,,,,,,,,,,,,,,,,,,,,,,,,,,
2026-08-07 16:47:52,BIOMD0000000406,49,51,51,585,136,11.47,2.67,4.30,57,0.451,2,adaptive,200,30.0,0.08,False,1.0000,0,,,174,79,59,28,0,10197,85,15,1.10,2,7.63,17,4.54,14,0.499,0.292,0.292,12,,,,,,,,,,,,,,,,,,,,,,,,,,,,,,,,,,,,,,,,,,,,,,,,,,,,,
2026-08-07 16:47:52,BIOMD0000000406,49,51,51,585,136,11.47,2.67,4.30,57,0.451,2,epm_espm_original,,30.0,1.07,False,,,,,,,,,,,,,,,,,,,,,,,15,3139,17,1:44;2:101;3:182;4:284;5:384;6:420;7:427;8:390;9:297;10:225;11:163;12:108;13:61;14:31;15:15;16:6;17:1,True,,,,,,,,,,,,,,,,,,,,,,,,,,,,,,,,,,,,,,,,,,,,,,,,
2026-08-07 16:47:52,BIOMD0000000406,49,51,51,585,136,11.47,2.67,4.30,57,0.451,2,risk_analysis,,300.0,27.40,False,,,,,,,,,,,,,,,,,,,,,,,,,,,,15,0,23,108,108,0,23,0,0,131,26,0,32,0,0,60,11,0,8,0,3,58,9,0,19,3139,17,1:44;2:101;3:181;4:283;5:383;6:417;7:424;8:392;9:301;10:226;11:164;12:109;13:61;14:31;15:15;16:6;17:1,9787,202330,0,2011,0,297,16779,0,22609,2501,196,0,137,0,6508,2041,150,0,91,
2026-08-07 16:48:21,BIOMD0000000265,23,52,18,11,3,0.61,0.17,3.67,3,0.056,0,baseline,0,30.0,0.00,False,1.0000,0,,,7,4,0,0,3,9,0,5,0.00,0,0.00,0,0.00,0,0.000,0.000,0.000,0,,,,,,,,,,,,,,,,,,,,,,,,,,,,,,,,,,,,,,,,,,,,,,,,,,,,,
2026-08-07 16:48:21,BIOMD0000000265,23,52,18,11,3,0.61,0.17,3.67,3,0.056,0,adaptive,200,30.0,0.00,False,1.0000,0,,,5,4,0,2,0,9,0,5,0.00,0,0.00,0,0.00,0,0.000,0.000,0.000,0,,,,,,,,,,,,,,,,,,,,,,,,,,,,,,,,,,,,,,,,,,,,,,,,,,,,,
2026-08-07 16:48:21,BIOMD0000000265,23,52,18,11,3,0.61,0.17,3.67,3,0.056,0,epm_espm_original,,30.0,0.53,False,,,,,,,,,,,,,,,,,,,,,,,5,21,6,1:6;2:5;3:3;4:3;5:3;6:1,True,,,,,,,,,,,,,,,,,,,,,,,,,,,,,,,,,,,,,,,,,,,,,,,,
2026-08-07 16:48:21,BIOMD0000000265,23,52,18,11,3,0.61,0.17,3.67,3,0.056,0,risk_analysis,,300.0,0.58,False,,,,,,,,,,,,,,,,,,,,,,,,,,,,5,0,0,2,4,0,0,0,0,2,1,0,0,0,0,2,2,0,0,0,0,0,0,0,0,21,6,1:6;2:5;3:3;4:3;5:3;6:1,23,51,0,0,0,0,52,0,7,0,0,0,0,0,7,0,1,0,0,
2026-08-07 16:48:22,BIOMD0000000810,13,53,1,0,0,0.00,0.00,inf,0,1.000,0,baseline,0,30.0,0.00,False,0.0000,0,,,0,0,0,0,0,0,0,1,0.00,0,0.00,0,0.00,0,0.000,0.000,0.000,0,,,,,,,,,,,,,,,,,,,,,,,,,,,,,,,,,,,,,,,,,,,,,,,,,,,,,
2026-08-07 16:48:22,BIOMD0000000810,13,53,1,0,0,0.00,0.00,inf,0,1.000,0,adaptive,200,30.0,0.00,False,0.0000,0,,,0,0,0,0,0,0,0,1,0.00,0,0.00,0,0.00,0,0.000,0.000,0.000,0,,,,,,,,,,,,,,,,,,,,,,,,,,,,,,,,,,,,,,,,,,,,,,,,,,,,,
2026-08-07 16:48:22,BIOMD0000000810,13,53,1,0,0,0.00,0.00,inf,0,1.000,0,epm_espm_original,,30.0,0.55,False,,,,,,,,,,,,,,,,,,,,,,,1,0,0,,True,,,,,,,,,,,,,,,,,,,,,,,,,,,,,,,,,,,,,,,,,,,,,,,,
2026-08-07 16:48:22,BIOMD0000000810,13,53,1,0,0,0.00,0.00,inf,0,1.000,0,risk_analysis,,300.0,0.61,False,,,,,,,,,,,,,,,,,,,,,,,,,,,,1,0,0,0,0,0,0,0,0,0,0,0,0,0,0,0,0,0,0,0,0,0,0,0,0,0,0,,0,0,0,0,0,0,0,0,0,0,0,0,0,0,0,0,0,0,0,
2026-08-07 16:48:23,BIOMD0000000144,18,54,6,1,0,0.17,0.00,inf,1,0.167,0,baseline,0,30.0,0.00,False,0.0000,0,,,0,0,0,0,0,0,0,3,0.00,0,0.00,0,0.00,0,0.000,0.000,0.000,0,,,,,,,,,,,,,,,,,,,,,,,,,,,,,,,,,,,,,,,,,,,,,,,,,,,,,
2026-08-07 16:48:23,BIOMD0000000144,18,54,6,1,0,0.17,0.00,inf,1,0.167,0,adaptive,200,30.0,0.00,False,0.0000,0,,,0,0,0,0,0,0,0,3,0.00,0,0.00,0,0.00,0,0.000,0.000,0.000,0,,,,,,,,,,,,,,,,,,,,,,,,,,,,,,,,,,,,,,,,,,,,,,,,,,,,,
2026-08-07 16:48:23,BIOMD0000000144,18,54,6,1,0,0.17,0.00,inf,1,0.167,0,epm_espm_original,,30.0,0.63,False,,,,,,,,,,,,,,,,,,,,,,,3,6,3,1:3;2:2;3:1,True,,,,,,,,,,,,,,,,,,,,,,,,,,,,,,,,,,,,,,,,,,,,,,,,
2026-08-07 16:48:23,BIOMD0000000144,18,54,6,1,0,0.17,0.00,inf,1,0.167,0,risk_analysis,,300.0,0.70,False,,,,,,,,,,,,,,,,,,,,,,,,,,,,3,0,0,0,0,0,0,0,0,0,0,0,0,0,0,0,0,0,0,0,0,0,0,0,0,6,3,1:3;2:2;3:1,2,4,0,0,0,0,11,0,2,0,0,0,0,0,2,0,0,0,0,
2026-08-07 16:48:25,BIOMD0000000604,29,54,38,112,17,2.95,0.45,6.59,17,0.026,0,baseline,0,30.0,0.00,False,1.0000,0,,,36,8,20,0,8,198,9,5,1.00,1,3.20,6,1.85,6,0.288,0.250,0.250,8,,,,,,,,,,,,,,,,,,,,,,,,,,,,,,,,,,,,,,,,,,,,,,,,,,,,,
2026-08-07 16:48:25,BIOMD0000000604,29,54,38,112,17,2.95,0.45,6.59,17,0.026,0,adaptive,200,30.0,0.00,False,1.0000,0,,,33,8,20,3,0,198,9,5,1.00,1,3.20,6,1.85,6,0.288,0.250,0.250,8,,,,,,,,,,,,,,,,,,,,,,,,,,,,,,,,,,,,,,,,,,,,,,,,,,,,,
2026-08-07 16:48:25,BIOMD0000000604,29,54,38,112,17,2.95,0.45,6.59,17,0.026,0,epm_espm_original,,30.0,0.69,False,,,,,,,,,,,,,,,,,,,,,,,5,31,6,1:6;2:7;3:8;4:6;5:3;6:1,True,,,,,,,,,,,,,,,,,,,,,,,,,,,,,,,,,,,,,,,,,,,,,,,,
2026-08-07 16:48:25,BIOMD0000000604,29,54,38,112,17,2.95,0.45,6.59,17,0.026,0,risk_analysis,,300.0,0.96,False,,,,,,,,,,,,,,,,,,,,,,,,,,,,5,0,0,9,6,0,5,0,0,9,2,0,1,0,0,5,3,0,0,0,0,4,0,0,2,31,6,1:6;2:7;3:8;4:6;5:3;6:1,50,611,0,1,0,3,134,0,475,129,0,0,6,0,30,3,0,0,2,
2026-08-07 16:48:26,BIOMD0000000606,29,54,40,135,19,3.38,0.47,7.11,18,0.025,0,baseline,0,30.0,0.00,False,1.0000,0,,,41,12,17,0,12,224,5,6,1.00,1,2.76,6,1.82,6,0.275,0.235,0.235,9,,,,,,,,,,,,,,,,,,,,,,,,,,,,,,,,,,,,,,,,,,,,,,,,,,,,,
2026-08-07 16:48:26,BIOMD0000000606,29,54,40,135,19,3.38,0.47,7.11,18,0.025,0,adaptive,200,30.0,0.00,False,1.0000,0,,,34,12,17,7,0,224,5,6,1.00,1,2.76,6,1.82,6,0.275,0.235,0.235,9,,,,,,,,,,,,,,,,,,,,,,,,,,,,,,,,,,,,,,,,,,,,,,,,,,,,,
2026-08-07 16:48:26,BIOMD0000000606,29,54,40,135,19,3.38,0.47,7.11,18,0.025,0,epm_espm_original,,30.0,0.53,False,,,,,,,,,,,,,,,,,,,,,,,6,132,10,1:11;2:13;3:22;4:29;5:26;6:16;7:8;8:4;9:2;10:1,True,,,,,,,,,,,,,,,,,,,,,,,,,,,,,,,,,,,,,,,,,,,,,,,,
2026-08-07 16:48:26,BIOMD0000000606,29,54,40,135,19,3.38,0.47,7.11,18,0.025,0,risk_analysis,,300.0,0.68,False,,,,,,,,,,,,,,,,,,,,,,,,,,,,6,0,0,10,8,0,4,0,0,9,2,0,1,0,0,6,4,0,2,0,0,4,0,0,0,132,10,1:11;2:13;3:22;4:29;5:26;6:16;7:8;8:4;9:2;10:1,1743,2386,0,1,0,7,1107,0,853,168,0,0,9,0,176,85,0,0,10,
2026-08-07 16:48:28,BIOMD0000000256,27,56,34,14,20,0.41,0.59,0.70,8,0.029,0,baseline,0,30.0,0.00,False,1.0000,0,,,30,2,24,0,4,36,10,2,1.12,2,4.08,17,1.67,13,0.360,0.296,0.407,15,,,,,,,,,,,,,,,,,,,,,,,,,,,,,,,,,,,,,,,,,,,,,,,,,,,,,
2026-08-07 16:48:28,BIOMD0000000256,27,56,34,14,20,0.41,0.59,0.70,8,0.029,0,adaptive,200,30.0,0.00,False,1.0000,0,,,26,2,24,4,0,36,10,2,1.12,2,4.08,17,1.67,13,0.360,0.296,0.407,15,,,,,,,,,,,,,,,,,,,,,,,,,,,,,,,,,,,,,,,,,,,,,,,,,,,,,
2026-08-07 16:48:28,BIOMD0000000256,27,56,34,14,20,0.41,0.59,0.70,8,0.029,0,epm_espm_original,,30.0,0.60,False,,,,,,,,,,,,,,,,,,,,,,,2,2,1,1:2,True,,,,,,,,,,,,,,,,,,,,,,,,,,,,,,,,,,,,,,,,,,,,,,,,
2026-08-07 16:48:28,BIOMD0000000256,27,56,34,14,20,0.41,0.59,0.70,8,0.029,0,risk_analysis,,300.0,0.55,False,,,,,,,,,,,,,,,,,,,,,,,,,,,,2,0,0,1,4,0,4,0,0,0,0,0,0,0,0,0,1,0,1,0,0,1,1,0,3,2,1,1:2,23,24,0,0,0,0,38,0,6,0,0,0,8,0,1,0,0,0,4,
2026-08-07 16:48:29,BIOMD0000000074,19,57,9,1,1,0.11,0.11,1.00,1,0.111,0,baseline,0,30.0,0.00,False,1.0000,0,,,2,1,0,0,1,0,0,3,0.00,0,0.00,0,0.00,0,0.000,0.000,0.000,0,,,,,,,,,,,,,,,,,,,,,,,,,,,,,,,,,,,,,,,,,,,,,,,,,,,,,
2026-08-07 16:48:29,BIOMD0000000074,19,57,9,1,1,0.11,0.11,1.00,1,0.111,0,adaptive,200,30.0,0.00,False,1.0000,0,,,1,1,0,1,0,0,0,3,0.00,0,0.00,0,0.00,0,0.000,0.000,0.000,0,,,,,,,,,,,,,,,,,,,,,,,,,,,,,,,,,,,,,,,,,,,,,,,,,,,,,
2026-08-07 16:48:29,BIOMD0000000074,19,57,9,1,1,0.11,0.11,1.00,1,0.111,0,epm_espm_original,,30.0,0.55,False,,,,,,,,,,,,,,,,,,,,,,,3,8,4,1:4;2:1;3:2;4:1,True,,,,,,,,,,,,,,,,,,,,,,,,,,,,,,,,,,,,,,,,,,,,,,,,
2026-08-07 16:48:29,BIOMD0000000074,19,57,9,1,1,0.11,0.11,1.00,1,0.111,0,risk_analysis,,300.0,0.47,False,,,,,,,,,,,,,,,,,,,,,,,,,,,,3,0,0,0,1,0,0,0,0,0,0,0,0,0,0,0,1,0,0,0,0,0,0,0,0,8,4,1:4;2:1;3:2;4:1,2,4,0,0,0,0,21,0,2,0,0,0,0,0,2,0,0,0,0,
2026-08-07 16:48:30,BIOMD0000000083,19,57,9,1,1,0.11,0.11,1.00,1,0.111,0,baseline,0,30.0,0.00,False,1.0000,0,,,2,1,0,0,1,0,0,3,0.00,0,0.00,0,0.00,0,0.000,0.000,0.000,0,,,,,,,,,,,,,,,,,,,,,,,,,,,,,,,,,,,,,,,,,,,,,,,,,,,,,
2026-08-07 16:48:30,BIOMD0000000083,19,57,9,1,1,0.11,0.11,1.00,1,0.111,0,adaptive,200,30.0,0.00,False,1.0000,0,,,1,1,0,1,0,0,0,3,0.00,0,0.00,0,0.00,0,0.000,0.000,0.000,0,,,,,,,,,,,,,,,,,,,,,,,,,,,,,,,,,,,,,,,,,,,,,,,,,,,,,
2026-08-07 16:48:30,BIOMD0000000083,19,57,9,1,1,0.11,0.11,1.00,1,0.111,0,epm_espm_original,,30.0,0.52,False,,,,,,,,,,,,,,,,,,,,,,,3,8,4,1:4;2:1;3:2;4:1,True,,,,,,,,,,,,,,,,,,,,,,,,,,,,,,,,,,,,,,,,,,,,,,,,
2026-08-07 16:48:30,BIOMD0000000083,19,57,9,1,1,0.11,0.11,1.00,1,0.111,0,risk_analysis,,300.0,0.51,False,,,,,,,,,,,,,,,,,,,,,,,,,,,,3,0,0,0,1,0,0,0,0,0,0,0,0,0,0,0,1,0,0,0,0,0,0,0,0,8,4,1:4;2:1;3:2;4:1,2,4,0,0,0,0,21,0,2,0,0,0,0,0,2,0,0,0,0,
2026-08-07 16:48:31,BIOMD0000000603,29,58,41,108,21,2.63,0.51,5.14,18,0.024,0,baseline,0,30.0,0.00,False,1.0000,0,,,46,14,18,0,14,257,3,6,1.00,1,2.78,6,1.89,6,0.247,0.222,0.222,9,,,,,,,,,,,,,,,,,,,,,,,,,,,,,,,,,,,,,,,,,,,,,,,,,,,,,
2026-08-07 16:48:31,BIOMD0000000603,29,58,41,108,21,2.63,0.51,5.14,18,0.024,0,adaptive,200,30.0,0.00,False,1.0000,0,,,39,14,18,7,0,257,3,6,1.00,1,2.78,6,1.89,6,0.247,0.222,0.222,9,,,,,,,,,,,,,,,,,,,,,,,,,,,,,,,,,,,,,,,,,,,,,,,,,,,,,
2026-08-07 16:48:31,BIOMD0000000603,29,58,41,108,21,2.63,0.51,5.14,18,0.024,0,epm_espm_original,,30.0,0.65,False,,,,,,,,,,,,,,,,,,,,,,,6,138,10,1:10;2:14;3:23;4:30;5:27;6:18;7:9;8:4;9:2;10:1,True,,,,,,,,,,,,,,,,,,,,,,,,,,,,,,,,,,,,,,,,,,,,,,,,
2026-08-07 16:48:31,BIOMD0000000603,29,58,41,108,21,2.63,0.51,5.14,18,0.024,0,risk_analysis,,300.0,1.00,False,,,,,,,,,,,,,,,,,,,,,,,,,,,,6,0,0,12,10,0,5,0,0,11,3,0,1,0,0,7,5,0,2,0,0,5,0,0,0,138,10,1:10;2:14;3:23;4:30;5:27;6:18;7:9;8:4;9:2;10:1,2564,2321,0,1,0,6,1716,0,774,272,0,0,8,0,226,135,0,0,9,
2026-08-07 16:48:32,BIOMD0000000605,29,58,41,108,21,2.63,0.51,5.14,18,0.024,0,baseline,0,30.0,0.00,False,1.0000,0,,,46,14,18,0,14,257,3,6,1.00,1,2.78,6,1.89,6,0.247,0.222,0.222,9,,,,,,,,,,,,,,,,,,,,,,,,,,,,,,,,,,,,,,,,,,,,,,,,,,,,,
2026-08-07 16:48:32,BIOMD0000000605,29,58,41,108,21,2.63,0.51,5.14,18,0.024,0,adaptive,200,30.0,0.00,False,1.0000,0,,,39,14,18,7,0,257,3,6,1.00,1,2.78,6,1.89,6,0.247,0.222,0.222,9,,,,,,,,,,,,,,,,,,,,,,,,,,,,,,,,,,,,,,,,,,,,,,,,,,,,,
2026-08-07 16:48:32,BIOMD0000000605,29,58,41,108,21,2.63,0.51,5.14,18,0.024,0,epm_espm_original,,30.0,0.50,False,,,,,,,,,,,,,,,,,,,,,,,6,138,10,1:10;2:14;3:23;4:30;5:27;6:18;7:9;8:4;9:2;10:1,True,,,,,,,,,,,,,,,,,,,,,,,,,,,,,,,,,,,,,,,,,,,,,,,,
2026-08-07 16:48:32,BIOMD0000000605,29,58,41,108,21,2.63,0.51,5.14,18,0.024,0,risk_analysis,,300.0,0.82,False,,,,,,,,,,,,,,,,,,,,,,,,,,,,6,0,0,12,10,0,5,0,0,11,3,0,1,0,0,7,5,0,2,0,0,5,0,0,0,138,10,1:10;2:14;3:23;4:30;5:27;6:18;7:9;8:4;9:2;10:1,2564,2321,0,1,0,6,1716,0,774,272,0,0,8,0,226,135,0,0,9,
2026-08-07 16:48:34,BIOMD0000000607,29,58,41,108,21,2.63,0.51,5.14,18,0.024,0,baseline,0,30.0,0.00,False,1.0000,0,,,46,14,18,0,14,257,3,6,1.00,1,2.78,6,1.89,6,0.247,0.222,0.222,9,,,,,,,,,,,,,,,,,,,,,,,,,,,,,,,,,,,,,,,,,,,,,,,,,,,,,
2026-08-07 16:48:34,BIOMD0000000607,29,58,41,108,21,2.63,0.51,5.14,18,0.024,0,adaptive,200,30.0,0.00,False,1.0000,0,,,39,14,18,7,0,257,3,6,1.00,1,2.78,6,1.89,6,0.247,0.222,0.222,9,,,,,,,,,,,,,,,,,,,,,,,,,,,,,,,,,,,,,,,,,,,,,,,,,,,,,
2026-08-07 16:48:34,BIOMD0000000607,29,58,41,108,21,2.63,0.51,5.14,18,0.024,0,epm_espm_original,,30.0,0.61,False,,,,,,,,,,,,,,,,,,,,,,,6,138,10,1:10;2:14;3:23;4:30;5:27;6:18;7:9;8:4;9:2;10:1,True,,,,,,,,,,,,,,,,,,,,,,,,,,,,,,,,,,,,,,,,,,,,,,,,
2026-08-07 16:48:34,BIOMD0000000607,29,58,41,108,21,2.63,0.51,5.14,18,0.024,0,risk_analysis,,300.0,1.16,False,,,,,,,,,,,,,,,,,,,,,,,,,,,,6,0,0,12,10,0,5,0,0,11,3,0,1,0,0,7,5,0,2,0,0,5,0,0,0,138,10,1:10;2:14;3:23;4:30;5:27;6:18;7:9;8:4;9:2;10:1,2564,2321,0,1,0,6,1716,0,774,272,0,0,8,0,226,135,0,0,9,
2026-08-07 16:48:36,BIOMD0000000610,29,58,41,108,21,2.63,0.51,5.14,18,0.024,0,baseline,0,30.0,0.00,False,1.0000,0,,,46,14,18,0,14,257,3,6,1.00,1,2.78,6,1.89,6,0.247,0.222,0.222,9,,,,,,,,,,,,,,,,,,,,,,,,,,,,,,,,,,,,,,,,,,,,,,,,,,,,,
2026-08-07 16:48:36,BIOMD0000000610,29,58,41,108,21,2.63,0.51,5.14,18,0.024,0,adaptive,200,30.0,0.00,False,1.0000,0,,,39,14,18,7,0,257,3,6,1.00,1,2.78,6,1.89,6,0.247,0.222,0.222,9,,,,,,,,,,,,,,,,,,,,,,,,,,,,,,,,,,,,,,,,,,,,,,,,,,,,,
2026-08-07 16:48:36,BIOMD0000000610,29,58,41,108,21,2.63,0.51,5.14,18,0.024,0,epm_espm_original,,30.0,0.85,False,,,,,,,,,,,,,,,,,,,,,,,6,138,10,1:10;2:14;3:23;4:30;5:27;6:18;7:9;8:4;9:2;10:1,True,,,,,,,,,,,,,,,,,,,,,,,,,,,,,,,,,,,,,,,,,,,,,,,,
2026-08-07 16:48:36,BIOMD0000000610,29,58,41,108,21,2.63,0.51,5.14,18,0.024,0,risk_analysis,,300.0,1.50,False,,,,,,,,,,,,,,,,,,,,,,,,,,,,6,0,0,12,10,0,5,0,0,11,3,0,1,0,0,7,5,0,2,0,0,5,0,0,0,138,10,1:10;2:14;3:23;4:30;5:27;6:18;7:9;8:4;9:2;10:1,2564,2321,0,1,0,6,1716,0,774,272,0,0,8,0,226,135,0,0,9,
2026-08-07 16:48:38,BIOMD0000000613,30,58,4,0,0,0.00,0.00,inf,0,0.250,0,baseline,0,30.0,0.00,False,0.0000,0,,,0,0,0,0,0,0,1,3,0.00,0,0.00,0,0.00,0,0.000,0.000,0.000,0,,,,,,,,,,,,,,,,,,,,,,,,,,,,,,,,,,,,,,,,,,,,,,,,,,,,,
2026-08-07 16:48:38,BIOMD0000000613,30,58,4,0,0,0.00,0.00,inf,0,0.250,0,adaptive,200,30.0,0.00,False,0.0000,0,,,0,0,0,0,0,0,1,3,0.00,0,0.00,0,0.00,0,0.000,0.000,0.000,0,,,,,,,,,,,,,,,,,,,,,,,,,,,,,,,,,,,,,,,,,,,,,,,,,,,,,
2026-08-07 16:48:38,BIOMD0000000613,30,58,4,0,0,0.00,0.00,inf,0,0.250,0,epm_espm_original,,30.0,1.51,False,,,,,,,,,,,,,,,,,,,,,,,3,0,0,,True,,,,,,,,,,,,,,,,,,,,,,,,,,,,,,,,,,,,,,,,,,,,,,,,
2026-08-07 16:48:38,BIOMD0000000613,30,58,4,0,0,0.00,0.00,inf,0,0.250,0,risk_analysis,,300.0,0.93,False,,,,,,,,,,,,,,,,,,,,,,,,,,,,3,0,0,0,0,0,0,0,0,0,0,0,0,0,0,0,0,0,0,0,0,0,0,0,0,0,0,,0,0,0,0,0,0,0,0,0,0,0,0,0,0,0,0,0,0,0,
2026-08-07 16:48:41,BIOMD0000000940,20,60,1,0,0,0.00,0.00,inf,0,1.000,0,baseline,0,30.0,0.00,False,0.0000,0,,,0,0,0,0,0,0,0,1,0.00,0,0.00,0,0.00,0,0.000,0.000,0.000,0,,,,,,,,,,,,,,,,,,,,,,,,,,,,,,,,,,,,,,,,,,,,,,,,,,,,,
2026-08-07 16:48:41,BIOMD0000000940,20,60,1,0,0,0.00,0.00,inf,0,1.000,0,adaptive,200,30.0,0.00,False,0.0000,0,,,0,0,0,0,0,0,0,1,0.00,0,0.00,0,0.00,0,0.000,0.000,0.000,0,,,,,,,,,,,,,,,,,,,,,,,,,,,,,,,,,,,,,,,,,,,,,,,,,,,,,
2026-08-07 16:48:41,BIOMD0000000940,20,60,1,0,0,0.00,0.00,inf,0,1.000,0,epm_espm_original,,30.0,0.63,False,,,,,,,,,,,,,,,,,,,,,,,1,0,0,,True,,,,,,,,,,,,,,,,,,,,,,,,,,,,,,,,,,,,,,,,,,,,,,,,
2026-08-07 16:48:41,BIOMD0000000940,20,60,1,0,0,0.00,0.00,inf,0,1.000,0,risk_analysis,,300.0,0.66,False,,,,,,,,,,,,,,,,,,,,,,,,,,,,1,0,0,0,0,0,0,0,0,0,0,0,0,0,0,0,0,0,0,0,0,0,0,0,0,0,0,,0,0,0,0,0,0,0,0,0,0,0,0,0,0,0,0,0,0,0,
2026-08-07 16:48:42,BIOMD0000000268,43,61,42,29,40,0.69,0.95,0.72,6,0.095,1,baseline,0,30.0,0.00,False,1.0000,0,,,39,4,25,0,10,67,63,3,1.20,2,4.16,13,1.68,5,0.291,0.200,0.300,19,,,,,,,,,,,,,,,,,,,,,,,,,,,,,,,,,,,,,,,,,,,,,,,,,,,,,
2026-08-07 16:48:42,BIOMD0000000268,43,61,42,29,40,0.69,0.95,0.72,6,0.095,1,adaptive,200,30.0,0.00,False,1.0000,0,,,31,4,24,7,0,64,60,3,1.17,2,4.04,13,1.67,5,0.274,0.179,0.286,18,,,,,,,,,,,,,,,,,,,,,,,,,,,,,,,,,,,,,,,,,,,,,,,,,,,,,
2026-08-07 16:48:42,BIOMD0000000268,43,61,42,29,40,0.69,0.95,0.72,6,0.095,1,epm_espm_original,,30.0,0.74,False,,,,,,,,,,,,,,,,,,,,,,,3,3,2,1:2;2:1,True,,,,,,,,,,,,,,,,,,,,,,,,,,,,,,,,,,,,,,,,,,,,,,,,
2026-08-07 16:48:42,BIOMD0000000268,43,61,42,29,40,0.69,0.95,0.72,6,0.095,1,risk_analysis,,300.0,0.56,False,,,,,,,,,,,,,,,,,,,,,,,,,,,,3,0,0,14,29,0,5,0,0,21,7,0,2,0,0,3,1,0,0,0,0,15,7,0,4,3,2,1:2;2:1,8,42,0,0,0,1,19,0,20,0,0,0,0,0,2,0,0,0,0,
2026-08-07 16:48:43,BIOMD0000000446,27,62,1,0,0,0.00,0.00,inf,0,1.000,0,baseline,0,30.0,0.00,False,0.0000,0,,,0,0,0,0,0,0,0,1,0.00,0,0.00,0,0.00,0,0.000,0.000,0.000,0,,,,,,,,,,,,,,,,,,,,,,,,,,,,,,,,,,,,,,,,,,,,,,,,,,,,,
2026-08-07 16:48:43,BIOMD0000000446,27,62,1,0,0,0.00,0.00,inf,0,1.000,0,adaptive,200,30.0,0.00,False,0.0000,0,,,0,0,0,0,0,0,0,1,0.00,0,0.00,0,0.00,0,0.000,0.000,0.000,0,,,,,,,,,,,,,,,,,,,,,,,,,,,,,,,,,,,,,,,,,,,,,,,,,,,,,
2026-08-07 16:48:43,BIOMD0000000446,27,62,1,0,0,0.00,0.00,inf,0,1.000,0,epm_espm_original,,30.0,0.71,False,,,,,,,,,,,,,,,,,,,,,,,1,0,0,,True,,,,,,,,,,,,,,,,,,,,,,,,,,,,,,,,,,,,,,,,,,,,,,,,
2026-08-07 16:48:43,BIOMD0000000446,27,62,1,0,0,0.00,0.00,inf,0,1.000,0,risk_analysis,,300.0,0.52,False,,,,,,,,,,,,,,,,,,,,,,,,,,,,1,0,0,0,0,0,0,0,0,0,0,0,0,0,0,0,0,0,0,0,0,0,0,0,0,0,0,,0,0,0,0,0,0,0,0,0,0,0,0,0,0,0,0,0,0,0,
2026-08-07 16:48:44,BIOMD0000000569,21,62,2,0,0,0.00,0.00,inf,0,0.500,0,baseline,0,30.0,0.00,False,0.0000,0,,,0,0,0,0,0,0,0,1,0.00,0,0.00,0,0.00,0,0.000,0.000,0.000,0,,,,,,,,,,,,,,,,,,,,,,,,,,,,,,,,,,,,,,,,,,,,,,,,,,,,,
2026-08-07 16:48:44,BIOMD0000000569,21,62,2,0,0,0.00,0.00,inf,0,0.500,0,adaptive,200,30.0,0.00,False,0.0000,0,,,0,0,0,0,0,0,0,1,0.00,0,0.00,0,0.00,0,0.000,0.000,0.000,0,,,,,,,,,,,,,,,,,,,,,,,,,,,,,,,,,,,,,,,,,,,,,,,,,,,,,
2026-08-07 16:48:44,BIOMD0000000569,21,62,2,0,0,0.00,0.00,inf,0,0.500,0,epm_espm_original,,30.0,0.65,False,,,,,,,,,,,,,,,,,,,,,,,1,1,1,1:1,True,,,,,,,,,,,,,,,,,,,,,,,,,,,,,,,,,,,,,,,,,,,,,,,,
2026-08-07 16:48:44,BIOMD0000000569,21,62,2,0,0,0.00,0.00,inf,0,0.500,0,risk_analysis,,300.0,1.11,False,,,,,,,,,,,,,,,,,,,,,,,,,,,,1,0,0,0,0,0,0,0,0,0,0,0,0,0,0,0,0,0,0,0,0,0,0,0,0,1,1,1:1,0,0,0,0,0,0,1,0,0,0,0,0,0,0,0,0,0,0,0,
2026-08-07 16:48:46,BIOMD0000000230,26,64,19,13,6,0.68,0.32,2.17,7,0.053,0,baseline,0,30.0,0.00,False,1.0000,0,,,10,6,3,0,1,0,5,4,1.00,1,1.00,1,1.00,1,0.000,0.333,0.333,3,,,,,,,,,,,,,,,,,,,,,,,,,,,,,,,,,,,,,,,,,,,,,,,,,,,,,
2026-08-07 16:48:46,BIOMD0000000230,26,64,19,13,6,0.68,0.32,2.17,7,0.053,0,adaptive,200,30.0,0.00,False,1.0000,0,,,10,6,3,0,0,0,5,4,1.00,1,1.00,1,1.00,1,0.000,0.333,0.333,3,,,,,,,,,,,,,,,,,,,,,,,,,,,,,,,,,,,,,,,,,,,,,,,,,,,,,
2026-08-07 16:48:46,BIOMD0000000230,26,64,19,13,6,0.68,0.32,2.17,7,0.053,0,epm_espm_original,,30.0,0.59,False,,,,,,,,,,,,,,,,,,,,,,,4,17,4,1:6;2:6;3:4;4:1,True,,,,,,,,,,,,,,,,,,,,,,,,,,,,,,,,,,,,,,,,,,,,,,,,
2026-08-07 16:48:46,BIOMD0000000230,26,64,19,13,6,0.68,0.32,2.17,7,0.053,0,risk_analysis,,300.0,0.54,False,,,,,,,,,,,,,,,,,,,,,,,,,,,,4,0,0,6,3,0,0,0,0,6,0,0,0,0,0,6,0,0,0,0,0,0,0,0,0,17,4,1:6;2:6;3:4;4:1,11,70,0,0,0,0,59,0,12,0,0,0,0,0,11,0,0,0,0,
2026-08-07 16:48:47,BIOMD0000000356,32,64,21,8,21,0.38,1.00,0.38,3,0.048,0,baseline,0,30.0,0.00,False,1.0000,0,,,26,15,2,0,9,9,0,8,1.00,1,1.50,3,1.00,1,0.000,0.500,0.500,2,,,,,,,,,,,,,,,,,,,,,,,,,,,,,,,,,,,,,,,,,,,,,,,,,,,,,
2026-08-07 16:48:47,BIOMD0000000356,32,64,21,8,21,0.38,1.00,0.38,3,0.048,0,adaptive,200,30.0,0.00,False,1.0000,0,,,22,15,2,4,0,9,0,8,1.00,1,1.50,3,1.00,1,0.000,0.500,0.500,2,,,,,,,,,,,,,,,,,,,,,,,,,,,,,,,,,,,,,,,,,,,,,,,,,,,,,
2026-08-07 16:48:47,BIOMD0000000356,32,64,21,8,21,0.38,1.00,0.38,3,0.048,0,epm_espm_original,,30.0,0.60,False,,,,,,,,,,,,,,,,,,,,,,,8,63,7,1:9;2:11;3:13;4:12;5:10;6:6;7:2,True,,,,,,,,,,,,,,,,,,,,,,,,,,,,,,,,,,,,,,,,,,,,,,,,
2026-08-07 16:48:47,BIOMD0000000356,32,64,21,8,21,0.38,1.00,0.38,3,0.048,0,risk_analysis,,300.0,0.64,False,,,,,,,,,,,,,,,,,,,,,,,,,,,,8,0,0,6,9,0,0,0,0,6,5,0,0,0,0,6,9,0,0,0,0,0,0,0,0,63,7,1:9;2:11;3:13;4:12;5:10;6:6;7:2,62,131,0,0,0,15,210,0,46,0,0,0,8,0,46,0,0,0,8,
2026-08-07 16:48:49,BIOMD0000000627,65,64,52,19,50,0.37,0.96,0.38,4,0.019,0,baseline,0,30.0,0.00,False,1.0000,0,,,62,3,36,0,23,63,20,3,1.17,2,5.75,21,1.78,5,0.207,0.071,0.190,28,,,,,,,,,,,,,,,,,,,,,,,,,,,,,,,,,,,,,,,,,,,,,,,,,,,,,
2026-08-07 16:48:49,BIOMD0000000627,65,64,52,19,50,0.37,0.96,0.38,4,0.019,0,adaptive,200,30.0,0.00,False,1.0000,0,,,41,3,36,21,0,63,20,3,1.17,2,5.75,21,1.78,5,0.207,0.071,0.190,28,,,,,,,,,,,,,,,,,,,,,,,,,,,,,,,,,,,,,,,,,,,,,,,,,,,,,
2026-08-07 16:48:49,BIOMD0000000627,65,64,52,19,50,0.37,0.96,0.38,4,0.019,0,epm_espm_original,,30.0,0.54,False,,,,,,,,,,,,,,,,,,,,,,,3,1,1,1:1,True,,,,,,,,,,,,,,,,,,,,,,,,,,,,,,,,,,,,,,,,,,,,,,,,
2026-08-07 16:48:49,BIOMD0000000627,65,64,52,19,50,0.37,0.96,0.38,4,0.019,0,risk_analysis,,300.0,0.81,False,,,,,,,,,,,,,,,,,,,,,,,,,,,,3,0,0,3,18,0,4,0,0,0,0,0,4,0,0,1,2,0,0,0,0,2,4,0,4,1,1,1:1,0,7,0,0,0,2,10,0,4,0,0,0,2,0,0,0,0,0,0,
2026-08-07 16:48:50,BIOMD0000000989,23,65,8,0,3,0.00,0.38,0.00,0,0.125,0,baseline,0,30.0,0.00,False,1.0000,0,,,6,3,0,0,3,0,0,2,0.00,0,0.00,0,0.00,0,0.000,0.000,0.000,0,,,,,,,,,,,,,,,,,,,,,,,,,,,,,,,,,,,,,,,,,,,,,,,,,,,,,
2026-08-07 16:48:50,BIOMD0000000989,23,65,8,0,3,0.00,0.38,0.00,0,0.125,0,adaptive,200,30.0,0.00,False,1.0000,0,,,3,3,0,3,0,0,0,2,0.00,0,0.00,0,0.00,0,0.000,0.000,0.000,0,,,,,,,,,,,,,,,,,,,,,,,,,,,,,,,,,,,,,,,,,,,,,,,,,,,,,
2026-08-07 16:48:50,BIOMD0000000989,23,65,8,0,3,0.00,0.38,0.00,0,0.125,0,epm_espm_original,,30.0,0.69,False,,,,,,,,,,,,,,,,,,,,,,,2,2,2,1:1;2:1,True,,,,,,,,,,,,,,,,,,,,,,,,,,,,,,,,,,,,,,,,,,,,,,,,
2026-08-07 16:48:50,BIOMD0000000989,23,65,8,0,3,0.00,0.38,0.00,0,0.125,0,risk_analysis,,300.0,0.48,False,,,,,,,,,,,,,,,,,,,,,,,,,,,,2,0,0,0,3,0,0,0,0,0,0,0,0,0,0,0,3,0,0,0,0,0,0,0,0,2,2,1:1;2:1,0,0,0,0,0,0,1,0,0,0,0,0,0,0,0,0,0,0,0,
2026-08-07 16:48:51,BIOMD0000000990,23,65,8,0,3,0.00,0.38,0.00,0,0.125,0,baseline,0,30.0,0.00,False,1.0000,0,,,6,3,0,0,3,0,0,2,0.00,0,0.00,0,0.00,0,0.000,0.000,0.000,0,,,,,,,,,,,,,,,,,,,,,,,,,,,,,,,,,,,,,,,,,,,,,,,,,,,,,
2026-08-07 16:48:51,BIOMD0000000990,23,65,8,0,3,0.00,0.38,0.00,0,0.125,0,adaptive,200,30.0,0.00,False,1.0000,0,,,3,3,0,3,0,0,0,2,0.00,0,0.00,0,0.00,0,0.000,0.000,0.000,0,,,,,,,,,,,,,,,,,,,,,,,,,,,,,,,,,,,,,,,,,,,,,,,,,,,,,
2026-08-07 16:48:51,BIOMD0000000990,23,65,8,0,3,0.00,0.38,0.00,0,0.125,0,epm_espm_original,,30.0,0.60,False,,,,,,,,,,,,,,,,,,,,,,,2,2,2,1:1;2:1,True,,,,,,,,,,,,,,,,,,,,,,,,,,,,,,,,,,,,,,,,,,,,,,,,
2026-08-07 16:48:51,BIOMD0000000990,23,65,8,0,3,0.00,0.38,0.00,0,0.125,0,risk_analysis,,300.0,0.46,False,,,,,,,,,,,,,,,,,,,,,,,,,,,,2,0,0,0,3,0,0,0,0,0,0,0,0,0,0,0,3,0,0,0,0,0,0,0,0,2,2,1:1;2:1,0,0,0,0,0,0,1,0,0,0,0,0,0,0,0,0,0,0,0,
2026-08-07 16:48:52,BIOMD0000000997,23,65,8,0,3,0.00,0.38,0.00,0,0.125,0,baseline,0,30.0,0.00,False,1.0000,0,,,6,3,0,0,3,0,0,2,0.00,0,0.00,0,0.00,0,0.000,0.000,0.000,0,,,,,,,,,,,,,,,,,,,,,,,,,,,,,,,,,,,,,,,,,,,,,,,,,,,,,
2026-08-07 16:48:52,BIOMD0000000997,23,65,8,0,3,0.00,0.38,0.00,0,0.125,0,adaptive,200,30.0,0.00,False,1.0000,0,,,3,3,0,3,0,0,0,2,0.00,0,0.00,0,0.00,0,0.000,0.000,0.000,0,,,,,,,,,,,,,,,,,,,,,,,,,,,,,,,,,,,,,,,,,,,,,,,,,,,,,
2026-08-07 16:48:52,BIOMD0000000997,23,65,8,0,3,0.00,0.38,0.00,0,0.125,0,epm_espm_original,,30.0,0.59,False,,,,,,,,,,,,,,,,,,,,,,,2,2,2,1:1;2:1,True,,,,,,,,,,,,,,,,,,,,,,,,,,,,,,,,,,,,,,,,,,,,,,,,
2026-08-07 16:48:52,BIOMD0000000997,23,65,8,0,3,0.00,0.38,0.00,0,0.125,0,risk_analysis,,300.0,0.49,False,,,,,,,,,,,,,,,,,,,,,,,,,,,,2,0,0,0,3,0,0,0,0,0,0,0,0,0,0,0,3,0,0,0,0,0,0,0,0,2,2,1:1;2:1,0,0,0,0,0,0,1,0,0,0,0,0,0,0,0,0,0,0,0,
2026-08-07 16:48:53,BIOMD0000000994,23,66,8,0,3,0.00,0.38,0.00,0,0.125,0,baseline,0,30.0,0.00,False,1.0000,0,,,6,3,0,0,3,0,0,2,0.00,0,0.00,0,0.00,0,0.000,0.000,0.000,0,,,,,,,,,,,,,,,,,,,,,,,,,,,,,,,,,,,,,,,,,,,,,,,,,,,,,
2026-08-07 16:48:53,BIOMD0000000994,23,66,8,0,3,0.00,0.38,0.00,0,0.125,0,adaptive,200,30.0,0.00,False,1.0000,0,,,3,3,0,3,0,0,0,2,0.00,0,0.00,0,0.00,0,0.000,0.000,0.000,0,,,,,,,,,,,,,,,,,,,,,,,,,,,,,,,,,,,,,,,,,,,,,,,,,,,,,
2026-08-07 16:48:53,BIOMD0000000994,23,66,8,0,3,0.00,0.38,0.00,0,0.125,0,epm_espm_original,,30.0,0.59,False,,,,,,,,,,,,,,,,,,,,,,,2,2,2,1:1;2:1,True,,,,,,,,,,,,,,,,,,,,,,,,,,,,,,,,,,,,,,,,,,,,,,,,
2026-08-07 16:48:53,BIOMD0000000994,23,66,8,0,3,0.00,0.38,0.00,0,0.125,0,risk_analysis,,300.0,0.45,False,,,,,,,,,,,,,,,,,,,,,,,,,,,,2,0,0,0,3,0,0,0,0,0,0,0,0,0,0,0,3,0,0,0,0,0,0,0,0,2,2,1:1;2:1,0,0,0,0,0,0,1,0,0,0,0,0,0,0,0,0,0,0,0,
2026-08-07 16:48:54,BIOMD0000000995,23,66,8,0,3,0.00,0.38,0.00,0,0.125,0,baseline,0,30.0,0.00,False,1.0000,0,,,6,3,0,0,3,0,0,2,0.00,0,0.00,0,0.00,0,0.000,0.000,0.000,0,,,,,,,,,,,,,,,,,,,,,,,,,,,,,,,,,,,,,,,,,,,,,,,,,,,,,
2026-08-07 16:48:54,BIOMD0000000995,23,66,8,0,3,0.00,0.38,0.00,0,0.125,0,adaptive,200,30.0,0.00,False,1.0000,0,,,3,3,0,3,0,0,0,2,0.00,0,0.00,0,0.00,0,0.000,0.000,0.000,0,,,,,,,,,,,,,,,,,,,,,,,,,,,,,,,,,,,,,,,,,,,,,,,,,,,,,
2026-08-07 16:48:54,BIOMD0000000995,23,66,8,0,3,0.00,0.38,0.00,0,0.125,0,epm_espm_original,,30.0,0.60,False,,,,,,,,,,,,,,,,,,,,,,,2,2,2,1:1;2:1,True,,,,,,,,,,,,,,,,,,,,,,,,,,,,,,,,,,,,,,,,,,,,,,,,
2026-08-07 16:48:54,BIOMD0000000995,23,66,8,0,3,0.00,0.38,0.00,0,0.125,0,risk_analysis,,300.0,0.68,False,,,,,,,,,,,,,,,,,,,,,,,,,,,,2,0,0,0,3,0,0,0,0,0,0,0,0,0,0,0,3,0,0,0,0,0,0,0,0,2,2,1:1;2:1,0,0,0,0,0,0,1,0,0,0,0,0,0,0,0,0,0,0,0,
2026-08-07 16:48:56,BIOMD0000000996,23,66,8,0,3,0.00,0.38,0.00,0,0.125,0,baseline,0,30.0,0.00,False,1.0000,0,,,6,3,0,0,3,0,0,2,0.00,0,0.00,0,0.00,0,0.000,0.000,0.000,0,,,,,,,,,,,,,,,,,,,,,,,,,,,,,,,,,,,,,,,,,,,,,,,,,,,,,
2026-08-07 16:48:56,BIOMD0000000996,23,66,8,0,3,0.00,0.38,0.00,0,0.125,0,adaptive,200,30.0,0.00,False,1.0000,0,,,3,3,0,3,0,0,0,2,0.00,0,0.00,0,0.00,0,0.000,0.000,0.000,0,,,,,,,,,,,,,,,,,,,,,,,,,,,,,,,,,,,,,,,,,,,,,,,,,,,,,
2026-08-07 16:48:56,BIOMD0000000996,23,66,8,0,3,0.00,0.38,0.00,0,0.125,0,epm_espm_original,,30.0,0.87,False,,,,,,,,,,,,,,,,,,,,,,,2,2,2,1:1;2:1,True,,,,,,,,,,,,,,,,,,,,,,,,,,,,,,,,,,,,,,,,,,,,,,,,
2026-08-07 16:48:56,BIOMD0000000996,23,66,8,0,3,0.00,0.38,0.00,0,0.125,0,risk_analysis,,300.0,0.67,False,,,,,,,,,,,,,,,,,,,,,,,,,,,,2,0,0,0,3,0,0,0,0,0,0,0,0,0,0,0,3,0,0,0,0,0,0,0,0,2,2,1:1;2:1,0,0,0,0,0,0,1,0,0,0,0,0,0,0,0,0,0,0,0,
2026-08-07 16:48:57,BIOMD0000000998,23,66,8,0,3,0.00,0.38,0.00,0,0.125,0,baseline,0,30.0,0.00,False,1.0000,0,,,6,3,0,0,3,0,0,2,0.00,0,0.00,0,0.00,0,0.000,0.000,0.000,0,,,,,,,,,,,,,,,,,,,,,,,,,,,,,,,,,,,,,,,,,,,,,,,,,,,,,
2026-08-07 16:48:57,BIOMD0000000998,23,66,8,0,3,0.00,0.38,0.00,0,0.125,0,adaptive,200,30.0,0.00,False,1.0000,0,,,3,3,0,3,0,0,0,2,0.00,0,0.00,0,0.00,0,0.000,0.000,0.000,0,,,,,,,,,,,,,,,,,,,,,,,,,,,,,,,,,,,,,,,,,,,,,,,,,,,,,
2026-08-07 16:48:57,BIOMD0000000998,23,66,8,0,3,0.00,0.38,0.00,0,0.125,0,epm_espm_original,,30.0,0.84,False,,,,,,,,,,,,,,,,,,,,,,,2,2,2,1:1;2:1,True,,,,,,,,,,,,,,,,,,,,,,,,,,,,,,,,,,,,,,,,,,,,,,,,
2026-08-07 16:48:57,BIOMD0000000998,23,66,8,0,3,0.00,0.38,0.00,0,0.125,0,risk_analysis,,300.0,0.70,False,,,,,,,,,,,,,,,,,,,,,,,,,,,,2,0,0,0,3,0,0,0,0,0,0,0,0,0,0,0,3,0,0,0,0,0,0,0,0,2,2,1:1;2:1,0,0,0,0,0,0,1,0,0,0,0,0,0,0,0,0,0,0,0,
2026-08-07 16:48:59,BIOMD0000000999,23,66,8,0,3,0.00,0.38,0.00,0,0.125,0,baseline,0,30.0,0.00,False,1.0000,0,,,6,3,0,0,3,0,0,2,0.00,0,0.00,0,0.00,0,0.000,0.000,0.000,0,,,,,,,,,,,,,,,,,,,,,,,,,,,,,,,,,,,,,,,,,,,,,,,,,,,,,
2026-08-07 16:48:59,BIOMD0000000999,23,66,8,0,3,0.00,0.38,0.00,0,0.125,0,adaptive,200,30.0,0.00,False,1.0000,0,,,3,3,0,3,0,0,0,2,0.00,0,0.00,0,0.00,0,0.000,0.000,0.000,0,,,,,,,,,,,,,,,,,,,,,,,,,,,,,,,,,,,,,,,,,,,,,,,,,,,,,
2026-08-07 16:48:59,BIOMD0000000999,23,66,8,0,3,0.00,0.38,0.00,0,0.125,0,epm_espm_original,,30.0,0.95,False,,,,,,,,,,,,,,,,,,,,,,,2,2,2,1:1;2:1,True,,,,,,,,,,,,,,,,,,,,,,,,,,,,,,,,,,,,,,,,,,,,,,,,
2026-08-07 16:48:59,BIOMD0000000999,23,66,8,0,3,0.00,0.38,0.00,0,0.125,0,risk_analysis,,300.0,0.66,False,,,,,,,,,,,,,,,,,,,,,,,,,,,,2,0,0,0,3,0,0,0,0,0,0,0,0,0,0,0,3,0,0,0,0,0,0,0,0,2,2,1:1;2:1,0,0,0,0,0,0,1,0,0,0,0,0,0,0,0,0,0,0,0,
2026-08-07 16:49:01,BIOMD0000001000,23,66,8,0,3,0.00,0.38,0.00,0,0.125,0,baseline,0,30.0,0.00,False,1.0000,0,,,6,3,0,0,3,0,0,2,0.00,0,0.00,0,0.00,0,0.000,0.000,0.000,0,,,,,,,,,,,,,,,,,,,,,,,,,,,,,,,,,,,,,,,,,,,,,,,,,,,,,
2026-08-07 16:49:01,BIOMD0000001000,23,66,8,0,3,0.00,0.38,0.00,0,0.125,0,adaptive,200,30.0,0.00,False,1.0000,0,,,3,3,0,3,0,0,0,2,0.00,0,0.00,0,0.00,0,0.000,0.000,0.000,0,,,,,,,,,,,,,,,,,,,,,,,,,,,,,,,,,,,,,,,,,,,,,,,,,,,,,
2026-08-07 16:49:01,BIOMD0000001000,23,66,8,0,3,0.00,0.38,0.00,0,0.125,0,epm_espm_original,,30.0,0.55,False,,,,,,,,,,,,,,,,,,,,,,,2,2,2,1:1;2:1,True,,,,,,,,,,,,,,,,,,,,,,,,,,,,,,,,,,,,,,,,,,,,,,,,
2026-08-07 16:49:01,BIOMD0000001000,23,66,8,0,3,0.00,0.38,0.00,0,0.125,0,risk_analysis,,300.0,0.51,False,,,,,,,,,,,,,,,,,,,,,,,,,,,,2,0,0,0,3,0,0,0,0,0,0,0,0,0,0,0,3,0,0,0,0,0,0,0,0,2,2,1:1;2:1,0,0,0,0,0,0,1,0,0,0,0,0,0,0,0,0,0,0,0,
2026-08-07 16:49:02,BIOMD0000001001,23,66,8,0,3,0.00,0.38,0.00,0,0.125,0,baseline,0,30.0,0.00,False,1.0000,0,,,6,3,0,0,3,0,0,2,0.00,0,0.00,0,0.00,0,0.000,0.000,0.000,0,,,,,,,,,,,,,,,,,,,,,,,,,,,,,,,,,,,,,,,,,,,,,,,,,,,,,
2026-08-07 16:49:02,BIOMD0000001001,23,66,8,0,3,0.00,0.38,0.00,0,0.125,0,adaptive,200,30.0,0.00,False,1.0000,0,,,3,3,0,3,0,0,0,2,0.00,0,0.00,0,0.00,0,0.000,0.000,0.000,0,,,,,,,,,,,,,,,,,,,,,,,,,,,,,,,,,,,,,,,,,,,,,,,,,,,,,
2026-08-07 16:49:02,BIOMD0000001001,23,66,8,0,3,0.00,0.38,0.00,0,0.125,0,epm_espm_original,,30.0,0.59,False,,,,,,,,,,,,,,,,,,,,,,,2,2,2,1:1;2:1,True,,,,,,,,,,,,,,,,,,,,,,,,,,,,,,,,,,,,,,,,,,,,,,,,
2026-08-07 16:49:02,BIOMD0000001001,23,66,8,0,3,0.00,0.38,0.00,0,0.125,0,risk_analysis,,300.0,0.52,False,,,,,,,,,,,,,,,,,,,,,,,,,,,,2,0,0,0,3,0,0,0,0,0,0,0,0,0,0,0,3,0,0,0,0,0,0,0,0,2,2,1:1;2:1,0,0,0,0,0,0,1,0,0,0,0,0,0,0,0,0,0,0,0,
2026-08-07 16:49:03,BIOMD0000001002,23,66,8,0,3,0.00,0.38,0.00,0,0.125,0,baseline,0,30.0,0.00,False,1.0000,0,,,6,3,0,0,3,0,0,2,0.00,0,0.00,0,0.00,0,0.000,0.000,0.000,0,,,,,,,,,,,,,,,,,,,,,,,,,,,,,,,,,,,,,,,,,,,,,,,,,,,,,
2026-08-07 16:49:03,BIOMD0000001002,23,66,8,0,3,0.00,0.38,0.00,0,0.125,0,adaptive,200,30.0,0.00,False,1.0000,0,,,3,3,0,3,0,0,0,2,0.00,0,0.00,0,0.00,0,0.000,0.000,0.000,0,,,,,,,,,,,,,,,,,,,,,,,,,,,,,,,,,,,,,,,,,,,,,,,,,,,,,
2026-08-07 16:49:03,BIOMD0000001002,23,66,8,0,3,0.00,0.38,0.00,0,0.125,0,epm_espm_original,,30.0,0.48,False,,,,,,,,,,,,,,,,,,,,,,,2,2,2,1:1;2:1,True,,,,,,,,,,,,,,,,,,,,,,,,,,,,,,,,,,,,,,,,,,,,,,,,
2026-08-07 16:49:03,BIOMD0000001002,23,66,8,0,3,0.00,0.38,0.00,0,0.125,0,risk_analysis,,300.0,0.52,False,,,,,,,,,,,,,,,,,,,,,,,,,,,,2,0,0,0,3,0,0,0,0,0,0,0,0,0,0,0,3,0,0,0,0,0,0,0,0,2,2,1:1;2:1,0,0,0,0,0,0,1,0,0,0,0,0,0,0,0,0,0,0,0,
2026-08-07 16:49:04,BIOMD0000001003,23,66,8,0,3,0.00,0.38,0.00,0,0.125,0,baseline,0,30.0,0.00,False,1.0000,0,,,6,3,0,0,3,0,0,2,0.00,0,0.00,0,0.00,0,0.000,0.000,0.000,0,,,,,,,,,,,,,,,,,,,,,,,,,,,,,,,,,,,,,,,,,,,,,,,,,,,,,
2026-08-07 16:49:04,BIOMD0000001003,23,66,8,0,3,0.00,0.38,0.00,0,0.125,0,adaptive,200,30.0,0.00,False,1.0000,0,,,3,3,0,3,0,0,0,2,0.00,0,0.00,0,0.00,0,0.000,0.000,0.000,0,,,,,,,,,,,,,,,,,,,,,,,,,,,,,,,,,,,,,,,,,,,,,,,,,,,,,
2026-08-07 16:49:04,BIOMD0000001003,23,66,8,0,3,0.00,0.38,0.00,0,0.125,0,epm_espm_original,,30.0,0.79,False,,,,,,,,,,,,,,,,,,,,,,,2,2,2,1:1;2:1,True,,,,,,,,,,,,,,,,,,,,,,,,,,,,,,,,,,,,,,,,,,,,,,,,
2026-08-07 16:49:04,BIOMD0000001003,23,66,8,0,3,0.00,0.38,0.00,0,0.125,0,risk_analysis,,300.0,0.64,False,,,,,,,,,,,,,,,,,,,,,,,,,,,,2,0,0,0,3,0,0,0,0,0,0,0,0,0,0,0,3,0,0,0,0,0,0,0,0,2,2,1:1;2:1,0,0,0,0,0,0,1,0,0,0,0,0,0,0,0,0,0,0,0,
2026-08-07 16:49:05,BIOMD0000000285,27,72,14,10,5,0.71,0.36,2.00,4,0.071,0,baseline,0,30.0,0.00,False,1.0000,0,,,6,4,0,0,2,3,2,5,0.00,0,0.00,0,0.00,0,0.000,0.000,0.000,0,,,,,,,,,,,,,,,,,,,,,,,,,,,,,,,,,,,,,,,,,,,,,,,,,,,,,
2026-08-07 16:49:05,BIOMD0000000285,27,72,14,10,5,0.71,0.36,2.00,4,0.071,0,adaptive,200,30.0,0.00,False,1.0000,0,,,5,4,0,1,0,3,2,5,0.00,0,0.00,0,0.00,0,0.000,0.000,0.000,0,,,,,,,,,,,,,,,,,,,,,,,,,,,,,,,,,,,,,,,,,,,,,,,,,,,,,
2026-08-07 16:49:05,BIOMD0000000285,27,72,14,10,5,0.71,0.36,2.00,4,0.071,0,epm_espm_original,,30.0,0.75,False,,,,,,,,,,,,,,,,,,,,,,,5,32,5,1:7;2:9;3:9;4:6;5:1,True,,,,,,,,,,,,,,,,,,,,,,,,,,,,,,,,,,,,,,,,,,,,,,,,
2026-08-07 16:49:05,BIOMD0000000285,27,72,14,10,5,0.71,0.36,2.00,4,0.071,0,risk_analysis,,300.0,0.75,False,,,,,,,,,,,,,,,,,,,,,,,,,,,,5,0,0,1,3,0,0,0,0,0,3,0,0,0,0,1,3,0,0,0,0,0,0,0,0,32,5,1:7;2:9;3:9;4:6;5:1,39,94,0,0,0,1,147,0,15,9,0,0,9,0,15,11,0,0,0,
2026-08-07 16:49:07,BIOMD0000000723,25,73,21,5,4,0.24,0.19,1.25,3,0.048,0,baseline,0,30.0,0.00,False,1.0000,0,,,8,4,0,0,4,1,0,6,0.00,0,0.00,0,0.00,0,0.000,0.000,0.000,0,,,,,,,,,,,,,,,,,,,,,,,,,,,,,,,,,,,,,,,,,,,,,,,,,,,,,
2026-08-07 16:49:07,BIOMD0000000723,25,73,21,5,4,0.24,0.19,1.25,3,0.048,0,adaptive,200,30.0,0.00,False,1.0000,0,,,4,4,0,4,0,1,0,6,0.00,0,0.00,0,0.00,0,0.000,0.000,0.000,0,,,,,,,,,,,,,,,,,,,,,,,,,,,,,,,,,,,,,,,,,,,,,,,,,,,,,
2026-08-07 16:49:07,BIOMD0000000723,25,73,21,5,4,0.24,0.19,1.25,3,0.048,0,epm_espm_original,,30.0,0.59,False,,,,,,,,,,,,,,,,,,,,,,,6,33,9,1:4;2:5;3:4;4:4;5:4;6:4;7:4;8:3;9:1,True,,,,,,,,,,,,,,,,,,,,,,,,,,,,,,,,,,,,,,,,,,,,,,,,
2026-08-07 16:49:07,BIOMD0000000723,25,73,21,5,4,0.24,0.19,1.25,3,0.048,0,risk_analysis,,300.0,0.65,False,,,,,,,,,,,,,,,,,,,,,,,,,,,,6,0,0,1,3,0,0,0,0,0,0,0,0,0,0,1,3,0,0,0,0,0,0,0,0,33,9,1:4;2:5;3:4;4:4;5:4;6:4;7:4;8:3;9:1,15,35,0,0,0,0,70,0,10,0,0,0,0,0,10,0,0,0,0,
2026-08-07 16:49:08,BIOMD0000000959,41,75,11,0,3,0.00,0.27,0.00,0,0.091,0,baseline,0,30.0,0.00,False,1.0000,0,,,4,1,2,0,1,0,1,3,1.00,1,3.00,4,1.00,1,0.000,0.500,0.500,2,,,,,,,,,,,,,,,,,,,,,,,,,,,,,,,,,,,,,,,,,,,,,,,,,,,,,
2026-08-07 16:49:08,BIOMD0000000959,41,75,11,0,3,0.00,0.27,0.00,0,0.091,0,adaptive,200,30.0,0.00,False,1.0000,0,,,3,1,2,1,0,0,1,3,1.00,1,3.00,4,1.00,1,0.000,0.500,0.500,2,,,,,,,,,,,,,,,,,,,,,,,,,,,,,,,,,,,,,,,,,,,,,,,,,,,,,
2026-08-07 16:49:08,BIOMD0000000959,41,75,11,0,3,0.00,0.27,0.00,0,0.091,0,epm_espm_original,,30.0,0.85,False,,,,,,,,,,,,,,,,,,,,,,,3,5,2,1:4;2:1,True,,,,,,,,,,,,,,,,,,,,,,,,,,,,,,,,,,,,,,,,,,,,,,,,
2026-08-07 16:49:08,BIOMD0000000959,41,75,11,0,3,0.00,0.27,0.00,0,0.091,0,risk_analysis,,300.0,0.79,False,,,,,,,,,,,,,,,,,,,,,,,,,,,,3,0,0,0,1,0,0,0,0,0,0,0,0,0,0,0,1,0,0,0,0,0,0,0,0,5,2,1:4;2:1,0,0,0,0,0,0,11,0,0,0,0,0,0,0,0,0,0,0,1,
2026-08-07 16:49:10,BIOMD0000000943,43,83,44,18,22,0.41,0.50,0.82,5,0.023,0,baseline,0,30.0,0.00,False,1.0000,0,,,30,16,3,0,11,22,3,16,1.00,1,2.00,3,2.33,3,0.167,0.667,0.667,2,,,,,,,,,,,,,,,,,,,,,,,,,,,,,,,,,,,,,,,,,,,,,,,,,,,,,
2026-08-07 16:49:10,BIOMD0000000943,43,83,44,18,22,0.41,0.50,0.82,5,0.023,0,adaptive,200,30.0,0.00,False,1.0000,0,,,23,16,2,5,0,10,2,16,1.00,1,1.50,3,2.00,3,0.000,0.500,0.500,2,,,,,,,,,,,,,,,,,,,,,,,,,,,,,,,,,,,,,,,,,,,,,,,,,,,,,
2026-08-07 16:49:10,BIOMD0000000943,43,83,44,18,22,0.41,0.50,0.82,5,0.023,0,epm_espm_original,,30.0,0.70,False,,,,,,,,,,,,,,,,,,,,,,,16,1251,18,1:15;2:21;3:33;4:59;5:89;6:120;7:147;8:163;9:154;10:133;11:107;12:81;13:56;14:36;15:21;16:11;17:4;18:1,True,,,,,,,,,,,,,,,,,,,,,,,,,,,,,,,,,,,,,,,,,,,,,,,,
2026-08-07 16:49:10,BIOMD0000000943,43,83,44,18,22,0.41,0.50,0.82,5,0.023,0,risk_analysis,,300.0,1.79,False,,,,,,,,,,,,,,,,,,,,,,,,,,,,16,0,0,5,10,0,3,0,0,5,5,0,2,0,0,4,9,0,3,0,0,1,0,0,0,1269,18,1:15;2:21;3:33;4:59;5:89;6:122;7:150;8:167;9:159;10:136;11:108;12:81;13:56;14:36;15:21;16:11;17:4;18:1,2668,5656,0,0,0,106,6905,0,1261,0,0,0,7,0,1148,0,90,0,11,
2026-08-07 16:49:12,BIOMD0000000407,47,88,18,1,9,0.06,0.50,0.11,1,0.056,0,baseline,0,30.0,0.00,False,1.0000,0,,,13,4,5,0,4,0,5,3,1.00,1,9.60,19,1.00,1,0.000,0.200,0.200,5,,,,,,,,,,,,,,,,,,,,,,,,,,,,,,,,,,,,,,,,,,,,,,,,,,,,,
2026-08-07 16:49:12,BIOMD0000000407,47,88,18,1,9,0.06,0.50,0.11,1,0.056,0,adaptive,200,30.0,0.00,False,1.0000,0,,,9,4,5,4,0,0,5,3,1.00,1,9.60,19,1.00,1,0.000,0.200,0.200,5,,,,,,,,,,,,,,,,,,,,,,,,,,,,,,,,,,,,,,,,,,,,,,,,,,,,,
2026-08-07 16:49:12,BIOMD0000000407,47,88,18,1,9,0.06,0.50,0.11,1,0.056,0,epm_espm_original,,30.0,0.66,False,,,,,,,,,,,,,,,,,,,,,,,3,3,2,1:2;2:1,True,,,,,,,,,,,,,,,,,,,,,,,,,,,,,,,,,,,,,,,,,,,,,,,,
2026-08-07 16:49:12,BIOMD0000000407,47,88,18,1,9,0.06,0.50,0.11,1,0.056,0,risk_analysis,,300.0,0.57,False,,,,,,,,,,,,,,,,,,,,,,,,,,,,3,0,0,0,4,0,0,0,0,0,0,0,0,0,0,0,4,0,0,0,0,0,0,0,0,3,2,1:2;2:1,0,1,0,0,0,0,4,0,0,0,0,0,0,0,0,0,0,0,0,
2026-08-07 16:49:13,BIOMD0000000326,71,91,42,50,34,1.19,0.81,1.47,7,0.024,0,baseline,0,30.0,0.00,False,1.0000,0,,,44,15,15,0,14,59,6,2,1.07,2,3.53,6,1.00,1,0.058,0.125,0.188,15,,,,,,,,,,,,,,,,,,,,,,,,,,,,,,,,,,,,,,,,,,,,,,,,,,,,,
2026-08-07 16:49:13,BIOMD0000000326,71,91,42,50,34,1.19,0.81,1.47,7,0.024,0,adaptive,200,30.0,0.00,False,1.0000,0,,,37,15,15,7,0,59,6,2,1.07,2,3.53,6,1.00,1,0.058,0.125,0.188,15,,,,,,,,,,,,,,,,,,,,,,,,,,,,,,,,,,,,,,,,,,,,,,,,,,,,,
2026-08-07 16:49:13,BIOMD0000000326,71,91,42,50,34,1.19,0.81,1.47,7,0.024,0,epm_espm_original,,30.0,0.74,False,,,,,,,,,,,,,,,,,,,,,,,2,20,5,1:3;2:7;3:7;4:2;5:1,True,,,,,,,,,,,,,,,,,,,,,,,,,,,,,,,,,,,,,,,,,,,,,,,,
2026-08-07 16:49:13,BIOMD0000000326,71,91,42,50,34,1.19,0.81,1.47,7,0.024,0,risk_analysis,,300.0,0.80,False,,,,,,,,,,,,,,,,,,,,,,,,,,,,2,0,0,8,19,0,7,0,0,8,6,0,0,0,0,7,2,0,6,0,0,1,2,0,1,20,5,1:3;2:7;3:7;4:2;5:1,22,8,0,2,0,0,20,0,4,0,2,0,0,0,4,0,2,0,0,
2026-08-07 16:49:15,BIOMD0000000410,53,91,23,5,17,0.22,0.74,0.29,3,0.043,0,baseline,0,30.0,0.00,False,1.0000,0,,,14,1,12,0,1,2,12,2,1.00,1,1.75,6,1.00,1,0.000,0.083,0.083,12,,,,,,,,,,,,,,,,,,,,,,,,,,,,,,,,,,,,,,,,,,,,,,,,,,,,,
2026-08-07 16:49:15,BIOMD0000000410,53,91,23,5,17,0.22,0.74,0.29,3,0.043,0,adaptive,200,30.0,0.00,False,1.0000,0,,,13,1,12,1,0,2,12,2,1.00,1,1.75,6,1.00,1,0.000,0.083,0.083,12,,,,,,,,,,,,,,,,,,,,,,,,,,,,,,,,,,,,,,,,,,,,,,,,,,,,,
2026-08-07 16:49:15,BIOMD0000000410,53,91,23,5,17,0.22,0.74,0.29,3,0.043,0,epm_espm_original,,30.0,1.13,False,,,,,,,,,,,,,,,,,,,,,,,2,1,1,1:1,True,,,,,,,,,,,,,,,,,,,,,,,,,,,,,,,,,,,,,,,,,,,,,,,,
2026-08-07 16:49:15,BIOMD0000000410,53,91,23,5,17,0.22,0.74,0.29,3,0.043,0,risk_analysis,,300.0,0.96,False,,,,,,,,,,,,,,,,,,,,,,,,,,,,2,0,0,1,3,0,2,0,0,0,0,0,0,0,0,0,1,0,0,0,0,1,0,0,2,1,1,1:1,0,0,0,0,0,0,1,0,0,0,0,0,0,0,0,0,0,0,0,
2026-08-07 16:49:17,BIOMD0000000056,46,94,33,11,21,0.33,0.64,0.52,4,0.061,1,baseline,0,30.0,0.00,False,1.0000,0,,,30,17,2,0,11,4,2,10,1.00,1,0.00,0,1.00,1,0.000,0.500,0.500,2,,,,,,,,,,,,,,,,,,,,,,,,,,,,,,,,,,,,,,,,,,,,,,,,,,,,,
2026-08-07 16:49:17,BIOMD0000000056,46,94,33,11,21,0.33,0.64,0.52,4,0.061,1,adaptive,200,30.0,0.00,False,1.0000,0,,,24,17,2,6,0,4,2,10,1.00,1,0.00,0,1.00,1,0.000,0.500,0.500,2,,,,,,,,,,,,,,,,,,,,,,,,,,,,,,,,,,,,,,,,,,,,,,,,,,,,,
2026-08-07 16:49:17,BIOMD0000000056,46,94,33,11,21,0.33,0.64,0.52,4,0.061,1,epm_espm_original,,30.0,1.11,False,,,,,,,,,,,,,,,,,,,,,,,10,56,6,1:11;2:9;3:16;4:13;5:6;6:1,True,,,,,,,,,,,,,,,,,,,,,,,,,,,,,,,,,,,,,,,,,,,,,,,,
2026-08-07 16:49:17,BIOMD0000000056,46,94,33,11,21,0.33,0.64,0.52,4,0.061,1,risk_analysis,,300.0,0.90,False,,,,,,,,,,,,,,,,,,,,,,,,,,,,10,0,0,5,15,0,1,0,0,5,5,0,1,0,0,5,11,0,1,0,0,0,0,0,0,56,6,1:11;2:9;3:16;4:13;5:6;6:1,57,134,0,0,0,0,290,0,46,0,0,0,0,0,46,0,0,0,0,
2026-08-07 16:49:19,BIOMD0000000105,39,94,83,159,62,1.92,0.75,2.56,17,0.036,1,baseline,0,30.0,0.04,False,1.0000,0,,,64,2,61,0,1,358,35,2,1.67,2,4.05,15,1.00,1,0.335,0.108,0.216,15,,,,,,,,,,,,,,,,,,,,,,,,,,,,,,,,,,,,,,,,,,,,,,,,,,,,,
2026-08-07 16:49:19,BIOMD0000000105,39,94,83,159,62,1.92,0.75,2.56,17,0.036,1,adaptive,200,30.0,0.04,False,1.0000,0,,,64,2,61,0,0,358,35,2,1.67,2,4.05,15,1.00,1,0.335,0.108,0.216,15,,,,,,,,,,,,,,,,,,,,,,,,,,,,,,,,,,,,,,,,,,,,,,,,,,,,,
2026-08-07 16:49:19,BIOMD0000000105,39,94,83,159,62,1.92,0.75,2.56,17,0.036,1,epm_espm_original,,30.0,1.67,False,,,,,,,,,,,,,,,,,,,,,,,2,1,1,1:1,True,,,,,,,,,,,,,,,,,,,,,,,,,,,,,,,,,,,,,,,,,,,,,,,,
2026-08-07 16:49:19,BIOMD0000000105,39,94,83,159,62,1.92,0.75,2.56,17,0.036,1,risk_analysis,,300.0,1.46,False,,,,,,,,,,,,,,,,,,,,,,,,,,,,2,0,1,99,89,0,0,0,0,123,16,0,0,0,0,0,2,0,0,0,0,111,3,0,0,1,1,1:1,0,28,0,0,0,0,28,0,37,0,0,0,0,0,0,0,0,0,0,
2026-08-07 16:49:23,BIOMD0000000578,76,96,45,20,42,0.44,0.93,0.48,7,0.022,0,baseline,0,30.0,0.00,False,1.0000,0,,,34,9,17,0,8,22,19,2,1.06,2,3.94,6,1.00,1,0.097,0.111,0.222,16,,,,,,,,,,,,,,,,,,,,,,,,,,,,,,,,,,,,,,,,,,,,,,,,,,,,,
2026-08-07 16:49:23,BIOMD0000000578,76,96,45,20,42,0.44,0.93,0.48,7,0.022,0,adaptive,200,30.0,0.00,False,1.0000,0,,,33,9,17,1,0,22,19,2,1.06,2,3.94,6,1.00,1,0.097,0.111,0.222,16,,,,,,,,,,,,,,,,,,,,,,,,,,,,,,,,,,,,,,,,,,,,,,,,,,,,,
2026-08-07 16:49:23,BIOMD0000000578,76,96,45,20,42,0.44,0.93,0.48,7,0.022,0,epm_espm_original,,30.0,0.54,False,,,,,,,,,,,,,,,,,,,,,,,2,9,2,1:3;2:6,True,,,,,,,,,,,,,,,,,,,,,,,,,,,,,,,,,,,,,,,,,,,,,,,,
2026-08-07 16:49:23,BIOMD0000000578,76,96,45,20,42,0.44,0.93,0.48,7,0.022,0,risk_analysis,,300.0,0.57,False,,,,,,,,,,,,,,,,,,,,,,,,,,,,2,0,0,8,19,0,1,0,0,8,6,0,0,0,0,7,2,0,0,0,0,1,3,0,1,9,2,1:3;2:6,0,3,0,0,0,0,15,0,1,0,0,0,0,0,0,0,0,0,0,
2026-08-07 16:49:24,BIOMD0000000338,52,115,68,30,51,0.44,0.75,0.59,5,0.015,0,baseline,0,30.0,0.01,False,1.0000,0,,,66,7,45,0,14,79,20,4,1.11,2,1.60,10,1.33,3,0.382,0.180,0.300,24,,,,,,,,,,,,,,,,,,,,,,,,,,,,,,,,,,,,,,,,,,,,,,,,,,,,,
2026-08-07 16:49:24,BIOMD0000000338,52,115,68,30,51,0.44,0.75,0.59,5,0.015,0,adaptive,200,30.0,0.01,False,1.0000,0,,,54,7,45,12,0,79,20,4,1.11,2,1.60,10,1.33,3,0.382,0.180,0.300,24,,,,,,,,,,,,,,,,,,,,,,,,,,,,,,,,,,,,,,,,,,,,,,,,,,,,,
2026-08-07 16:49:24,BIOMD0000000338,52,115,68,30,51,0.44,0.75,0.59,5,0.015,0,epm_espm_original,,30.0,0.63,False,,,,,,,,,,,,,,,,,,,,,,,4,33,9,1:6;2:3;3:3;4:3;5:4;6:5;7:5;8:3;9:1,True,,,,,,,,,,,,,,,,,,,,,,,,,,,,,,,,,,,,,,,,,,,,,,,,
2026-08-07 16:49:24,BIOMD0000000338,52,115,68,30,51,0.44,0.75,0.59,5,0.015,0,risk_analysis,,300.0,0.72,False,,,,,,,,,,,,,,,,,,,,,,,,,,,,4,0,0,4,7,0,8,0,0,2,2,0,0,0,0,0,4,0,3,0,0,4,3,0,2,33,9,1:6;2:3;3:3;4:3;5:4;6:5;7:5;8:3;9:1,136,101,0,0,0,0,204,0,56,2,10,0,10,0,19,1,8,0,6,
2026-08-07 16:49:25,BIOMD0000000339,52,115,68,30,51,0.44,0.75,0.59,5,0.015,0,baseline,0,30.0,0.00,False,1.0000,0,,,66,7,45,0,14,79,20,4,1.11,2,1.60,10,1.33,3,0.382,0.180,0.300,24,,,,,,,,,,,,,,,,,,,,,,,,,,,,,,,,,,,,,,,,,,,,,,,,,,,,,
2026-08-07 16:49:25,BIOMD0000000339,52,115,68,30,51,0.44,0.75,0.59,5,0.015,0,adaptive,200,30.0,0.00,False,1.0000,0,,,54,7,45,12,0,79,20,4,1.11,2,1.60,10,1.33,3,0.382,0.180,0.300,24,,,,,,,,,,,,,,,,,,,,,,,,,,,,,,,,,,,,,,,,,,,,,,,,,,,,,
2026-08-07 16:49:25,BIOMD0000000339,52,115,68,30,51,0.44,0.75,0.59,5,0.015,0,epm_espm_original,,30.0,0.56,False,,,,,,,,,,,,,,,,,,,,,,,4,33,9,1:6;2:3;3:3;4:3;5:4;6:5;7:5;8:3;9:1,True,,,,,,,,,,,,,,,,,,,,,,,,,,,,,,,,,,,,,,,,,,,,,,,,
2026-08-07 16:49:25,BIOMD0000000339,52,115,68,30,51,0.44,0.75,0.59,5,0.015,0,risk_analysis,,300.0,0.65,False,,,,,,,,,,,,,,,,,,,,,,,,,,,,4,0,0,4,7,0,8,0,0,2,2,0,0,0,0,0,4,0,3,0,0,4,3,0,2,33,9,1:6;2:3;3:3;4:3;5:4;6:5;7:5;8:3;9:1,136,101,0,0,0,0,204,0,56,2,10,0,10,0,19,1,8,0,6,
2026-08-07 16:49:27,BIOMD0000000340,52,116,64,27,51,0.42,0.80,0.53,5,0.016,0,baseline,0,30.0,0.00,False,1.0000,0,,,70,7,47,0,16,118,11,4,1.11,2,2.21,10,1.43,5,0.405,0.192,0.308,25,,,,,,,,,,,,,,,,,,,,,,,,,,,,,,,,,,,,,,,,,,,,,,,,,,,,,
2026-08-07 16:49:27,BIOMD0000000340,52,116,64,27,51,0.42,0.80,0.53,5,0.016,0,adaptive,200,30.0,0.00,False,1.0000,0,,,50,7,43,14,0,78,10,4,1.09,2,1.81,10,1.16,3,0.347,0.128,0.234,25,,,,,,,,,,,,,,,,,,,,,,,,,,,,,,,,,,,,,,,,,,,,,,,,,,,,,
2026-08-07 16:49:27,BIOMD0000000340,52,116,64,27,51,0.42,0.80,0.53,5,0.016,0,epm_espm_original,,30.0,0.63,False,,,,,,,,,,,,,,,,,,,,,,,4,33,9,1:6;2:3;3:3;4:3;5:4;6:5;7:5;8:3;9:1,True,,,,,,,,,,,,,,,,,,,,,,,,,,,,,,,,,,,,,,,,,,,,,,,,
2026-08-07 16:49:27,BIOMD0000000340,52,116,64,27,51,0.42,0.80,0.53,5,0.016,0,risk_analysis,,300.0,0.58,False,,,,,,,,,,,,,,,,,,,,,,,,,,,,4,0,0,2,5,0,9,0,0,0,0,0,0,0,0,1,3,0,3,0,0,1,1,0,4,33,9,1:6;2:3;3:3;4:3;5:4;6:5;7:5;8:3;9:1,196,64,0,0,0,0,181,0,43,0,12,0,12,0,24,0,13,0,9,
2026-08-07 16:49:28,BIOMD0000000594,29,120,5,2,0,0.40,0.00,inf,1,0.200,0,baseline,0,30.0,0.00,False,0.0000,0,,,0,0,0,0,0,0,0,2,0.00,0,0.00,0,0.00,0,0.000,0.000,0.000,0,,,,,,,,,,,,,,,,,,,,,,,,,,,,,,,,,,,,,,,,,,,,,,,,,,,,,
2026-08-07 16:49:28,BIOMD0000000594,29,120,5,2,0,0.40,0.00,inf,1,0.200,0,adaptive,200,30.0,0.00,False,0.0000,0,,,0,0,0,0,0,0,0,2,0.00,0,0.00,0,0.00,0,0.000,0.000,0.000,0,,,,,,,,,,,,,,,,,,,,,,,,,,,,,,,,,,,,,,,,,,,,,,,,,,,,,
2026-08-07 16:49:28,BIOMD0000000594,29,120,5,2,0,0.40,0.00,inf,1,0.200,0,epm_espm_original,,30.0,0.67,False,,,,,,,,,,,,,,,,,,,,,,,2,3,2,1:2;2:1,True,,,,,,,,,,,,,,,,,,,,,,,,,,,,,,,,,,,,,,,,,,,,,,,,
2026-08-07 16:49:28,BIOMD0000000594,29,120,5,2,0,0.40,0.00,inf,1,0.200,0,risk_analysis,,300.0,0.73,False,,,,,,,,,,,,,,,,,,,,,,,,,,,,2,0,0,0,0,0,0,0,0,0,0,0,0,0,0,0,0,0,0,0,0,0,0,0,0,3,2,1:2;2:1,1,4,0,0,0,0,7,0,1,0,0,0,0,0,1,0,0,0,0,
2026-08-07 16:49:29,BIOMD0000000652_manyOrgs,95,126,109,147,120,1.35,1.10,1.22,16,0.037,7,baseline,0,30.0,0.01,False,1.0000,0,,,96,46,20,0,30,292,138,16,1.15,2,5.25,13,1.45,3,0.294,0.174,0.174,13,,,,,,,,,,,,,,,,,,,,,,,,,,,,,,,,,,,,,,,,,,,,,,,,,,,,,
2026-08-07 16:49:29,BIOMD0000000652_manyOrgs,95,126,109,147,120,1.35,1.10,1.22,16,0.037,7,adaptive,200,30.0,0.01,False,1.0000,0,,,81,46,20,15,0,292,138,16,1.15,2,5.25,13,1.45,3,0.294,0.174,0.174,13,,,,,,,,,,,,,,,,,,,,,,,,,,,,,,,,,,,,,,,,,,,,,,,,,,,,,
2026-08-07 16:49:29,BIOMD0000000652_manyOrgs,95,126,109,147,120,1.35,1.10,1.22,16,0.037,7,epm_espm_original,,30.0,86.60,False,,,,,,,,,,,,,,,,,,,,,,,16,28615,19,1:29;2:53;3:107;4:224;5:493;6:1003;7:1816;8:2843;9:3788;10:4308;11:4201;12:3517;13:2642;14:1775;15:1054;16:523;17:190;18:44;19:5,False,,,,,,,,,,,,,,,,,,,,,,,,,,,,,,,,,,,,,,,,,,,,,,,,
2026-08-07 16:49:29,BIOMD0000000652_manyOrgs,95,126,109,147,120,1.35,1.10,1.22,16,0.037,7,risk_analysis,,300.0,360.17,True,,,,,,,,,,,,,,,,,,,,,,,,,,,,,,,,,,,,,,,,,,,,,,,,,,,,,,,,,,,,,,,,,,,,,,,,,,,
2026-08-07 16:56:56,BIOMD0000000939,56,126,44,26,18,0.59,0.41,1.44,5,0.023,0,baseline,0,30.0,0.00,False,1.0000,0,,,26,13,5,0,8,9,5,12,1.00,1,2.80,10,1.00,1,0.000,0.200,0.200,5,,,,,,,,,,,,,,,,,,,,,,,,,,,,,,,,,,,,,,,,,,,,,,,,,,,,,
2026-08-07 16:56:56,BIOMD0000000939,56,126,44,26,18,0.59,0.41,1.44,5,0.023,0,adaptive,200,30.0,0.00,False,1.0000,0,,,23,13,5,3,0,9,5,12,1.00,1,2.80,10,1.00,1,0.000,0.200,0.200,5,,,,,,,,,,,,,,,,,,,,,,,,,,,,,,,,,,,,,,,,,,,,,,,,,,,,,
2026-08-07 16:56:56,BIOMD0000000939,56,126,44,26,18,0.59,0.41,1.44,5,0.023,0,epm_espm_original,,30.0,1.52,False,,,,,,,,,,,,,,,,,,,,,,,12,200,11,1:13;2:17;3:26;4:32;5:30;6:29;7:22;8:16;9:9;10:5;11:1,True,,,,,,,,,,,,,,,,,,,,,,,,,,,,,,,,,,,,,,,,,,,,,,,,
2026-08-07 16:56:56,BIOMD0000000939,56,126,44,26,18,0.59,0.41,1.44,5,0.023,0,risk_analysis,,300.0,2.24,False,,,,,,,,,,,,,,,,,,,,,,,,,,,,12,0,0,2,7,0,4,0,0,1,5,0,4,0,0,2,7,0,4,0,0,0,0,0,0,200,11,1:13;2:17;3:26;4:32;5:30;6:29;7:22;8:16;9:9;10:5;11:1,862,1251,0,137,0,8,1686,0,262,0,0,0,2,0,231,0,14,0,10,
2026-08-07 16:57:00,BIOMD0000000109,49,138,19,7,4,0.37,0.21,1.75,4,0.053,0,baseline,0,30.0,0.00,False,1.0000,0,,,6,3,1,0,2,0,0,7,1.00,1,2.00,2,1.00,1,0.000,1.000,1.000,1,,,,,,,,,,,,,,,,,,,,,,,,,,,,,,,,,,,,,,,,,,,,,,,,,,,,,
2026-08-07 16:57:00,BIOMD0000000109,49,138,19,7,4,0.37,0.21,1.75,4,0.053,0,adaptive,200,30.0,0.00,False,1.0000,0,,,5,3,1,1,0,0,0,7,1.00,1,2.00,2,1.00,1,0.000,1.000,1.000,1,,,,,,,,,,,,,,,,,,,,,,,,,,,,,,,,,,,,,,,,,,,,,,,,,,,,,
2026-08-07 16:57:00,BIOMD0000000109,49,138,19,7,4,0.37,0.21,1.75,4,0.053,0,epm_espm_original,,30.0,1.12,False,,,,,,,,,,,,,,,,,,,,,,,7,42,6,1:8;2:8;3:12;4:9;5:4;6:1,True,,,,,,,,,,,,,,,,,,,,,,,,,,,,,,,,,,,,,,,,,,,,,,,,
2026-08-07 16:57:00,BIOMD0000000109,49,138,19,7,4,0.37,0.21,1.75,4,0.053,0,risk_analysis,,300.0,1.50,False,,,,,,,,,,,,,,,,,,,,,,,,,,,,7,0,0,0,3,0,0,0,0,0,2,0,0,0,0,0,3,0,0,0,0,0,0,0,0,42,6,1:8;2:8;3:12;4:9;5:4;6:1,43,87,0,0,0,0,184,0,30,0,0,0,2,0,30,0,8,0,2,
2026-08-07 16:57:03,BIOMD0000000608,52,140,3,0,0,0.00,0.00,inf,0,0.333,0,baseline,0,30.0,0.00,False,0.0000,0,,,0,0,0,0,0,0,0,2,0.00,0,0.00,0,0.00,0,0.000,0.000,0.000,0,,,,,,,,,,,,,,,,,,,,,,,,,,,,,,,,,,,,,,,,,,,,,,,,,,,,,
2026-08-07 16:57:03,BIOMD0000000608,52,140,3,0,0,0.00,0.00,inf,0,0.333,0,adaptive,200,30.0,0.00,False,0.0000,0,,,0,0,0,0,0,0,0,2,0.00,0,0.00,0,0.00,0,0.000,0.000,0.000,0,,,,,,,,,,,,,,,,,,,,,,,,,,,,,,,,,,,,,,,,,,,,,,,,,,,,,
2026-08-07 16:57:03,BIOMD0000000608,52,140,3,0,0,0.00,0.00,inf,0,0.333,0,epm_espm_original,,30.0,0.91,False,,,,,,,,,,,,,,,,,,,,,,,2,1,1,1:1,True,,,,,,,,,,,,,,,,,,,,,,,,,,,,,,,,,,,,,,,,,,,,,,,,
2026-08-07 16:57:03,BIOMD0000000608,52,140,3,0,0,0.00,0.00,inf,0,0.333,0,risk_analysis,,300.0,1.20,False,,,,,,,,,,,,,,,,,,,,,,,,,,,,2,0,0,0,0,0,0,0,0,0,0,0,0,0,0,0,0,0,0,0,0,0,0,0,0,1,1,1:1,0,0,0,0,0,0,1,0,0,0,0,0,0,0,0,0,0,0,0,
2026-08-07 16:57:05,e_coli_core,72,141,49,110,22,2.24,0.45,5.00,16,0.041,1,baseline,0,30.0,0.00,False,1.0000,0,,,49,34,4,0,11,168,6,15,1.00,1,10.75,15,1.50,3,0.000,0.250,0.250,4,,,,,,,,,,,,,,,,,,,,,,,,,,,,,,,,,,,,,,,,,,,,,,,,,,,,,
2026-08-07 16:57:05,e_coli_core,72,141,49,110,22,2.24,0.45,5.00,16,0.041,1,adaptive,200,30.0,0.01,False,1.0000,0,,,45,34,4,4,0,168,6,15,1.00,1,10.75,15,1.50,3,0.000,0.250,0.250,4,,,,,,,,,,,,,,,,,,,,,,,,,,,,,,,,,,,,,,,,,,,,,,,,,,,,,
2026-08-07 16:57:05,e_coli_core,72,141,49,110,22,2.24,0.45,5.00,16,0.041,1,epm_espm_original,,30.0,1.35,False,,,,,,,,,,,,,,,,,,,,,,,15,291,11,1:17;2:25;3:40;4:55;5:53;6:37;7:25;8:19;9:13;10:6;11:1,True,,,,,,,,,,,,,,,,,,,,,,,,,,,,,,,,,,,,,,,,,,,,,,,,
2026-08-07 16:57:05,e_coli_core,72,141,49,110,22,2.24,0.45,5.00,16,0.041,1,risk_analysis,,300.0,2.82,False,,,,,,,,,,,,,,,,,,,,,,,,,,,,15,0,6,31,11,0,7,0,3,29,3,0,1,0,3,28,2,0,1,0,0,1,0,0,0,291,11,1:17;2:25;3:40;4:55;5:53;6:37;7:25;8:19;9:13;10:6;11:1,2439,5509,0,193,0,28,2206,0,508,7,1,0,5,0,374,7,4,0,7,
2026-08-07 16:57:09,central_ecoli,92,168,23,4,13,0.17,0.57,0.31,2,0.043,0,baseline,0,30.0,0.00,False,1.0000,0,,,19,8,3,0,8,4,7,6,1.00,1,5.67,17,2.00,4,0.167,0.667,0.667,2,,,,,,,,,,,,,,,,,,,,,,,,,,,,,,,,,,,,,,,,,,,,,,,,,,,,,
2026-08-07 16:57:09,central_ecoli,92,168,23,4,13,0.17,0.57,0.31,2,0.043,0,adaptive,200,30.0,0.00,False,1.0000,0,,,12,8,3,7,0,4,7,6,1.00,1,5.67,17,2.00,4,0.167,0.667,0.667,2,,,,,,,,,,,,,,,,,,,,,,,,,,,,,,,,,,,,,,,,,,,,,,,,,,,,,
2026-08-07 16:57:09,central_ecoli,92,168,23,4,13,0.17,0.57,0.31,2,0.043,0,epm_espm_original,,30.0,1.00,False,,,,,,,,,,,,,,,,,,,,,,,6,6,4,1:1;2:3;3:1;4:1,True,,,,,,,,,,,,,,,,,,,,,,,,,,,,,,,,,,,,,,,,,,,,,,,,
2026-08-07 16:57:09,central_ecoli,92,168,23,4,13,0.17,0.57,0.31,2,0.043,0,risk_analysis,,300.0,1.62,False,,,,,,,,,,,,,,,,,,,,,,,,,,,,6,0,0,3,6,0,1,0,0,1,1,0,0,0,0,2,6,0,0,0,0,0,0,0,1,6,4,1:1;2:3;3:1;4:1,0,3,0,0,0,0,14,0,0,0,1,0,1,0,0,0,1,0,0,
2026-08-07 16:57:12,iAB_RBC_283,342,645,161,598,157,3.71,0.98,3.81,54,0.006,0,baseline,0,30.0,0.21,False,1.0000,0,,,284,64,143,0,77,10003,2,28,1.85,3,4.29,29,2.68,5,0.676,0.200,0.675,68,,,,,,,,,,,,,,,,,,,,,,,,,,,,,,,,,,,,,,,,,,,,,,,,,,,,,
2026-08-07 16:57:12,iAB_RBC_283,342,645,161,598,157,3.71,0.98,3.81,54,0.006,0,adaptive,200,30.0,0.16,False,1.0000,0,,,224,63,142,57,0,9999,2,28,1.86,3,4.27,29,2.68,5,0.676,0.201,0.678,68,,,,,,,,,,,,,,,,,,,,,,,,,,,,,,,,,,,,,,,,,,,,,,,,,,,,,
2026-08-07 16:57:12,iAB_RBC_283,342,645,161,598,157,3.71,0.98,3.81,54,0.006,0,epm_espm_original,,30.0,2.71,False,,,,,,,,,,,,,,,,,,,,,,,28,323,14,1:30;2:4;3:7;4:5;5:10;6:9;7:9;8:28;9:57;10:71;11:56;12:28;13:8;14:1,True,,,,,,,,,,,,,,,,,,,,,,,,,,,,,,,,,,,,,,,,,,,,,,,,
2026-08-07 16:57:12,iAB_RBC_283,342,645,161,598,157,3.71,0.98,3.81,54,0.006,0,risk_analysis,,300.0,7.80,False,,,,,,,,,,,,,,,,,,,,,,,,,,,,28,0,0,112,58,0,21,0,0,112,10,0,0,0,0,46,15,0,2,0,0,66,2,0,10,323,14,1:30;2:4;3:7;4:5;5:10;6:9;7:9;8:28;9:57;10:71;11:56;12:28;13:8;14:1,4928,12664,0,53,0,17,3017,0,554,0,1,0,25,0,477,0,6,0,6,
2026-08-07 16:57:24,iAF692,702,688,642,24952,8609,38.87,13.41,2.90,333,0.598,2,baseline,0,30.0,30.05,True,0.9612,152,1.8,8,3766,0,2245,0,1521,1817373,7703,2,4.39,10,15.84,37,5.92,16,0.700,0.046,0.533,235,,,,,,,,,,,,,,,,,,,,,,,,,,,,,,,,,,,,,,,,,,,,,,,,,,,,,
2026-08-07 16:57:24,iAF692,702,688,642,24952,8609,38.87,13.41,2.90,333,0.598,2,adaptive,0,30.0,30.06,True,0.9641,122,1.3,8,3275,0,1938,0,1337,1569386,6716,2,4.38,10,15.81,37,5.80,16,0.710,0.041,0.532,233,,,,,,,,,,,,,,,,,,,,,,,,,,,,,,,,,,,,,,,,,,,,,,,,,,,,,
2026-08-07 16:57:24,iAF692,702,688,642,24952,8609,38.87,13.41,2.90,333,0.598,2,epm_espm_original,,30.0,330.08,True,,,,,,,,,,,,,,,,,,,,,,,,,,,,,,,,,,,,,,,,,,,,,,,,,,,,,,,,,,,,,,,,,,,,,,,,,,,
2026-08-07 16:57:24,iAF692,702,688,642,24952,8609,38.87,13.41,2.90,333,0.598,2,risk_analysis,,300.0,360.03,True,,,,,,,,,,,,,,,,,,,,,,,,,,,,,,,,,,,,,,,,,,,,,,,,,,,,,,,,,,,,,,,,,,,,,,,,,,,
2026-08-07 17:10:12,iIT341,494,737,384,2237,583,5.83,1.52,3.84,105,0.154,3,baseline,0,30.0,1.83,False,1.0000,0,,,2951,591,1288,0,1072,481240,369,49,1.56,6,54.73,191,14.91,77,0.726,0.102,0.542,153,,,,,,,,,,,,,,,,,,,,,,,,,,,,,,,,,,,,,,,,,,,,,,,,,,,,,
2026-08-07 17:10:12,iIT341,494,737,384,2237,583,5.83,1.52,3.84,105,0.154,3,adaptive,200,30.0,1.78,False,1.0000,0,,,1392,511,658,356,0,191141,246,49,1.38,6,44.39,171,10.50,69,0.676,0.066,0.543,142,,,,,,,,,,,,,,,,,,,,,,,,,,,,,,,,,,,,,,,,,,,,,,,,,,,,,
2026-08-07 17:10:12,iIT341,494,737,384,2237,583,5.83,1.52,3.84,105,0.154,3,epm_espm_original,,30.0,330.76,True,,,,,,,,,,,,,,,,,,,,,,,49,20465,33,1:57;2:207;3:714;4:926;5:1210;6:1327;7:1544;8:1672;9:1612;10:1572;11:1409;12:1215;13:1049;14:932;15:820;16:736;17:691;18:572;19:469;20:384;21:341;22:240;23:173;24:103;25:88;26:84;27:63;28:74;29:43;30:46;31:44;32:36;33:12,False,,,,,,,,,,,,,,,,,,,,,,,,,,,,,,,,,,,,,,,,,,,,,,,,
2026-08-07 17:10:12,iIT341,494,737,384,2237,583,5.83,1.52,3.84,105,0.154,3,risk_analysis,,300.0,360.38,True,,,,,,,,,,,,,,,,,,,,,,,,,,,,,,,,,,,,,,,,,,,,,,,,,,,,,,,,,,,,,,,,,,,,,,,,,,,
2026-08-07 17:21:50,iIS312_Amastigote,606,784,305,505,174,1.66,0.57,2.90,49,0.016,2,baseline,0,30.0,0.01,False,1.0000,0,,,140,65,45,0,30,220,151,53,1.02,2,9.33,58,1.44,11,0.000,0.022,0.109,46,,,,,,,,,,,,,,,,,,,,,,,,,,,,,,,,,,,,,,,,,,,,,,,,,,,,,
2026-08-07 17:21:50,iIS312_Amastigote,606,784,305,505,174,1.66,0.57,2.90,49,0.016,2,adaptive,200,30.0,0.01,False,1.0000,0,,,128,65,45,12,0,220,151,53,1.02,2,9.33,58,1.44,11,0.000,0.022,0.109,46,,,,,,,,,,,,,,,,,,,,,,,,,,,,,,,,,,,,,,,,,,,,,,,,,,,,,
2026-08-07 17:21:50,iIS312_Amastigote,606,784,305,505,174,1.66,0.57,2.90,49,0.016,2,epm_espm_original,,30.0,34.53,False,,,,,,,,,,,,,,,,,,,,,,,53,10188,17,1:39;2:94;3:248;4:716;5:2580;6:2442;7:1183;8:996;9:730;10:491;11:282;12:159;13:99;14:86;15:29;16:11;17:3,False,,,,,,,,,,,,,,,,,,,,,,,,,,,,,,,,,,,,,,,,,,,,,,,,
2026-08-07 17:21:50,iIS312_Amastigote,606,784,305,505,174,1.66,0.57,2.90,49,0.016,2,risk_analysis,,300.0,360.17,True,,,,,,,,,,,,,,,,,,,,,,,,,,,,,,,,,,,,,,,,,,,,,,,,,,,,,,,,,,,,,,,,,,,,,,,,,,,
2026-08-07 17:28:27,iIS312_Trypomastigote,606,791,307,502,160,1.64,0.52,3.14,49,0.010,1,baseline,0,30.0,0.02,False,1.0000,0,,,123,54,36,0,33,324,134,51,1.00,1,9.22,57,1.50,11,0.000,0.028,0.111,36,,,,,,,,,,,,,,,,,,,,,,,,,,,,,,,,,,,,,,,,,,,,,,,,,,,,,
2026-08-07 17:28:27,iIS312_Trypomastigote,606,791,307,502,160,1.64,0.52,3.14,49,0.010,1,adaptive,200,30.0,0.02,False,1.0000,0,,,104,54,35,18,0,248,134,51,1.00,1,7.86,45,1.23,5,0.000,0.029,0.114,35,,,,,,,,,,,,,,,,,,,,,,,,,,,,,,,,,,,,,,,,,,,,,,,,,,,,,
2026-08-07 17:28:27,iIS312_Trypomastigote,606,791,307,502,160,1.64,0.52,3.14,49,0.010,1,epm_espm_original,,30.0,42.27,False,,,,,,,,,,,,,,,,,,,,,,,51,13123,16,1:52;2:99;3:275;4:777;5:2712;6:3036;7:1799;8:1286;9:1056;10:948;11:556;12:311;13:133;14:62;15:16;16:5,False,,,,,,,,,,,,,,,,,,,,,,,,,,,,,,,,,,,,,,,,,,,,,,,,
2026-08-07 17:28:27,iIS312_Trypomastigote,606,791,307,502,160,1.64,0.52,3.14,49,0.010,1,risk_analysis,,300.0,360.21,True,,,,,,,,,,,,,,,,,,,,,,,,,,,,,,,,,,,,,,,,,,,,,,,,,,,,,,,,,,,,,,,,,,,,,,,,,,,
2026-08-07 17:35:12,iIS312_Epimastigote,606,804,302,500,159,1.66,0.53,3.14,49,0.010,1,baseline,0,30.0,0.01,False,1.0000,0,,,134,59,39,0,36,282,133,53,1.03,2,7.31,47,1.36,6,0.049,0.075,0.150,38,,,,,,,,,,,,,,,,,,,,,,,,,,,,,,,,,,,,,,,,,,,,,,,,,,,,,
2026-08-07 17:35:12,iIS312_Epimastigote,606,804,302,500,159,1.66,0.53,3.14,49,0.010,1,adaptive,200,30.0,0.01,False,1.0000,0,,,117,57,40,13,0,274,127,53,1.02,2,7.42,47,1.40,6,0.048,0.073,0.146,39,,,,,,,,,,,,,,,,,,,,,,,,,,,,,,,,,,,,,,,,,,,,,,,,,,,,,
2026-08-07 17:35:12,iIS312_Epimastigote,606,804,302,500,159,1.66,0.53,3.14,49,0.010,1,epm_espm_original,,30.0,43.49,False,,,,,,,,,,,,,,,,,,,,,,,53,12810,16,1:52;2:102;3:279;4:801;5:2961;6:2998;7:1764;8:1343;9:1070;10:646;11:416;12:213;13:98;14:51;15:13;16:3,False,,,,,,,,,,,,,,,,,,,,,,,,,,,,,,,,,,,,,,,,,,,,,,,,
2026-08-07 17:35:12,iIS312_Epimastigote,606,804,302,500,159,1.66,0.53,3.14,49,0.010,1,risk_analysis,,300.0,360.25,True,,,,,,,,,,,,,,,,,,,,,,,,,,,,,,,,,,,,,,,,,,,,,,,,,,,,,,,,,,,,,,,,,,,,,,,,,,,
2026-08-07 17:41:57,iIS312,606,806,300,499,159,1.66,0.53,3.14,49,0.010,1,baseline,0,30.0,0.01,False,1.0000,0,,,129,62,41,0,26,223,125,53,1.02,2,9.20,59,1.49,11,0.023,0.048,0.119,41,,,,,,,,,,,,,,,,,,,,,,,,,,,,,,,,,,,,,,,,,,,,,,,,,,,,,
2026-08-07 17:41:57,iIS312,606,806,300,499,159,1.66,0.53,3.14,49,0.010,1,adaptive,200,30.0,0.01,False,1.0000,0,,,120,62,41,9,0,223,125,53,1.02,2,9.20,59,1.49,11,0.023,0.048,0.119,41,,,,,,,,,,,,,,,,,,,,,,,,,,,,,,,,,,,,,,,,,,,,,,,,,,,,,
2026-08-07 17:41:57,iIS312,606,806,300,499,159,1.66,0.53,3.14,49,0.010,1,epm_espm_original,,30.0,41.76,False,,,,,,,,,,,,,,,,,,,,,,,53,11841,16,1:47;2:100;3:270;4:790;5:2927;6:2935;7:1657;8:1152;9:898;10:538;11:280;12:150;13:71;14:20;15:4;16:2,False,,,,,,,,,,,,,,,,,,,,,,,,,,,,,,,,,,,,,,,,,,,,,,,,
2026-08-07 17:41:57,iIS312,606,806,300,499,159,1.66,0.53,3.14,49,0.010,1,risk_analysis,,300.0,360.17,True,,,,,,,,,,,,,,,,,,,,,,,,,,,,,,,,,,,,,,,,,,,,,,,,,,,,,,,,,,,,,,,,,,,,,,,,,,,
2026-08-07 17:48:41,iLJ478,575,852,479,1561,520,3.26,1.09,3.00,122,0.021,3,baseline,0,30.0,0.86,False,1.0000,0,,,1594,507,554,0,533,108014,707,37,1.39,4,58.70,320,16.67,156,0.671,0.153,0.587,157,,,,,,,,,,,,,,,,,,,,,,,,,,,,,,,,,,,,,,,,,,,,,,,,,,,,,
2026-08-07 17:48:41,iLJ478,575,852,479,1561,520,3.26,1.09,3.00,122,0.021,3,adaptive,200,30.0,1.34,False,1.0000,0,,,1097,490,397,210,0,66120,640,37,1.27,4,40.43,320,10.42,156,0.601,0.115,0.550,150,,,,,,,,,,,,,,,,,,,,,,,,,,,,,,,,,,,,,,,,,,,,,,,,,,,,,
2026-08-07 17:48:41,iLJ478,575,852,479,1561,520,3.26,1.09,3.00,122,0.021,3,epm_espm_original,,30.0,330.35,True,,,,,,,,,,,,,,,,,,,,,,,37,13829,24,1:79;2:263;3:780;4:1266;5:1813;6:1896;7:1755;8:1480;9:1152;10:994;11:780;12:573;13:366;14:182;15:128;16:94;17:62;18:38;19:42;20:18;21:19;22:26;23:17;24:6,False,,,,,,,,,,,,,,,,,,,,,,,,,,,,,,,,,,,,,,,,,,,,,,,,
2026-08-07 17:48:41,iLJ478,575,852,479,1561,520,3.26,1.09,3.00,122,0.021,3,risk_analysis,,300.0,360.21,True,,,,,,,,,,,,,,,,,,,,,,,,,,,,,,,,,,,,,,,,,,,,,,,,,,,,,,,,,,,,,,,,,,,,,,,,,,,
2026-08-07 18:00:18,iSB619,655,959,579,8014,1500,13.84,2.59,5.34,196,0.173,1,baseline,0,30.0,30.27,True,0.9893,108,10.9,68,9985,1880,5046,0,3059,5917896,2951,65,2.56,13,44.11,190,15.24,84,0.756,0.091,0.609,171,,,,,,,,,,,,,,,,,,,,,,,,,,,,,,,,,,,,,,,,,,,,,,,,,,,,,
2026-08-07 18:00:18,iSB619,655,959,579,8014,1500,13.84,2.59,5.34,196,0.173,1,adaptive,200,30.0,19.12,False,1.0000,0,,,9827,3703,4647,1575,2,5880446,4006,65,1.62,13,43.50,298,16.47,162,0.739,0.114,0.562,175,,,,,,,,,,,,,,,,,,,,,,,,,,,,,,,,,,,,,,,,,,,,,,,,,,,,,
2026-08-07 18:00:18,iSB619,655,959,579,8014,1500,13.84,2.59,5.34,196,0.173,1,epm_espm_original,,30.0,72.02,False,,,,,,,,,,,,,,,,,,,,,,,65,17411,24,1:420;2:1334;3:1757;4:1794;5:2007;6:2064;7:1869;8:1664;9:1327;10:926;11:577;12:522;13:435;14:291;15:176;16:89;17:49;18:35;19:28;20:16;21:10;22:11;23:6;24:4,False,,,,,,,,,,,,,,,,,,,,,,,,,,,,,,,,,,,,,,,,,,,,,,,,
2026-08-07 18:00:18,iSB619,655,959,579,8014,1500,13.84,2.59,5.34,196,0.173,1,risk_analysis,,300.0,360.09,True,,,,,,,,,,,,,,,,,,,,,,,,,,,,,,,,,,,,,,,,,,,,,,,,,,,,,,,,,,,,,,,,,,,,,,,,,,,
2026-08-07 18:08:30,iHN637,704,1000,590,4430,1296,7.51,2.20,3.42,151,0.092,5,baseline,0,30.0,1.71,False,1.0000,0,,,4122,458,2087,0,1577,825121,2474,55,1.59,5,35.80,259,11.79,127,0.758,0.170,0.607,222,,,,,,,,,,,,,,,,,,,,,,,,,,,,,,,,,,,,,,,,,,,,,,,,,,,,,
2026-08-07 18:08:30,iHN637,704,1000,590,4430,1296,7.51,2.20,3.42,151,0.092,5,adaptive,200,30.0,0.92,False,1.0000,0,,,1906,378,1216,533,0,363563,1306,55,1.44,4,26.66,210,7.84,95,0.756,0.199,0.645,199,,,,,,,,,,,,,,,,,,,,,,,,,,,,,,,,,,,,,,,,,,,,,,,,,,,,,
2026-08-07 18:08:30,iHN637,704,1000,590,4430,1296,7.51,2.20,3.42,151,0.092,5,epm_espm_original,,30.0,330.13,True,,,,,,,,,,,,,,,,,,,,,,,,,,,,,,,,,,,,,,,,,,,,,,,,,,,,,,,,,,,,,,,,,,,,,,,,,,,
2026-08-07 18:08:30,iHN637,704,1000,590,4430,1296,7.51,2.20,3.42,151,0.092,5,risk_analysis,,300.0,360.11,True,,,,,,,,,,,,,,,,,,,,,,,,,,,,,,,,,,,,,,,,,,,,,,,,,,,,,,,,,,,,,,,,,,,,,,,,,,,
2026-08-07 18:20:07,iNF517,656,1003,404,432,276,1.07,0.68,1.57,45,0.059,7,baseline,0,30.0,0.05,False,1.0000,0,,,284,45,171,0,68,1176,143,50,1.23,5,65.94,304,1.71,8,0.311,0.038,0.327,135,,,,,,,,,,,,,,,,,,,,,,,,,,,,,,,,,,,,,,,,,,,,,,,,,,,,,
2026-08-07 18:20:07,iNF517,656,1003,404,432,276,1.07,0.68,1.57,45,0.059,7,adaptive,200,30.0,0.05,False,1.0000,0,,,214,44,149,34,0,736,143,50,1.19,5,67.92,304,1.31,5,0.213,0.039,0.270,135,,,,,,,,,,,,,,,,,,,,,,,,,,,,,,,,,,,,,,,,,,,,,,,,,,,,,
2026-08-07 18:20:07,iNF517,656,1003,404,432,276,1.07,0.68,1.57,45,0.059,7,epm_espm_original,,30.0,331.61,True,,,,,,,,,,,,,,,,,,,,,,,50,23956,24,1:18;2:34;3:113;4:581;5:1815;6:3949;7:2838;8:2294;9:3057;10:2593;11:1941;12:1179;13:703;14:522;15:511;16:518;17:448;18:321;19:227;20:107;21:106;22:68;23:10;24:3,False,,,,,,,,,,,,,,,,,,,,,,,,,,,,,,,,,,,,,,,,,,,,,,,,
2026-08-07 18:20:07,iNF517,656,1003,404,432,276,1.07,0.68,1.57,45,0.059,7,risk_analysis,,300.0,360.17,True,,,,,,,,,,,,,,,,,,,,,,,,,,,,,,,,,,,,,,,,,,,,,,,,,,,,,,,,,,,,,,,,,,,,,,,,,,,
2026-08-07 18:31:42,iJB785,767,1070,615,1935,900,3.15,1.46,2.15,138,0.031,10,baseline,0,30.0,5.59,False,1.0000,0,,,6062,691,2499,0,2872,523784,1275,62,4.50,14,43.57,336,13.46,163,0.858,0.064,0.829,346,,,,,,,,,,,,,,,,,,,,,,,,,,,,,,,,,,,,,,,,,,,,,,,,,,,,,
2026-08-07 18:31:42,iJB785,767,1070,615,1935,900,3.15,1.46,2.15,138,0.031,10,adaptive,200,30.0,2.35,False,1.0000,0,,,1941,587,987,866,0,174270,585,62,1.37,10,36.48,286,8.89,129,0.629,0.044,0.538,317,,,,,,,,,,,,,,,,,,,,,,,,,,,,,,,,,,,,,,,,,,,,,,,,,,,,,
2026-08-07 18:31:42,iJB785,767,1070,615,1935,900,3.15,1.46,2.15,138,0.031,10,epm_espm_original,,30.0,44.73,False,,,,,,,,,,,,,,,,,,,,,,,62,1678,18,1:142;2:287;3:190;4:210;5:154;6:66;7:93;8:108;9:148;10:96;11:60;12:43;13:41;14:19;15:16;16:2;17:2;18:1,False,,,,,,,,,,,,,,,,,,,,,,,,,,,,,,,,,,,,,,,,,,,,,,,,
2026-08-07 18:31:42,iJB785,767,1070,615,1935,900,3.15,1.46,2.15,138,0.031,10,risk_analysis,,300.0,360.20,True,,,,,,,,,,,,,,,,,,,,,,,,,,,,,,,,,,,,,,,,,,,,,,,,,,,,,,,,,,,,,,,,,,,,,,,,,,,
2026-08-07 18:38:47,iJN678,806,1087,643,2530,815,3.93,1.27,3.10,163,0.050,7,baseline,0,30.0,3.25,False,1.0000,0,,,5577,284,2674,0,2619,1378925,3719,49,2.63,6,87.10,433,26.78,216,0.875,0.215,0.843,296,,,,,,,,,,,,,,,,,,,,,,,,,,,,,,,,,,,,,,,,,,,,,,,,,,,,,
2026-08-07 18:38:47,iJN678,806,1087,643,2530,815,3.93,1.27,3.10,163,0.050,7,adaptive,200,30.0,0.87,False,1.0000,0,,,1351,256,898,686,0,228153,755,49,1.73,4,52.32,385,13.27,182,0.718,0.109,0.649,280,,,,,,,,,,,,,,,,,,,,,,,,,,,,,,,,,,,,,,,,,,,,,,,,,,,,,
2026-08-07 18:38:47,iJN678,806,1087,643,2530,815,3.93,1.27,3.10,163,0.050,7,epm_espm_original,,30.0,331.09,True,,,,,,,,,,,,,,,,,,,,,,,49,20388,33,1:63;2:133;3:556;4:1338;5:1457;6:1587;7:1353;8:1981;9:1688;10:1940;11:1420;12:1235;13:795;14:519;15:485;16:331;17:270;18:237;19:200;20:379;21:747;22:527;23:365;24:278;25:243;26:109;27:41;28:28;29:45;30:10;31:11;32:12;33:5,False,,,,,,,,,,,,,,,,,,,,,,,,,,,,,,,,,,,,,,,,,,,,,,,,
2026-08-07 18:38:47,iJN678,806,1087,643,2530,815,3.93,1.27,3.10,163,0.050,7,risk_analysis,,300.0,360.12,True,,,,,,,,,,,,,,,,,,,,,,,,,,,,,,,,,,,,,,,,,,,,,,,,,,,,,,,,,,,,,,,,,,,,,,,,,,,
2026-08-07 18:50:29,iNJ661,825,1296,713,3697,1097,5.19,1.54,3.37,184,0.118,6,baseline,0,30.0,8.96,False,1.0000,0,,,16614,1401,7239,0,7974,4209366,1141,73,2.11,6,60.79,451,17.37,209,0.734,0.043,0.534,320,,,,,,,,,,,,,,,,,,,,,,,,,,,,,,,,,,,,,,,,,,,,,,,,,,,,,
2026-08-07 18:50:29,iNJ661,825,1296,713,3697,1097,5.19,1.54,3.37,184,0.118,6,adaptive,200,30.0,9.28,False,1.0000,0,,,4543,1215,2678,2544,0,1272657,794,73,1.52,6,41.27,401,11.00,174,0.758,0.049,0.611,307,,,,,,,,,,,,,,,,,,,,,,,,,,,,,,,,,,,,,,,,,,,,,,,,,,,,,
2026-08-07 18:50:29,iNJ661,825,1296,713,3697,1097,5.19,1.54,3.37,184,0.118,6,epm_espm_original,,30.0,32.09,False,,,,,,,,,,,,,,,,,,,,,,,73,2619,19,1:152;2:405;3:551;4:480;5:293;6:207;7:106;8:99;9:50;10:32;11:42;12:35;13:41;14:24;15:23;16:28;17:33;18:17;19:1,False,,,,,,,,,,,,,,,,,,,,,,,,,,,,,,,,,,,,,,,,,,,,,,,,
2026-08-07 18:50:29,iNJ661,825,1296,713,3697,1097,5.19,1.54,3.37,184,0.118,6,risk_analysis,,300.0,360.09,True,,,,,,,,,,,,,,,,,,,,,,,,,,,,,,,,,,,,,,,,,,,,,,,,,,,,,,,,,,,,,,,,,,,,,,,,,,,
2026-08-07 18:57:26,iJR904,767,1329,733,1423,672,1.94,0.92,2.12,117,0.012,8,baseline,0,30.0,4.13,False,1.0000,0,,,2155,273,1165,0,717,337594,2502,63,3.61,7,74.29,327,15.45,168,0.885,0.092,0.926,228,,,,,,,,,,,,,,,,,,,,,,,,,,,,,,,,,,,,,,,,,,,,,,,,,,,,,
2026-08-07 18:57:26,iJR904,767,1329,733,1423,672,1.94,0.92,2.12,117,0.012,8,adaptive,200,30.0,0.94,False,1.0000,0,,,699,211,363,168,0,32144,517,63,1.48,7,44.71,313,5.51,44,0.514,0.043,0.511,222,,,,,,,,,,,,,,,,,,,,,,,,,,,,,,,,,,,,,,,,,,,,,,,,,,,,,
2026-08-07 18:57:26,iJR904,767,1329,733,1423,672,1.94,0.92,2.12,117,0.012,8,epm_espm_original,,30.0,35.25,False,,,,,,,,,,,,,,,,,,,,,,,63,17754,37,1:40;2:121;3:344;4:931;5:904;6:1257;7:1283;8:1375;9:1412;10:1342;11:1105;12:1083;13:1018;14:1033;15:757;16:502;17:460;18:413;19:444;20:448;21:362;22:312;23:248;24:173;25:126;26:84;27:63;28:27;29:40;30:16;31:10;32:6;33:5;34:3;35:3;36:1;37:3,False,,,,,,,,,,,,,,,,,,,,,,,,,,,,,,,,,,,,,,,,,,,,,,,,
2026-08-07 18:57:26,iJR904,767,1329,733,1423,672,1.94,0.92,2.12,117,0.012,8,risk_analysis,,300.0,360.22,True,,,,,,,,,,,,,,,,,,,,,,,,,,,,,,,,,,,,,,,,,,,,,,,,,,,,,,,,,,,,,,,,,,,,,,,,,,,
2026-08-07 19:04:16,iSynCJ816,936,1332,739,2650,907,3.59,1.23,2.92,165,0.047,9,baseline,0,30.0,2.32,False,1.0000,0,,,2561,417,1216,0,928,192094,1940,77,1.89,5,53.88,548,15.28,281,0.746,0.092,0.686,295,,,,,,,,,,,,,,,,,,,,,,,,,,,,,,,,,,,,,,,,,,,,,,,,,,,,,
2026-08-07 19:04:16,iSynCJ816,936,1332,739,2650,907,3.59,1.23,2.92,165,0.047,9,adaptive,200,30.0,1.14,False,1.0000,0,,,1608,379,879,358,0,100728,972,77,1.81,5,35.31,407,8.12,209,0.716,0.117,0.654,285,,,,,,,,,,,,,,,,,,,,,,,,,,,,,,,,,,,,,,,,,,,,,,,,,,,,,
2026-08-07 19:11:20,BIOMD0000000652_manyOrgs,95,126,109,147,120,1.35,1.10,1.22,16,0.037,7,epm_espm_original,,30.0,76.06,False,,,,,,,,,,,,,,,,,,,,,,,16,39142,20,1:29;2:53;3:107;4:224;5:493;6:1003;7:1816;8:2848;9:3968;10:4962;11:5474;12:5311;13:4539;14:3473;15:2372;16:1410;17:709;18:272;19:71;20:8,False,,,,,,,,,,,,,,,,,,,,,,,,,,,,,,,,,,,,,,,,,,,,,,,,
2026-08-07 19:11:20,BIOMD0000000652_manyOrgs,95,126,109,147,120,1.35,1.10,1.22,16,0.037,7,risk_analysis,,300.0,360.12,True,,,,,,,,,,,,,,,,,,,,,,,,,,,,,,,,,,,,,,,,,,,,,,,,,,,,,,,,,,,,,,,,,,,,,,,,,,,
2026-08-07 19:18:36,iAF692,702,688,642,24952,8609,38.87,13.41,2.90,333,0.598,2,baseline,0,30.0,30.04,True,0.9798,116,1.7,9,5635,0,3388,0,2247,2904426,12565,2,4.62,10,16.95,38,6.50,16,0.684,0.039,0.496,248,,,,,,,,,,,,,,,,,,,,,,,,,,,,,,,,,,,,,,,,,,,,,,,,,,,,,
2026-08-07 19:18:36,iAF692,702,688,642,24952,8609,38.87,13.41,2.90,333,0.598,2,adaptive,0,30.0,30.03,True,0.9789,121,1.9,8,5625,0,3382,0,2243,2897320,12486,2,4.62,10,16.94,38,6.49,16,0.684,0.039,0.496,248,,,,,,,,,,,,,,,,,,,,,,,,,,,,,,,,,,,,,,,,,,,,,,,,,,,,,
2026-08-07 19:18:36,iAF692,702,688,642,24952,8609,38.87,13.41,2.90,333,0.598,2,epm_espm_original,,30.0,330.03,True,,,,,,,,,,,,,,,,,,,,,,,,,,,,,,,,,,,,,,,,,,,,,,,,,,,,,,,,,,,,,,,,,,,,,,,,,,,
2026-08-07 19:18:36,iAF692,702,688,642,24952,8609,38.87,13.41,2.90,333,0.598,2,risk_analysis,,300.0,360.04,True,,,,,,,,,,,,,,,,,,,,,,,,,,,,,,,,,,,,,,,,,,,,,,,,,,,,,,,,,,,,,,,,,,,,,,,,,,,
2026-08-07 19:31:15,iIT341,494,737,384,2237,583,5.83,1.52,3.84,105,0.154,3,epm_espm_original,,30.0,330.45,True,,,,,,,,,,,,,,,,,,,,,,,49,20465,33,1:57;2:207;3:714;4:926;5:1210;6:1327;7:1544;8:1672;9:1612;10:1572;11:1409;12:1215;13:1049;14:932;15:820;16:736;17:691;18:572;19:469;20:384;21:341;22:240;23:173;24:103;25:88;26:84;27:63;28:74;29:43;30:46;31:44;32:36;33:12,False,,,,,,,,,,,,,,,,,,,,,,,,,,,,,,,,,,,,,,,,,,,,,,,,
2026-08-07 19:31:15,iIT341,494,737,384,2237,583,5.83,1.52,3.84,105,0.154,3,risk_analysis,,300.0,360.30,True,,,,,,,,,,,,,,,,,,,,,,,,,,,,,,,,,,,,,,,,,,,,,,,,,,,,,,,,,,,,,,,,,,,,,,,,,,,
2026-08-07 19:42:47,iIS312_Amastigote,606,784,305,505,174,1.66,0.57,2.90,49,0.016,2,epm_espm_original,,30.0,330.18,True,,,,,,,,,,,,,,,,,,,,,,,53,10188,17,1:39;2:94;3:248;4:716;5:2580;6:2442;7:1183;8:996;9:730;10:491;11:282;12:159;13:99;14:86;15:29;16:11;17:3,False,,,,,,,,,,,,,,,,,,,,,,,,,,,,,,,,,,,,,,,,,,,,,,,,
2026-08-07 19:42:47,iIS312_Amastigote,606,784,305,505,174,1.66,0.57,2.90,49,0.016,2,risk_analysis,,300.0,360.12,True,,,,,,,,,,,,,,,,,,,,,,,,,,,,,,,,,,,,,,,,,,,,,,,,,,,,,,,,,,,,,,,,,,,,,,,,,,,
2026-08-07 19:54:18,iIS312_Trypomastigote,606,791,307,502,160,1.64,0.52,3.14,49,0.010,1,epm_espm_original,,30.0,330.22,True,,,,,,,,,,,,,,,,,,,,,,,51,13123,16,1:52;2:99;3:275;4:777;5:2712;6:3036;7:1799;8:1286;9:1056;10:948;11:556;12:311;13:133;14:62;15:16;16:5,False,,,,,,,,,,,,,,,,,,,,,,,,,,,,,,,,,,,,,,,,,,,,,,,,
2026-08-07 19:54:18,iIS312_Trypomastigote,606,791,307,502,160,1.64,0.52,3.14,49,0.010,1,risk_analysis,,300.0,360.14,True,,,,,,,,,,,,,,,,,,,,,,,,,,,,,,,,,,,,,,,,,,,,,,,,,,,,,,,,,,,,,,,,,,,,,,,,,,,
2026-08-07 20:05:49,iIS312_Epimastigote,606,804,302,500,159,1.66,0.53,3.14,49,0.010,1,epm_espm_original,,30.0,330.25,True,,,,,,,,,,,,,,,,,,,,,,,53,12810,16,1:52;2:102;3:279;4:801;5:2961;6:2998;7:1764;8:1343;9:1070;10:646;11:416;12:213;13:98;14:51;15:13;16:3,False,,,,,,,,,,,,,,,,,,,,,,,,,,,,,,,,,,,,,,,,,,,,,,,,
2026-08-07 20:05:49,iIS312_Epimastigote,606,804,302,500,159,1.66,0.53,3.14,49,0.010,1,risk_analysis,,300.0,360.13,True,,,,,,,,,,,,,,,,,,,,,,,,,,,,,,,,,,,,,,,,,,,,,,,,,,,,,,,,,,,,,,,,,,,,,,,,,,,
2026-08-07 20:17:20,iIS312,606,806,300,499,159,1.66,0.53,3.14,49,0.010,1,epm_espm_original,,30.0,330.17,True,,,,,,,,,,,,,,,,,,,,,,,53,11841,16,1:47;2:100;3:270;4:790;5:2927;6:2935;7:1657;8:1152;9:898;10:538;11:280;12:150;13:71;14:20;15:4;16:2,False,,,,,,,,,,,,,,,,,,,,,,,,,,,,,,,,,,,,,,,,,,,,,,,,
2026-08-07 20:17:20,iIS312,606,806,300,499,159,1.66,0.53,3.14,49,0.010,1,risk_analysis,,300.0,360.12,True,,,,,,,,,,,,,,,,,,,,,,,,,,,,,,,,,,,,,,,,,,,,,,,,,,,,,,,,,,,,,,,,,,,,,,,,,,,
2026-08-07 20:28:51,iLJ478,575,852,479,1561,520,3.26,1.09,3.00,122,0.021,3,epm_espm_original,,30.0,330.23,True,,,,,,,,,,,,,,,,,,,,,,,37,13829,24,1:79;2:263;3:780;4:1266;5:1813;6:1896;7:1755;8:1480;9:1152;10:994;11:780;12:573;13:366;14:182;15:128;16:94;17:62;18:38;19:42;20:18;21:19;22:26;23:17;24:6,False,,,,,,,,,,,,,,,,,,,,,,,,,,,,,,,,,,,,,,,,,,,,,,,,
2026-08-07 20:28:51,iLJ478,575,852,479,1561,520,3.26,1.09,3.00,122,0.021,3,risk_analysis,,300.0,360.18,True,,,,,,,,,,,,,,,,,,,,,,,,,,,,,,,,,,,,,,,,,,,,,,,,,,,,,,,,,,,,,,,,,,,,,,,,,,,
2026-08-07 20:40:24,iSB619,655,959,579,8014,1500,13.84,2.59,5.34,196,0.173,1,baseline,0,30.0,19.05,False,1.0000,0,,,17395,3823,8496,0,5076,12050646,4916,65,2.31,13,50.53,350,19.54,198,0.773,0.102,0.600,177,,,,,,,,,,,,,,,,,,,,,,,,,,,,,,,,,,,,,,,,,,,,,,,,,,,,,
2026-08-07 20:40:24,iSB619,655,959,579,8014,1500,13.84,2.59,5.34,196,0.173,1,epm_espm_original,,30.0,330.31,True,,,,,,,,,,,,,,,,,,,,,,,65,17411,24,1:420;2:1334;3:1757;4:1794;5:2007;6:2064;7:1869;8:1664;9:1327;10:926;11:577;12:522;13:435;14:291;15:176;16:89;17:49;18:35;19:28;20:16;21:10;22:11;23:6;24:4,False,,,,,,,,,,,,,,,,,,,,,,,,,,,,,,,,,,,,,,,,,,,,,,,,
2026-08-07 20:40:24,iSB619,655,959,579,8014,1500,13.84,2.59,5.34,196,0.173,1,risk_analysis,,300.0,360.12,True,,,,,,,,,,,,,,,,,,,,,,,,,,,,,,,,,,,,,,,,,,,,,,,,,,,,,,,,,,,,,,,,,,,,,,,,,,,
2026-08-07 20:52:17,iHN637,704,1000,590,4430,1296,7.51,2.20,3.42,151,0.092,5,epm_espm_original,,30.0,330.11,True,,,,,,,,,,,,,,,,,,,,,,,,,,,,,,,,,,,,,,,,,,,,,,,,,,,,,,,,,,,,,,,,,,,,,,,,,,,
2026-08-07 20:52:17,iHN637,704,1000,590,4430,1296,7.51,2.20,3.42,151,0.092,5,risk_analysis,,300.0,360.07,True,,,,,,,,,,,,,,,,,,,,,,,,,,,,,,,,,,,,,,,,,,,,,,,,,,,,,,,,,,,,,,,,,,,,,,,,,,,
2026-08-08 10:42:21,BIOMD0000000652_manyOrgs,95,126,109,147,120,1.35,1.10,1.22,16,0.037,7,epm_espm_original,,100.0,117.87,False,,,,,,,,,,,,,,,,,,,,,,,16,51457,23,1:29;2:53;3:107;4:224;5:493;6:1003;7:1816;8:2848;9:3971;10:5030;11:5811;12:6150;13:5993;14:5386;15:4439;16:3326;17:2238;18:1347;19:712;20:325;21:119;22:32;23:5,False,,,,,,,,,,,,,,,,,,,,,,,,,,,,,,,,,,,,,,,,,,,,,,,,
2026-08-08 10:42:21,BIOMD0000000652_manyOrgs,95,126,109,147,120,1.35,1.10,1.22,16,0.037,7,risk_analysis,,300.0,297.95,False,,,,,,,,,,,,,,,,,,,,,,,,,,,,16,0,1,36,48,0,16,0,0,42,12,0,15,0,0,24,19,0,3,0,0,15,1,0,12,51675,24,1:29;2:53;3:107;4:224;5:493;6:1003;7:1816;8:2848;9:3971;10:5030;11:5811;12:6150;13:5993;14:5388;15:4451;16:3356;17:2286;18:1391;19:746;20:345;21:133;22:41;23:9;24:1,182837,2782889,0,406,0,456,2390749,0,504220,29197,168036,0,669,0,77791,10726,24505,0,268,
2026-08-08 10:49:17,iAF692,702,688,642,24952,8609,38.87,13.41,2.90,333,0.598,2,baseline,0,100.0,100.02,True,0.9965,151,3.4,12,42830,0,25847,0,16983,35868951,81085,2,5.01,11,21.43,56,9.68,31,0.696,0.035,0.493,271,,,,,,,,,,,,,,,,,,,,,,,,,,,,,,,,,,,,,,,,,,,,,,,,,,,,,
2026-08-08 10:49:17,iAF692,702,688,642,24952,8609,38.87,13.41,2.90,333,0.598,2,adaptive,0,100.0,100.02,True,0.9968,134,2.5,9,41936,0,25375,0,16561,34884647,80098,2,5.00,11,21.37,56,9.62,31,0.694,0.036,0.490,271,,,,,,,,,,,,,,,,,,,,,,,,,,,,,,,,,,,,,,,,,,,,,,,,,,,,,
2026-08-08 10:49:17,iAF692,702,688,642,24952,8609,38.87,13.41,2.90,333,0.598,2,epm_espm_original,,100.0,400.06,True,,,,,,,,,,,,,,,,,,,,,,,,,,,,,,,,,,,,,,,,,,,,,,,,,,,,,,,,,,,,,,,,,,,,,,,,,,,
2026-08-08 10:49:17,iAF692,702,688,642,24952,8609,38.87,13.41,2.90,333,0.598,2,risk_analysis,,300.0,360.06,True,,,,,,,,,,,,,,,,,,,,,,,,,,,,,,,,,,,,,,,,,,,,,,,,,,,,,,,,,,,,,,,,,,,,,,,,,,,
2026-08-08 11:05:22,iIT341,494,737,384,2237,583,5.83,1.52,3.84,105,0.154,3,epm_espm_original,,100.0,400.57,True,,,,,,,,,,,,,,,,,,,,,,,49,20465,33,1:57;2:207;3:714;4:926;5:1210;6:1327;7:1544;8:1672;9:1612;10:1572;11:1409;12:1215;13:1049;14:932;15:820;16:736;17:691;18:572;19:469;20:384;21:341;22:240;23:173;24:103;25:88;26:84;27:63;28:74;29:43;30:46;31:44;32:36;33:12,False,,,,,,,,,,,,,,,,,,,,,,,,,,,,,,,,,,,,,,,,,,,,,,,,
2026-08-08 11:05:22,iIT341,494,737,384,2237,583,5.83,1.52,3.84,105,0.154,3,risk_analysis,,300.0,360.21,True,,,,,,,,,,,,,,,,,,,,,,,,,,,,,,,,,,,,,,,,,,,,,,,,,,,,,,,,,,,,,,,,,,,,,,,,,,,
2026-08-08 11:18:04,iIS312_Amastigote,606,784,305,505,174,1.66,0.57,2.90,49,0.016,2,epm_espm_original,,100.0,400.20,True,,,,,,,,,,,,,,,,,,,,,,,53,10188,17,1:39;2:94;3:248;4:716;5:2580;6:2442;7:1183;8:996;9:730;10:491;11:282;12:159;13:99;14:86;15:29;16:11;17:3,False,,,,,,,,,,,,,,,,,,,,,,,,,,,,,,,,,,,,,,,,,,,,,,,,
2026-08-08 11:18:04,iIS312_Amastigote,606,784,305,505,174,1.66,0.57,2.90,49,0.016,2,risk_analysis,,300.0,360.14,True,,,,,,,,,,,,,,,,,,,,,,,,,,,,,,,,,,,,,,,,,,,,,,,,,,,,,,,,,,,,,,,,,,,,,,,,,,,
2026-08-08 11:30:45,iIS312_Trypomastigote,606,791,307,502,160,1.64,0.52,3.14,49,0.010,1,epm_espm_original,,100.0,400.25,True,,,,,,,,,,,,,,,,,,,,,,,51,13123,16,1:52;2:99;3:275;4:777;5:2712;6:3036;7:1799;8:1286;9:1056;10:948;11:556;12:311;13:133;14:62;15:16;16:5,False,,,,,,,,,,,,,,,,,,,,,,,,,,,,,,,,,,,,,,,,,,,,,,,,
2026-08-08 11:30:45,iIS312_Trypomastigote,606,791,307,502,160,1.64,0.52,3.14,49,0.010,1,risk_analysis,,300.0,360.15,True,,,,,,,,,,,,,,,,,,,,,,,,,,,,,,,,,,,,,,,,,,,,,,,,,,,,,,,,,,,,,,,,,,,,,,,,,,,
2026-08-08 11:43:27,iIS312_Epimastigote,606,804,302,500,159,1.66,0.53,3.14,49,0.010,1,epm_espm_original,,100.0,400.23,True,,,,,,,,,,,,,,,,,,,,,,,53,12810,16,1:52;2:102;3:279;4:801;5:2961;6:2998;7:1764;8:1343;9:1070;10:646;11:416;12:213;13:98;14:51;15:13;16:3,False,,,,,,,,,,,,,,,,,,,,,,,,,,,,,,,,,,,,,,,,,,,,,,,,
2026-08-08 11:43:27,iIS312_Epimastigote,606,804,302,500,159,1.66,0.53,3.14,49,0.010,1,risk_analysis,,300.0,360.15,True,,,,,,,,,,,,,,,,,,,,,,,,,,,,,,,,,,,,,,,,,,,,,,,,,,,,,,,,,,,,,,,,,,,,,,,,,,,
2026-08-08 11:56:08,iIS312,606,806,300,499,159,1.66,0.53,3.14,49,0.010,1,epm_espm_original,,100.0,400.22,True,,,,,,,,,,,,,,,,,,,,,,,53,11841,16,1:47;2:100;3:270;4:790;5:2927;6:2935;7:1657;8:1152;9:898;10:538;11:280;12:150;13:71;14:20;15:4;16:2,False,,,,,,,,,,,,,,,,,,,,,,,,,,,,,,,,,,,,,,,,,,,,,,,,
2026-08-08 11:56:08,iIS312,606,806,300,499,159,1.66,0.53,3.14,49,0.010,1,risk_analysis,,300.0,360.13,True,,,,,,,,,,,,,,,,,,,,,,,,,,,,,,,,,,,,,,,,,,,,,,,,,,,,,,,,,,,,,,,,,,,,,,,,,,,
2026-08-08 12:08:49,iLJ478,575,852,479,1561,520,3.26,1.09,3.00,122,0.021,3,epm_espm_original,,100.0,400.26,True,,,,,,,,,,,,,,,,,,,,,,,37,13829,24,1:79;2:263;3:780;4:1266;5:1813;6:1896;7:1755;8:1480;9:1152;10:994;11:780;12:573;13:366;14:182;15:128;16:94;17:62;18:38;19:42;20:18;21:19;22:26;23:17;24:6,False,,,,,,,,,,,,,,,,,,,,,,,,,,,,,,,,,,,,,,,,,,,,,,,,
2026-08-08 12:08:49,iLJ478,575,852,479,1561,520,3.26,1.09,3.00,122,0.021,3,risk_analysis,,300.0,360.15,True,,,,,,,,,,,,,,,,,,,,,,,,,,,,,,,,,,,,,,,,,,,,,,,,,,,,,,,,,,,,,,,,,,,,,,,,,,,
2026-08-08 12:21:32,iSB619,655,959,579,8014,1500,13.84,2.59,5.34,196,0.173,1,epm_espm_original,,100.0,400.33,True,,,,,,,,,,,,,,,,,,,,,,,65,17411,24,1:420;2:1334;3:1757;4:1794;5:2007;6:2064;7:1869;8:1664;9:1327;10:926;11:577;12:522;13:435;14:291;15:176;16:89;17:49;18:35;19:28;20:16;21:10;22:11;23:6;24:4,False,,,,,,,,,,,,,,,,,,,,,,,,,,,,,,,,,,,,,,,,,,,,,,,,
2026-08-08 12:21:32,iSB619,655,959,579,8014,1500,13.84,2.59,5.34,196,0.173,1,risk_analysis,,300.0,360.12,True,,,,,,,,,,,,,,,,,,,,,,,,,,,,,,,,,,,,,,,,,,,,,,,,,,,,,,,,,,,,,,,,,,,,,,,,,,,
2026-08-08 12:34:15,iHN637,704,1000,590,4430,1296,7.51,2.20,3.42,151,0.092,5,epm_espm_original,,100.0,400.10,True,,,,,,,,,,,,,,,,,,,,,,,,,,,,,,,,,,,,,,,,,,,,,,,,,,,,,,,,,,,,,,,,,,,,,,,,,,,
2026-08-08 12:34:15,iHN637,704,1000,590,4430,1296,7.51,2.20,3.42,151,0.092,5,risk_analysis,,300.0,360.10,True,,,,,,,,,,,,,,,,,,,,,,,,,,,,,,,,,,,,,,,,,,,,,,,,,,,,,,,,,,,,,,,,,,,,,,,,,,,
2026-08-08 15:15:43,BIOMD0000000652_manyOrgs,95,126,109,147,120,1.35,1.10,1.22,16,0.037,7,epm_espm_original,,500.0,18.68,False,,,,,,,,,,,,,,,,,,,,,,,16,51675,24,1:29;2:53;3:107;4:224;5:493;6:1003;7:1816;8:2848;9:3971;10:5030;11:5811;12:6150;13:5993;14:5388;15:4451;16:3356;17:2286;18:1391;19:746;20:345;21:133;22:41;23:9;24:1,True,,,,,,,,,,,,,,,,,,,,,,,,,,,,,,,,,,,,,,,,,,,,,,,,
2026-08-08 15:16:02,iAF692,702,688,642,24952,8609,38.87,13.41,2.90,333,0.598,2,baseline,0,500.0,500.10,True,0.9992,84,3.1,12,106078,0,62958,0,43120,98394862,229933,2,5.55,11,23.48,56,10.97,31,0.673,0.035,0.449,287,,,,,,,,,,,,,,,,,,,,,,,,,,,,,,,,,,,,,,,,,,,,,,,,,,,,,
2026-08-08 15:16:02,iAF692,702,688,642,24952,8609,38.87,13.41,2.90,333,0.598,2,adaptive,0,500.0,500.10,True,0.9993,69,1.9,10,102639,0,61061,0,41578,94453049,224185,2,5.51,11,23.38,56,10.89,31,0.673,0.036,0.439,285,,,,,,,,,,,,,,,,,,,,,,,,,,,,,,,,,,,,,,,,,,,,,,,,,,,,,
2026-08-08 15:16:02,iAF692,702,688,642,24952,8609,38.87,13.41,2.90,333,0.598,2,epm_espm_original,,500.0,3250.89,True,,,,,,,,,,,,,,,,,,,,,,,,,,,,,,,,,,,,,,,,,,,,,,,,,,,,,,,,,,,,,,,,,,,,,,,,,,,
2026-08-08 15:16:02,iAF692,702,688,642,24952,8609,38.87,13.41,2.90,333,0.598,2,risk_analysis,,300.0,361.38,True,,,,,,,,,,,,,,,,,,,,,,,,,,,,,,,,,,,,,,,,,,,,,,,,,,,,,,,,,,,,,,,,,,,,,,,,,,,
2026-08-08 16:33:02,iIT341,494,737,384,2237,583,5.83,1.52,3.84,105,0.154,3,epm_espm_original,,500.0,802.74,True,,,,,,,,,,,,,,,,,,,,,,,49,20465,33,1:57;2:207;3:714;4:926;5:1210;6:1327;7:1544;8:1672;9:1612;10:1572;11:1409;12:1215;13:1049;14:932;15:820;16:736;17:691;18:572;19:469;20:384;21:341;22:240;23:173;24:103;25:88;26:84;27:63;28:74;29:43;30:46;31:44;32:36;33:12,False,,,,,,,,,,,,,,,,,,,,,,,,,,,,,,,,,,,,,,,,,,,,,,,,
2026-08-08 16:33:02,iIT341,494,737,384,2237,583,5.83,1.52,3.84,105,0.154,3,risk_analysis,,300.0,360.38,True,,,,,,,,,,,,,,,,,,,,,,,,,,,,,,,,,,,,,,,,,,,,,,,,,,,,,,,,,,,,,,,,,,,,,,,,,,,
2026-08-08 16:52:26,iIS312_Amastigote,606,784,305,505,174,1.66,0.57,2.90,49,0.016,2,epm_espm_original,,500.0,800.75,True,,,,,,,,,,,,,,,,,,,,,,,53,10188,17,1:39;2:94;3:248;4:716;5:2580;6:2442;7:1183;8:996;9:730;10:491;11:282;12:159;13:99;14:86;15:29;16:11;17:3,False,,,,,,,,,,,,,,,,,,,,,,,,,,,,,,,,,,,,,,,,,,,,,,,,
2026-08-08 16:52:26,iIS312_Amastigote,606,784,305,505,174,1.66,0.57,2.90,49,0.016,2,risk_analysis,,300.0,360.36,True,,,,,,,,,,,,,,,,,,,,,,,,,,,,,,,,,,,,,,,,,,,,,,,,,,,,,,,,,,,,,,,,,,,,,,,,,,,
2026-08-08 17:11:50,iIS312_Trypomastigote,606,791,307,502,160,1.64,0.52,3.14,49,0.010,1,epm_espm_original,,500.0,800.32,True,,,,,,,,,,,,,,,,,,,,,,,51,13123,16,1:52;2:99;3:275;4:777;5:2712;6:3036;7:1799;8:1286;9:1056;10:948;11:556;12:311;13:133;14:62;15:16;16:5,False,,,,,,,,,,,,,,,,,,,,,,,,,,,,,,,,,,,,,,,,,,,,,,,,
2026-08-08 17:11:50,iIS312_Trypomastigote,606,791,307,502,160,1.64,0.52,3.14,49,0.010,1,risk_analysis,,300.0,360.16,True,,,,,,,,,,,,,,,,,,,,,,,,,,,,,,,,,,,,,,,,,,,,,,,,,,,,,,,,,,,,,,,,,,,,,,,,,,,
2026-08-08 17:31:12,iIS312_Epimastigote,606,804,302,500,159,1.66,0.53,3.14,49,0.010,1,epm_espm_original,,500.0,800.27,True,,,,,,,,,,,,,,,,,,,,,,,53,12810,16,1:52;2:102;3:279;4:801;5:2961;6:2998;7:1764;8:1343;9:1070;10:646;11:416;12:213;13:98;14:51;15:13;16:3,False,,,,,,,,,,,,,,,,,,,,,,,,,,,,,,,,,,,,,,,,,,,,,,,,
2026-08-08 17:31:12,iIS312_Epimastigote,606,804,302,500,159,1.66,0.53,3.14,49,0.010,1,risk_analysis,,300.0,360.18,True,,,,,,,,,,,,,,,,,,,,,,,,,,,,,,,,,,,,,,,,,,,,,,,,,,,,,,,,,,,,,,,,,,,,,,,,,,,
2026-08-08 17:50:33,iIS312,606,806,300,499,159,1.66,0.53,3.14,49,0.010,1,epm_espm_original,,500.0,800.30,True,,,,,,,,,,,,,,,,,,,,,,,53,11841,16,1:47;2:100;3:270;4:790;5:2927;6:2935;7:1657;8:1152;9:898;10:538;11:280;12:150;13:71;14:20;15:4;16:2,False,,,,,,,,,,,,,,,,,,,,,,,,,,,,,,,,,,,,,,,,,,,,,,,,
2026-08-08 17:50:33,iIS312,606,806,300,499,159,1.66,0.53,3.14,49,0.010,1,risk_analysis,,300.0,360.14,True,,,,,,,,,,,,,,,,,,,,,,,,,,,,,,,,,,,,,,,,,,,,,,,,,,,,,,,,,,,,,,,,,,,,,,,,,,,
2026-08-08 18:09:54,iLJ478,575,852,479,1561,520,3.26,1.09,3.00,122,0.021,3,epm_espm_original,,500.0,800.35,True,,,,,,,,,,,,,,,,,,,,,,,37,13829,24,1:79;2:263;3:780;4:1266;5:1813;6:1896;7:1755;8:1480;9:1152;10:994;11:780;12:573;13:366;14:182;15:128;16:94;17:62;18:38;19:42;20:18;21:19;22:26;23:17;24:6,False,,,,,,,,,,,,,,,,,,,,,,,,,,,,,,,,,,,,,,,,,,,,,,,,
2026-08-08 18:09:54,iLJ478,575,852,479,1561,520,3.26,1.09,3.00,122,0.021,3,risk_analysis,,300.0,360.18,True,,,,,,,,,,,,,,,,,,,,,,,,,,,,,,,,,,,,,,,,,,,,,,,,,,,,,,,,,,,,,,,,,,,,,,,,,,,
2026-08-08 18:29:17,iSB619,655,959,579,8014,1500,13.84,2.59,5.34,196,0.173,1,epm_espm_original,,500.0,800.48,True,,,,,,,,,,,,,,,,,,,,,,,65,17411,24,1:420;2:1334;3:1757;4:1794;5:2007;6:2064;7:1869;8:1664;9:1327;10:926;11:577;12:522;13:435;14:291;15:176;16:89;17:49;18:35;19:28;20:16;21:10;22:11;23:6;24:4,False,,,,,,,,,,,,,,,,,,,,,,,,,,,,,,,,,,,,,,,,,,,,,,,,
2026-08-08 18:29:17,iSB619,655,959,579,8014,1500,13.84,2.59,5.34,196,0.173,1,risk_analysis,,300.0,360.11,True,,,,,,,,,,,,,,,,,,,,,,,,,,,,,,,,,,,,,,,,,,,,,,,,,,,,,,,,,,,,,,,,,,,,,,,,,,,
2026-08-08 18:48:41,iHN637,704,1000,590,4430,1296,7.51,2.20,3.42,151,0.092,5,epm_espm_original,,500.0,800.27,True,,,,,,,,,,,,,,,,,,,,,,,,,,,,,,,,,,,,,,,,,,,,,,,,,,,,,,,,,,,,,,,,,,,,,,,,,,,
2026-08-08 18:48:41,iHN637,704,1000,590,4430,1296,7.51,2.20,3.42,151,0.092,5,risk_analysis,,300.0,360.09,True,,,,,,,,,,,,,,,,,,,,,,,,,,,,,,,,,,,,,,,,,,,,,,,,,,,,,,,,,,,,,,,,,,,,,,,,,,,
2026-08-09 00:17:02,iAF692,702,688,642,24952,8609,38.87,13.41,2.90,333,0.598,2,baseline,0,3000.0,3000.28,True,0.9999,79,5.5,15,790436,0,430875,0,359561,1011150964,2004516,2,6.95,14,29.97,72,15.21,43,0.685,0.047,0.472,312,,,,,,,,,,,,,,,,,,,,,,,,,,,,,,,,,,,,,,,,,,,,,,,,,,,,,
2026-08-09 00:17:02,iAF692,702,688,642,24952,8609,38.87,13.41,2.90,333,0.598,2,adaptive,0,3000.0,3000.31,True,0.9999,66,5.4,11,776648,0,424688,0,351960,992814208,1929923,2,6.93,14,29.92,72,15.20,43,0.684,0.045,0.472,312,,,,,,,,,,,,,,,,,,,,,,,,,,,,,,,,,,,,,,,,,,,,,,,,,,,,,
2026-08-09 00:17:02,iAF692,702,688,642,24952,8609,38.87,13.41,2.90,333,0.598,2,epm_espm_original,,3000.0,6000.40,True,,,,,,,,,,,,,,,,,,,,,,,,,,,,,,,,,,,,,,,,,,,,,,,,,,,,,,,,,,,,,,,,,,,,,,,,,,,
2026-08-09 00:17:02,iAF692,702,688,642,24952,8609,38.87,13.41,2.90,333,0.598,2,risk_analysis,,300.0,360.06,True,,,,,,,,,,,,,,,,,,,,,,,,,,,,,,,,,,,,,,,,,,,,,,,,,,,,,,,,,,,,,,,,,,,,,,,,,,,
2026-08-09 03:43:07,iIT341,494,737,384,2237,583,5.83,1.52,3.84,105,0.154,3,epm_espm_original,,3000.0,6001.54,True,,,,,,,,,,,,,,,,,,,,,,,49,20465,33,1:57;2:207;3:714;4:926;5:1210;6:1327;7:1544;8:1672;9:1612;10:1572;11:1409;12:1215;13:1049;14:932;15:820;16:736;17:691;18:572;19:469;20:384;21:341;22:240;23:173;24:103;25:88;26:84;27:63;28:74;29:43;30:46;31:44;32:36;33:12,False,,,,,,,,,,,,,,,,,,,,,,,,,,,,,,,,,,,,,,,,,,,,,,,,
2026-08-09 03:43:07,iIT341,494,737,384,2237,583,5.83,1.52,3.84,105,0.154,3,risk_analysis,,300.0,360.25,True,,,,,,,,,,,,,,,,,,,,,,,,,,,,,,,,,,,,,,,,,,,,,,,,,,,,,,,,,,,,,,,,,,,,,,,,,,,
2026-08-09 05:29:10,iIS312_Amastigote,606,784,305,505,174,1.66,0.57,2.90,49,0.016,2,epm_espm_original,,3000.0,6001.13,True,,,,,,,,,,,,,,,,,,,,,,,53,10188,17,1:39;2:94;3:248;4:716;5:2580;6:2442;7:1183;8:996;9:730;10:491;11:282;12:159;13:99;14:86;15:29;16:11;17:3,False,,,,,,,,,,,,,,,,,,,,,,,,,,,,,,,,,,,,,,,,,,,,,,,,
2026-08-09 05:29:10,iIS312_Amastigote,606,784,305,505,174,1.66,0.57,2.90,49,0.016,2,risk_analysis,,300.0,360.21,True,,,,,,,,,,,,,,,,,,,,,,,,,,,,,,,,,,,,,,,,,,,,,,,,,,,,,,,,,,,,,,,,,,,,,,,,,,,
2026-08-09 07:15:12,iIS312_Trypomastigote,606,791,307,502,160,1.64,0.52,3.14,49,0.010,1,epm_espm_original,,3000.0,1262.67,False,,,,,,,,,,,,,,,,,,,,,,,,,,,,,,,,,,,,,,,,,,,,,,,,,,,,,,,,,,,,,,,,,,,,,,,,,,,process exited without a result
