file,dataset,n_species,n_reactions,erc_reaction_ratio,time_ercs,time_forest,n_ercs,n_trees,max_depth,mean_depth,mean_tree_depth,n_roots,n_leaves,mean_out_degree,max_out_degree,frac_isolated
BIOMD0000000013.txt,BioMD_metabolic,27,21,0.7619,0.047,0.005,16,1,4,1.375,4.0,5,7,1.8889,4,0.0
BIOMD0000000015.txt,BioMD_metabolic,18,37,0.7027,0.064,0.005,26,1,6,1.6154,6.0,7,4,1.7273,4,0.0
BIOMD0000000017.txt,BioMD_metabolic,19,14,0.9286,0.051,0.003,13,3,4,1.2308,1.3333,5,5,1.375,2,0.1538
BIOMD0000000018.txt,BioMD_metabolic,32,47,0.383,0.079,0.005,18,4,2,0.4444,0.5,12,6,1.5,3,0.1667
BIOMD0000000023.txt,BioMD_metabolic,13,11,0.7273,0.055,0.002,8,3,2,0.75,0.6667,4,4,1.5,2,0.25
BIOMD0000000038.txt,BioMD_metabolic,17,10,1.0,0.032,0.002,10,5,1,0.5,1.0,5,5,1.0,1,0.0
BIOMD0000000041.txt,BioMD_metabolic,10,9,1.0,0.033,0.003,9,1,2,0.8889,2.0,2,5,2.5,5,0.0
BIOMD0000000042.txt,BioMD_metabolic,15,25,0.36,0.066,0.003,9,1,8,4.0,8.0,1,1,1.0,1,0.0
BIOMD0000000046.txt,BioMD_metabolic,16,15,0.9333,0.037,0.004,14,3,2,0.4286,1.0,9,5,1.2222,2,0.0714
BIOMD0000000050.txt,BioMD_metabolic,14,16,0.5625,0.055,0.003,9,1,5,2.2222,5.0,1,1,1.375,2,0.0
BIOMD0000000052.txt,BioMD_metabolic,11,11,0.4545,0.037,0.005,5,1,2,1.2,2.0,1,2,1.3333,2,0.0
BIOMD0000000061.txt,BioMD_metabolic,25,24,1.0,0.065,0.006,24,3,4,1.0833,1.3333,9,9,1.4,3,0.0833
BIOMD0000000063.txt,BioMD_metabolic,9,8,0.625,0.041,0.002,5,2,3,1.2,1.5,2,2,1.0,1,0.2
BIOMD0000000064.txt,BioMD_metabolic,25,17,0.8824,0.04,0.003,15,4,2,0.8667,0.75,6,8,1.5714,2,0.1333
BIOMD0000000067.txt,BioMD_metabolic,8,13,0.4615,0.061,0.002,6,1,4,2.0,4.0,1,1,1.2,2,0.0
BIOMD0000000070.txt,BioMD_metabolic,45,38,0.9211,0.056,0.008,35,12,5,1.5714,0.5,15,19,1.875,6,0.2857
BIOMD0000000071.txt,BioMD_metabolic,26,14,1.0,0.051,0.009,14,7,1,0.4286,0.4286,8,10,1.75,2,0.2857
BIOMD0000000081.txt,BioMD_metabolic,23,15,0.9333,0.054,0.009,14,9,3,0.5,0.4444,10,9,1.0,1,0.5
BIOMD0000000143.txt,BioMD_metabolic,20,20,0.75,0.063,0.012,15,1,5,1.6,5.0,5,1,1.1429,2,0.0
BIOMD0000000172.txt,BioMD_metabolic,25,19,0.8947,0.058,0.005,17,3,2,0.9412,1.0,6,8,1.5556,2,0.0588
BIOMD0000000176.txt,BioMD_metabolic,25,19,0.8947,0.074,0.006,17,3,2,0.9412,1.0,6,8,1.5556,2,0.0588
BIOMD0000000177.txt,BioMD_metabolic,28,21,0.8571,0.077,0.006,18,4,2,0.8889,0.75,7,9,1.5556,2,0.1111
BIOMD0000000190.txt,BioMD_metabolic,11,13,0.7692,0.033,0.003,10,2,2,0.9,1.0,4,5,1.6,2,0.1
BIOMD0000000206.txt,BioMD_metabolic,9,11,0.4545,0.039,0.004,5,1,4,2.0,4.0,1,1,1.0,1,0.0
BIOMD0000000211.txt,BioMD_metabolic,27,21,1.0,0.068,0.003,21,6,3,0.7143,1.1667,9,11,1.5,2,0.0476
BIOMD0000000212.txt,BioMD_metabolic,31,18,1.0,0.064,0.008,18,5,1,0.1667,0.4,15,6,1.0833,2,0.1667
BIOMD0000000213.txt,BioMD_metabolic,14,12,0.9167,0.05,0.003,11,3,3,0.5455,1.0,8,3,1.0,1,0.1818
BIOMD0000000218.txt,BioMD_metabolic,13,14,0.6429,0.043,0.003,9,1,7,3.1111,7.0,2,1,1.0,1,0.0
BIOMD0000000219.txt,BioMD_metabolic,13,15,0.6,0.067,0.004,9,1,7,3.5556,7.0,1,1,1.125,2,0.0
BIOMD0000000221.txt,BioMD_metabolic,12,11,0.7273,0.08,0.004,8,1,7,3.5,7.0,1,1,1.0,1,0.0
BIOMD0000000222.txt,BioMD_metabolic,12,11,0.7273,0.044,0.004,8,1,7,3.5,7.0,1,1,1.0,1,0.0
BIOMD0000000232.txt,BioMD_metabolic,14,12,0.8333,0.068,0.015,10,1,3,1.1,3.0,3,1,1.4444,3,0.0
BIOMD0000000236.txt,BioMD_metabolic,7,4,1.0,0.067,0.014,4,3,1,0.25,0.3333,3,3,1.0,1,0.5
BIOMD0000000245.txt,BioMD_metabolic,11,20,0.8,0.072,0.008,16,1,3,1.4375,3.0,3,8,2.625,4,0.0
BIOMD0000000247.txt,BioMD_metabolic,31,25,0.92,0.086,0.014,23,2,5,2.0,2.5,5,9,1.7143,4,0.0435
BIOMD0000000248.txt,BioMD_metabolic,9,5,1.0,0.068,0.003,5,1,2,0.6,2.0,3,1,1.0,1,0.0
BIOMD0000000253.txt,BioMD_metabolic,6,4,1.0,0.046,0.004,4,1,3,1.5,3.0,1,1,1.0,1,0.0
BIOMD0000000259.txt,BioMD_metabolic,17,29,0.1379,0.06,0.003,4,1,1,0.75,1.0,1,3,3.0,3,0.0
BIOMD0000000260.txt,BioMD_metabolic,17,29,0.1379,0.07,0.002,4,1,1,0.75,1.0,1,3,3.0,3,0.0
BIOMD0000000261.txt,BioMD_metabolic,17,29,0.1379,0.07,0.007,4,1,1,0.75,1.0,1,3,3.0,3,0.0
BIOMD0000000268.txt,BioMD_metabolic,43,61,0.6885,0.122,0.018,42,1,6,1.2381,6.0,18,1,1.2683,3,0.0
BIOMD0000000281.txt,BioMD_metabolic,32,22,0.9091,0.066,0.013,20,17,1,0.15,0.1765,17,17,1.0,1,0.7
BIOMD0000000292.txt,BioMD_metabolic,6,4,1.0,0.051,0.003,4,1,2,1.0,2.0,1,2,1.5,2,0.0
BIOMD0000000328.txt,BioMD_metabolic,18,29,0.1724,0.058,0.002,5,1,2,1.2,2.0,1,2,1.3333,2,0.0
BIOMD0000000384.txt,BioMD_metabolic,6,4,1.0,0.034,0.002,4,2,1,0.25,0.5,3,2,1.0,1,0.25
BIOMD0000000388.txt,BioMD_metabolic,8,7,0.7143,0.065,0.002,5,1,2,1.2,2.0,1,2,1.3333,2,0.0
BIOMD0000000389.txt,BioMD_metabolic,22,18,0.7778,0.044,0.01,14,3,3,1.0714,1.3333,4,8,2.0,3,0.0714
BIOMD0000000390.txt,BioMD_metabolic,11,6,1.0,0.065,0.003,6,2,2,0.6667,1.0,3,3,1.3333,2,0.1667
BIOMD0000000391.txt,BioMD_metabolic,22,21,0.8571,0.067,0.008,18,2,3,0.8333,2.0,7,9,2.0,4,0.0
BIOMD0000000392.txt,BioMD_metabolic,47,27,0.9259,0.071,0.009,25,15,2,0.36,0.4,17,16,1.1111,2,0.4
BIOMD0000000393.txt,BioMD_metabolic,53,36,0.8889,0.085,0.01,32,17,2,0.4375,0.4706,20,21,1.5455,3,0.3438
BIOMD0000000436.txt,BioMD_metabolic,13,22,0.7273,0.065,0.009,16,1,6,2.5,6.0,3,5,1.6364,3,0.0
BIOMD0000000454.txt,BioMD_metabolic,8,4,1.0,0.054,0.002,4,4,0,0.0,0.0,4,4,,0,1.0
BIOMD0000000455.txt,BioMD_metabolic,9,5,1.0,0.04,0.004,5,3,1,0.2,0.3333,4,3,1.0,1,0.4
BIOMD0000000456.txt,BioMD_metabolic,11,6,1.0,0.055,0.003,6,5,1,0.1667,0.2,5,5,1.0,1,0.6667
BIOMD0000000498.txt,BioMD_metabolic,21,44,0.2045,0.115,0.006,9,1,4,2.1111,4.0,1,1,1.375,2,0.0
BIOMD0000000540.txt,BioMD_metabolic,22,11,1.0,0.061,0.005,11,3,1,0.6364,0.3333,4,9,4.5,7,0.1818
BIOMD0000000602.txt,BioMD_metabolic,56,42,0.5,0.089,0.011,21,12,2,0.4286,0.25,14,15,1.6667,3,0.4762
BIOMD0000000627.txt,BioMD_metabolic,65,64,0.8125,0.126,0.015,52,4,5,1.4423,2.0,15,20,1.625,3,0.0192
BIOMD0000000633.txt,BioMD_metabolic,30,35,0.3143,0.152,0.008,11,1,3,0.9091,3.0,4,1,1.1,2,0.0
BIOMD0000000639.txt,BioMD_metabolic,17,10,0.8,0.059,0.004,8,1,3,1.0,3.0,3,1,1.1429,2,0.0
BIOMD0000000689.txt,BioMD_metabolic,17,10,0.8,0.064,0.004,8,1,3,1.0,3.0,3,1,1.1429,2,0.0
BIOMD0000000690.txt,BioMD_metabolic,17,10,0.8,0.054,0.003,8,1,3,1.0,3.0,3,1,1.1429,2,0.0
BIOMD0000000691.txt,BioMD_metabolic,17,18,0.7222,0.038,0.005,13,1,2,0.6154,2.0,6,1,1.1667,2,0.0
BIOMD0000000725.txt,BioMD_metabolic,51,31,0.9355,0.062,0.012,29,20,2,0.2759,0.3,22,21,1.125,2,0.5172
BIOMD0000000961.txt,BioMD_metabolic,48,40,0.8,0.076,0.011,32,7,3,1.0,0.5714,13,14,1.5556,3,0.1562
BIOMD0000001055.txt,BioMD_metabolic,19,30,0.3,0.076,0.005,9,1,4,2.0,4.0,1,1,1.375,3,0.0
BIOMD0000000005.txt,BioMD_cell_cycle,8,9,0.6667,0.073,0.005,6,1,3,1.8333,3.0,1,2,1.5,2,0.0
BIOMD0000000007.txt,BioMD_cell_cycle,19,25,0.48,0.073,0.005,12,1,2,0.4167,2.0,8,1,1.0909,2,0.0
BIOMD0000000056.txt,BioMD_cell_cycle,46,94,0.3511,0.252,0.02,33,1,6,1.8182,6.0,8,1,1.6562,5,0.0
BIOMD0000000069.txt,BioMD_cell_cycle,10,7,0.8571,0.058,0.005,6,4,1,0.3333,0.25,4,5,2.0,2,0.5
BIOMD0000000107.txt,BioMD_cell_cycle,14,23,0.4783,0.081,0.006,11,1,2,0.6364,2.0,5,1,1.4,2,0.0
BIOMD0000000109.txt,BioMD_cell_cycle,49,138,0.1377,0.378,0.008,19,1,4,1.3684,4.0,5,1,1.5556,3,0.0
BIOMD0000000110.txt,BioMD_cell_cycle,13,22,0.3182,0.05,0.004,7,1,2,0.8571,2.0,2,1,1.5,4,0.0
BIOMD0000000111.txt,BioMD_cell_cycle,10,19,0.3158,0.051,0.012,6,1,3,1.6667,3.0,1,1,1.4,3,0.0
BIOMD0000000144.txt,BioMD_cell_cycle,18,54,0.1111,0.197,0.006,6,1,2,0.6667,2.0,3,1,1.2,2,0.0
BIOMD0000000168.txt,BioMD_cell_cycle,7,10,1.0,0.067,0.008,10,1,3,1.2,3.0,3,1,1.4444,2,0.0
BIOMD0000000195.txt,BioMD_cell_cycle,10,20,0.4,0.066,0.009,8,1,4,1.75,4.0,2,1,1.2857,3,0.0
BIOMD0000000196.txt,BioMD_cell_cycle,11,13,0.6923,0.066,0.004,9,1,3,1.0,3.0,3,1,1.125,2,0.0
BIOMD0000000207.txt,BioMD_cell_cycle,6,6,1.0,0.066,0.003,6,2,1,0.3333,1.0,4,2,1.0,1,0.0
BIOMD0000000265.txt,BioMD_cell_cycle,23,52,0.3462,0.165,0.009,18,1,6,2.3333,6.0,3,1,1.4706,2,0.0
BIOMD0000000406.txt,BioMD_cell_cycle,49,51,1.0,0.075,0.018,51,32,2,0.1961,0.1875,42,35,1.1875,2,0.5294
BIOMD0000000409.txt,BioMD_cell_cycle,24,31,0.8387,0.081,0.011,26,1,4,1.2308,4.0,9,9,1.5294,4,0.0
BIOMD0000000697.txt,BioMD_cell_cycle,14,30,0.3,0.085,0.005,9,1,4,1.7778,4.0,2,1,1.375,2,0.0
BIOMD0000000699.txt,BioMD_cell_cycle,24,48,0.5208,0.122,0.008,25,1,3,1.4,3.0,5,8,2.2353,4,0.0
BIOMD0000000700.txt,BioMD_cell_cycle,23,49,0.5102,0.123,0.008,25,1,5,1.92,5.0,3,1,1.5417,3,0.0
BIOMD0000000701.txt,BioMD_cell_cycle,24,48,0.5208,0.112,0.009,25,1,3,1.4,3.0,5,8,2.2353,4,0.0
BIOMD0000000702.txt,BioMD_cell_cycle,24,48,0.5208,0.103,0.006,25,1,3,1.4,3.0,5,8,2.2353,4,0.0
BIOMD0000000718.txt,BioMD_cell_cycle,16,29,0.6207,0.077,0.006,18,1,4,1.0,4.0,8,1,1.2353,3,0.0
BIOMD0000000719.txt,BioMD_cell_cycle,6,9,0.5556,0.062,0.003,5,1,2,0.8,2.0,2,1,1.25,2,0.0
BIOMD0000000720.txt,BioMD_cell_cycle,9,25,0.48,0.06,0.005,12,1,7,3.6667,7.0,1,1,1.3636,2,0.0
BIOMD0000000723.txt,BioMD_cell_cycle,25,73,0.2877,0.141,0.012,21,1,6,2.5238,6.0,2,1,1.6,4,0.0
BIOMD0000000918.txt,BioMD_cell_cycle,8,7,0.8571,0.062,0.008,6,2,3,1.3333,1.5,2,3,1.3333,2,0.1667
BIOMD0000000934.txt,BioMD_cell_cycle,13,19,0.2105,0.056,0.002,4,1,2,1.0,2.0,1,1,1.3333,2,0.0
BIOMD0000000939.txt,BioMD_cell_cycle,56,126,0.3492,0.409,0.087,44,1,6,1.5227,6.0,13,1,1.7209,4,0.0
BIOMD0000000941.txt,BioMD_cell_cycle,8,12,0.75,0.074,0.003,9,1,4,1.4444,4.0,3,1,1.125,2,0.0
BIOMD0000000942.txt,BioMD_cell_cycle,14,15,0.9333,0.036,0.006,14,1,2,0.2857,2.0,11,1,1.1538,2,0.0
BIOMD0000000943.txt,BioMD_cell_cycle,43,83,0.5301,0.194,0.017,44,1,6,1.6818,6.0,15,1,1.3721,4,0.0
BIOMD0000000952.txt,BioMD_cell_cycle,13,15,0.6,0.047,0.005,9,1,2,0.6667,2.0,4,1,1.125,2,0.0
BIOMD0000000954.txt,BioMD_cell_cycle,24,36,0.7778,0.086,0.012,28,1,4,0.75,4.0,15,1,1.3333,4,0.0
BIOMD0000001044.txt,BioMD_cell_cycle,16,39,0.1026,0.094,0.003,4,1,2,0.75,2.0,2,1,1.0,1,0.0
BIOMD0000000021.txt,BioMD_circadian,10,24,0.2083,0.079,0.002,5,1,2,1.2,2.0,1,2,1.3333,2,0.0
BIOMD0000000022.txt,BioMD_circadian,13,32,0.375,0.053,0.004,12,1,2,1.0833,2.0,3,5,2.0,5,0.0
BIOMD0000000035.txt,BioMD_circadian,10,16,0.5625,0.037,0.003,9,1,3,1.3333,3.0,2,2,1.2857,2,0.0
BIOMD0000000055.txt,BioMD_circadian,13,32,0.125,0.064,0.003,4,1,3,1.5,3.0,1,1,1.0,1,0.0
BIOMD0000000073.txt,BioMD_circadian,16,48,0.1875,0.067,0.007,9,1,3,1.4444,3.0,1,4,2.0,4,0.0
BIOMD0000000074.txt,BioMD_circadian,19,57,0.1579,0.102,0.004,9,1,3,1.4444,3.0,1,4,2.0,4,0.0
BIOMD0000000078.txt,BioMD_circadian,16,48,0.1875,0.071,0.003,9,1,3,1.4444,3.0,1,4,2.0,4,0.0
BIOMD0000000083.txt,BioMD_circadian,19,57,0.1579,0.075,0.003,9,1,3,1.4444,3.0,1,4,2.0,4,0.0
BIOMD0000000089.txt,BioMD_circadian,16,36,0.3056,0.11,0.004,11,1,7,3.0909,7.0,1,1,1.1,2,0.0
BIOMD0000000090.txt,BioMD_circadian,26,21,0.9524,0.053,0.005,20,4,2,0.65,1.0,11,8,1.5,3,0.1
BIOMD0000000095.txt,BioMD_circadian,19,46,0.087,0.141,0.008,4,1,3,1.5,3.0,1,1,1.0,1,0.0
BIOMD0000000096.txt,BioMD_circadian,19,46,0.087,0.13,0.003,4,1,3,1.5,3.0,1,1,1.0,1,0.0
BIOMD0000000097.txt,BioMD_circadian,19,46,0.087,0.132,0.003,4,1,3,1.5,3.0,1,1,1.0,1,0.0
BIOMD0000000099.txt,BioMD_circadian,7,14,0.2857,0.063,0.002,4,1,3,1.5,3.0,1,1,1.0,1,0.0
BIOMD0000000122.txt,BioMD_circadian,14,17,0.5294,0.039,0.003,9,1,2,1.0,2.0,2,5,2.0,3,0.0
BIOMD0000000145.txt,BioMD_circadian,6,11,0.4545,0.032,0.002,5,1,3,1.2,3.0,2,1,1.0,1,0.0
BIOMD0000000160.txt,BioMD_circadian,25,41,0.6341,0.044,0.009,26,1,2,1.0385,2.0,8,11,2.0667,5,0.0
BIOMD0000000171.txt,BioMD_circadian,10,26,0.1923,0.055,0.002,5,1,2,1.2,2.0,1,2,1.3333,2,0.0
BIOMD0000000214.txt,BioMD_circadian,12,24,0.5417,0.058,0.004,13,1,5,2.6154,5.0,1,3,1.2,2,0.0
BIOMD0000000229.txt,BioMD_circadian,7,14,0.4286,0.054,0.002,6,1,3,1.5,3.0,1,1,1.4,2,0.0
BIOMD0000000246.txt,BioMD_circadian,20,41,0.3902,0.065,0.005,16,1,5,2.0625,5.0,1,1,1.5333,6,0.0
BIOMD0000000273.txt,BioMD_circadian,19,38,0.6053,0.082,0.007,23,1,6,2.4783,6.0,1,1,1.5909,6,0.0
BIOMD0000000308.txt,BioMD_circadian,6,6,1.0,0.032,0.006,6,2,1,0.3333,0.5,4,3,1.3333,2,0.1667
BIOMD0000000350.txt,BioMD_circadian,14,30,0.3,0.069,0.007,9,1,4,1.7778,4.0,1,1,1.25,3,0.0
BIOMD0000000411.txt,BioMD_circadian,10,13,0.6923,0.04,0.004,9,1,2,0.6667,2.0,4,4,1.8,3,0.0
BIOMD0000000631.txt,BioMD_circadian,12,33,0.4242,0.058,0.005,14,1,5,2.3571,5.0,1,1,1.3846,3,0.0
BIOMD0000000975.txt,BioMD_circadian,16,48,0.1875,0.083,0.004,9,1,3,1.4444,3.0,1,4,2.0,4,0.0
BIOMD0000001006.txt,BioMD_circadian,9,21,0.2381,0.082,0.003,5,1,2,0.8,2.0,2,1,1.0,1,0.0
BIOMD0000000001.txt,BioMD_signaling,12,17,0.6471,0.071,0.004,11,1,4,2.2727,4.0,1,2,1.6667,2,0.0
BIOMD0000000002.txt,BioMD_signaling,13,17,1.0,0.076,0.007,17,1,4,2.3529,4.0,1,4,1.9231,3,0.0
BIOMD0000000009.txt,BioMD_signaling,22,20,1.0,0.062,0.006,20,6,3,1.3,2.3333,6,6,1.0,1,0.0
BIOMD0000000010.txt,BioMD_signaling,8,10,0.8,0.055,0.002,8,1,2,0.875,2.0,3,3,1.6,2,0.0
BIOMD0000000011.txt,BioMD_signaling,22,30,0.3333,0.077,0.008,10,6,1,0.4,0.6667,6,6,1.0,1,0.2
BIOMD0000000026.txt,BioMD_signaling,11,10,1.0,0.04,0.004,10,2,5,2.1,4.0,2,2,1.0,1,0.0
BIOMD0000000028.txt,BioMD_signaling,16,17,0.9412,0.04,0.005,16,3,5,1.875,3.3333,3,4,1.0833,2,0.0
BIOMD0000000030.txt,BioMD_signaling,18,20,0.9,0.072,0.008,18,2,5,2.3333,4.0,2,4,1.1429,2,0.0
BIOMD0000000032.txt,BioMD_signaling,37,47,0.5319,0.105,0.012,25,2,3,0.88,1.5,10,11,1.7143,3,0.04
BIOMD0000000037.txt,BioMD_signaling,12,12,0.5833,0.067,0.003,7,3,1,0.4286,0.6667,4,4,1.3333,2,0.1429
BIOMD0000000048.txt,BioMD_signaling,23,25,0.6,0.079,0.017,15,1,3,1.4,3.0,3,4,1.8182,4,0.0
BIOMD0000000084.txt,BioMD_signaling,8,8,0.875,0.03,0.002,7,1,1,0.5714,1.0,3,4,2.0,2,0.0
BIOMD0000000093.txt,BioMD_signaling,34,46,0.6957,0.087,0.011,32,3,9,2.375,3.0,7,9,1.5217,3,0.0625
BIOMD0000000094.txt,BioMD_signaling,34,45,0.7778,0.09,0.009,35,4,6,1.6286,2.0,8,11,1.6667,4,0.0571
BIOMD0000000112.txt,BioMD_signaling,10,8,1.0,0.052,0.003,8,2,4,1.75,2.5,2,3,1.2,2,0.0
BIOMD0000000125.txt,BioMD_signaling,5,7,0.7143,0.036,0.003,5,1,2,1.0,2.0,2,2,1.3333,2,0.0
BIOMD0000000137.txt,BioMD_signaling,21,20,0.7,0.073,0.005,14,1,4,1.1429,4.0,7,1,1.2308,2,0.0
BIOMD0000000139.txt,BioMD_signaling,24,45,0.0889,0.133,0.003,4,1,2,1.0,2.0,1,1,1.3333,2,0.0
BIOMD0000000140.txt,BioMD_signaling,24,45,0.0889,0.116,0.003,4,1,2,1.0,2.0,1,1,1.3333,2,0.0
BIOMD0000000146.txt,BioMD_signaling,36,34,0.6471,0.06,0.006,22,5,2,0.5909,0.4,12,11,1.5455,2,0.1818
BIOMD0000000162.txt,BioMD_signaling,32,45,0.6667,0.068,0.009,30,1,2,0.2333,2.0,24,1,1.1034,3,0.0
BIOMD0000000163.txt,BioMD_signaling,16,26,0.1538,0.076,0.002,4,1,2,1.0,2.0,1,1,1.3333,2,0.0
BIOMD0000000165.txt,BioMD_signaling,37,30,0.8,0.077,0.01,24,1,4,1.0,4.0,12,1,1.1304,3,0.0
BIOMD0000000200.txt,BioMD_signaling,21,34,0.6765,0.052,0.008,23,1,4,2.0,4.0,3,4,2.0526,3,0.0
BIOMD0000000201.txt,BioMD_signaling,25,33,0.4848,0.041,0.004,16,1,4,1.1875,4.0,6,1,1.2,2,0.0
BIOMD0000000226.txt,BioMD_signaling,24,24,0.7917,0.064,0.005,19,1,2,0.8947,2.0,7,6,1.5385,3,0.0
BIOMD0000000230.txt,BioMD_signaling,26,64,0.2969,0.122,0.007,19,1,2,1.2105,2.0,4,8,2.5455,6,0.0
BIOMD0000000243.txt,BioMD_signaling,23,23,1.0,0.073,0.011,23,11,3,0.5652,0.6364,14,13,1.3,2,0.3043
BIOMD0000000262.txt,BioMD_signaling,11,11,0.8182,0.067,0.003,9,1,2,0.6667,2.0,4,4,1.6,2,0.0
BIOMD0000000263.txt,BioMD_signaling,11,11,0.8182,0.063,0.002,9,1,2,0.6667,2.0,4,4,1.6,2,0.0
BIOMD0000000264.txt,BioMD_signaling,14,15,0.8667,0.048,0.004,13,1,2,0.5385,2.0,7,5,1.5,2,0.0
BIOMD0000000270.txt,BioMD_signaling,33,42,0.8333,0.098,0.008,35,4,10,2.0,3.0,14,10,1.44,3,0.0571
BIOMD0000000313.txt,BioMD_signaling,16,16,0.875,0.049,0.004,14,4,3,1.0,1.0,6,5,1.2222,2,0.1429
BIOMD0000000314.txt,BioMD_signaling,12,12,0.9167,0.031,0.003,11,4,3,0.8182,1.25,5,4,1.1429,2,0.0909
BIOMD0000000351.txt,BioMD_signaling,6,12,0.5,0.049,0.003,6,1,3,1.5,3.0,1,1,1.4,2,0.0
BIOMD0000000352.txt,BioMD_signaling,6,12,0.5,0.053,0.003,6,1,3,1.5,3.0,1,1,1.4,2,0.0
BIOMD0000000355.txt,BioMD_signaling,8,17,0.4706,0.065,0.002,8,1,2,1.375,2.0,1,5,2.3333,3,0.0
BIOMD0000000394.txt,BioMD_signaling,23,10,1.0,0.067,0.004,10,9,1,0.1,0.1111,9,9,1.0,1,0.8
BIOMD0000000395.txt,BioMD_signaling,22,12,1.0,0.031,0.004,12,7,2,0.5,0.5714,7,8,1.25,2,0.3333
BIOMD0000000396.txt,BioMD_signaling,36,16,1.0,0.048,0.005,16,13,1,0.1875,0.2308,13,13,1.0,1,0.625
BIOMD0000000398.txt,BioMD_signaling,27,12,1.0,0.054,0.004,12,8,1,0.3333,0.5,8,8,1.0,1,0.3333
BIOMD0000000408.txt,BioMD_signaling,10,9,1.0,0.03,0.003,9,1,2,0.8889,2.0,2,5,2.5,5,0.0
BIOMD0000000410.txt,BioMD_signaling,53,91,0.2527,0.582,0.023,23,1,5,1.8261,5.0,4,1,1.5455,5,0.0
BIOMD0000000423.txt,BioMD_signaling,9,11,0.6364,0.056,0.005,7,1,3,1.5714,3.0,1,3,1.75,2,0.0
BIOMD0000000432.txt,BioMD_signaling,11,10,0.7,0.072,0.002,7,2,2,1.0,1.0,2,4,1.6667,3,0.1429
BIOMD0000000433.txt,BioMD_signaling,11,10,0.7,0.033,0.004,7,2,2,1.0,1.0,2,4,1.6667,3,0.1429
BIOMD0000000435.txt,BioMD_signaling,4,8,0.5,0.055,0.001,4,1,1,0.75,1.0,1,3,3.0,3,0.0
BIOMD0000000440.txt,BioMD_signaling,11,10,0.6,0.055,0.002,6,6,0,0.0,0.0,6,6,,0,1.0
BIOMD0000000441.txt,BioMD_signaling,11,10,0.6,0.062,0.002,6,6,0,0.0,0.0,6,6,,0,1.0
BIOMD0000000464.txt,BioMD_signaling,14,10,0.8,0.05,0.002,8,3,1,0.25,0.3333,6,4,1.5,2,0.25
BIOMD0000000545.txt,BioMD_signaling,12,10,0.8,0.037,0.003,8,6,1,0.125,0.1667,7,6,1.0,1,0.625
BIOMD0000000594.txt,BioMD_signaling,29,120,0.0417,0.363,0.004,5,1,2,1.0,2.0,1,2,1.6667,3,0.0
BIOMD0000000600.txt,BioMD_signaling,18,29,0.3793,0.079,0.004,11,1,3,1.0,3.0,4,4,1.5714,3,0.0
BIOMD0000000613.txt,BioMD_signaling,30,58,0.069,0.159,0.004,4,1,1,0.25,1.0,3,1,1.0,1,0.0
BIOMD0000000647.txt,BioMD_signaling,11,11,0.3636,0.051,0.002,4,3,1,0.25,0.3333,3,3,1.0,1,0.5
BIOMD0000000652_manyOrgs.txt,BioMD_signaling,95,126,0.8651,0.296,0.062,109,14,6,0.9358,1.3571,49,21,1.25,6,0.0
BIOMD0000000658.txt,BioMD_signaling,16,17,0.5294,0.062,0.004,9,1,4,1.2222,4.0,4,1,1.125,2,0.0
BIOMD0000000664.txt,BioMD_signaling,8,15,0.7333,0.05,0.007,11,1,3,1.0909,3.0,4,2,1.3333,2,0.0
BIOMD0000000724.txt,BioMD_signaling,31,28,0.7857,0.063,0.006,22,14,3,0.5909,0.5,14,15,1.1429,2,0.4545
BIOMD0000000786.txt,BioMD_signaling,16,32,0.4375,0.053,0.004,14,1,5,2.0714,5.0,2,1,1.3846,3,0.0
BIOMD0000000794.txt,BioMD_signaling,17,32,0.4688,0.081,0.005,15,1,5,2.4,5.0,2,1,1.4286,3,0.0
BIOMD0000000803.txt,BioMD_signaling,9,8,0.5,0.068,0.002,4,2,1,0.5,1.0,2,2,1.0,1,0.0
BIOMD0000000818.txt,BioMD_signaling,10,10,1.0,0.063,0.008,10,2,1,0.5,1.0,5,5,1.6,2,0.0
BIOMD0000000823.txt,BioMD_signaling,15,18,0.8889,0.034,0.003,16,1,3,0.875,3.0,6,1,1.5333,3,0.0
BIOMD0000000826.txt,BioMD_signaling,13,25,0.68,0.059,0.005,17,1,5,1.9412,5.0,3,4,1.5385,3,0.0
BIOMD0000000829.txt,BioMD_signaling,13,28,0.1786,0.062,0.002,5,1,3,1.2,3.0,2,1,1.0,1,0.0
BIOMD0000000832.txt,BioMD_signaling,20,26,0.6923,0.035,0.004,18,1,2,0.6111,2.0,9,7,1.6364,2,0.0
BIOMD0000000861.txt,BioMD_signaling,26,36,0.7778,0.078,0.008,28,1,10,3.8571,10.0,4,1,1.2963,3,0.0
BIOMD0000000959.txt,BioMD_signaling,41,75,0.1467,0.322,0.01,11,1,6,3.0,6.0,1,1,1.2,2,0.0
BIOMD0000000968.txt,BioMD_signaling,9,7,0.7143,0.05,0.002,5,2,1,0.6,1.0,2,3,1.5,2,0.0
BIOMD0000000985.txt,BioMD_signaling,7,9,0.6667,0.054,0.002,6,1,3,1.5,3.0,2,2,1.25,2,0.0
BIOMD0000000989.txt,BioMD_signaling,23,65,0.1231,0.137,0.003,8,1,6,2.875,6.0,1,1,1.1429,2,0.0
BIOMD0000000990.txt,BioMD_signaling,23,65,0.1231,0.125,0.005,8,1,6,2.875,6.0,1,1,1.1429,2,0.0
BIOMD0000000994.txt,BioMD_signaling,23,66,0.1212,0.14,0.005,8,1,6,2.875,6.0,1,1,1.1429,2,0.0
BIOMD0000000995.txt,BioMD_signaling,23,66,0.1212,0.156,0.003,8,1,6,2.875,6.0,1,1,1.1429,2,0.0
BIOMD0000000996.txt,BioMD_signaling,23,66,0.1212,0.157,0.009,8,1,6,2.875,6.0,1,1,1.1429,2,0.0
BIOMD0000000997.txt,BioMD_signaling,23,65,0.1231,0.143,0.005,8,1,6,2.875,6.0,1,1,1.1429,2,0.0
BIOMD0000000998.txt,BioMD_signaling,23,66,0.1212,0.136,0.004,8,1,6,2.875,6.0,1,1,1.1429,2,0.0
BIOMD0000000999.txt,BioMD_signaling,23,66,0.1212,0.126,0.004,8,1,6,2.875,6.0,1,1,1.1429,2,0.0
BIOMD0000001000.txt,BioMD_signaling,23,66,0.1212,0.112,0.004,8,1,6,2.875,6.0,1,1,1.1429,2,0.0
BIOMD0000001001.txt,BioMD_signaling,23,66,0.1212,0.146,0.005,8,1,6,2.875,6.0,1,1,1.1429,2,0.0
BIOMD0000001002.txt,BioMD_signaling,23,66,0.1212,0.151,0.003,8,1,6,2.875,6.0,1,1,1.1429,2,0.0
BIOMD0000001003.txt,BioMD_signaling,23,66,0.1212,0.139,0.003,8,1,6,2.875,6.0,1,1,1.1429,2,0.0
BIOMD0000000065.txt,BioMD_gene_regulation,9,16,0.3125,0.064,0.003,5,1,4,2.0,4.0,1,1,1.0,1,0.0
BIOMD0000000105.txt,BioMD_gene_regulation,39,94,0.883,0.311,0.028,83,9,10,3.9036,1.1111,17,9,2.527,10,0.0964
BIOMD0000000317.txt,BioMD_gene_regulation,4,6,0.6667,0.058,0.003,4,1,1,0.75,1.0,1,3,3.0,3,0.0
BIOMD0000000483.txt,BioMD_gene_regulation,8,8,0.75,0.033,0.003,6,2,1,0.3333,1.0,4,2,1.0,1,0.0
BIOMD0000000530.txt,BioMD_gene_regulation,10,17,0.5882,0.036,0.004,10,1,3,1.1,3.0,4,3,1.4286,2,0.0
BIOMD0000000539.txt,BioMD_gene_regulation,6,11,0.4545,0.046,0.002,5,1,4,2.0,4.0,1,1,1.0,1,0.0
BIOMD0000000586.txt,BioMD_gene_regulation,10,23,0.1739,0.048,0.002,4,1,3,1.5,3.0,1,1,1.0,1,0.0
BIOMD0000000256.txt,BioMD_apoptosis,27,56,0.6071,0.115,0.012,34,1,8,3.3235,8.0,5,1,1.7576,4,0.0
BIOMD0000000407.txt,BioMD_apoptosis,47,88,0.2045,0.437,0.016,18,1,10,4.8333,10.0,2,1,1.2941,3,0.0
BIOMD0000000523.txt,BioMD_apoptosis,16,13,0.6923,0.074,0.003,9,1,4,1.5556,4.0,4,2,1.1429,2,0.0
BIOMD0000000524.txt,BioMD_apoptosis,16,13,0.6923,0.037,0.004,9,1,4,1.5556,4.0,4,2,1.1429,2,0.0
BIOMD0000000525.txt,BioMD_apoptosis,16,19,0.5263,0.06,0.003,10,1,4,1.7,4.0,4,2,1.375,2,0.0
BIOMD0000000526.txt,BioMD_apoptosis,16,19,0.5263,0.068,0.006,10,1,4,1.7,4.0,4,2,1.375,2,0.0
BIOMD0000000812.txt,BioMD_apoptosis,5,9,0.4444,0.027,0.002,4,1,2,1.0,2.0,1,1,1.3333,2,0.0
BIOMD0000000528.txt,BioMD_immune,13,12,0.5833,0.061,0.004,7,2,3,1.4286,1.5,2,4,1.6667,2,0.1429
BIOMD0000000529.txt,BioMD_immune,13,12,0.5833,0.056,0.003,7,2,3,1.4286,1.5,2,4,1.6667,2,0.1429
BIOMD0000000710.txt,BioMD_immune,7,16,0.25,0.034,0.003,4,1,3,1.5,3.0,1,1,1.0,1,0.0
BIOMD0000000711.txt,BioMD_immune,11,26,0.5385,0.066,0.002,14,1,3,1.2143,3.0,4,5,1.8889,3,0.0
BIOMD0000000731.txt,BioMD_immune,18,25,0.88,0.063,0.008,22,1,2,1.0,2.0,7,12,3.4,5,0.0
BIOMD0000000848.txt,BioMD_immune,9,21,0.1905,0.033,0.001,4,1,3,1.5,3.0,1,1,1.0,1,0.0
BIOMD0000000889.txt,BioMD_immune,12,20,0.45,0.036,0.005,9,1,4,1.7778,4.0,2,1,1.25,2,0.0
BIOMD0000000924.txt,BioMD_immune,6,11,0.7273,0.029,0.003,8,1,3,1.25,3.0,2,1,1.4286,3,0.0
BIOMD0000001004.txt,BioMD_immune,10,18,0.4444,0.063,0.003,8,1,3,1.0,3.0,3,1,1.2857,3,0.0
BIOMD0000001015.txt,BioMD_immune,8,9,0.5556,0.066,0.003,5,1,1,0.8,1.0,1,4,4.0,4,0.0
BIOMD0000001016.txt,BioMD_immune,8,9,0.5556,0.042,0.003,5,1,4,2.0,4.0,1,1,1.0,1,0.0
BIOMD0000001017.txt,BioMD_immune,13,15,0.4667,0.039,0.005,7,1,5,2.1429,5.0,2,1,1.0,1,0.0
BIOMD0000001018.txt,BioMD_immune,18,25,0.44,0.075,0.006,11,1,7,3.5455,7.0,2,1,1.2,2,0.0
BIOMD0000001035.txt,BioMD_immune,4,8,0.5,0.045,0.004,4,1,2,1.0,2.0,1,1,1.3333,2,0.0
BIOMD0000000053.txt,BioMD_other,6,12,0.3333,0.056,0.003,4,1,2,1.0,2.0,1,1,1.3333,2,0.0
BIOMD0000000066.txt,BioMD_other,11,7,1.0,0.059,0.003,7,2,1,0.4286,1.0,4,3,1.25,2,0.0
BIOMD0000000072.txt,BioMD_other,7,7,0.8571,0.061,0.003,6,1,2,0.8333,2.0,2,1,1.4,3,0.0
BIOMD0000000075.txt,BioMD_other,11,8,1.0,0.068,0.003,8,4,2,0.5,0.75,5,4,1.0,1,0.25
BIOMD0000000077.txt,BioMD_other,7,5,1.0,0.032,0.002,5,2,2,0.8,1.5,2,2,1.0,1,0.0
BIOMD0000000080.txt,BioMD_other,10,6,1.0,0.054,0.002,6,2,3,1.3333,1.5,2,3,1.3333,2,0.1667
BIOMD0000000082.txt,BioMD_other,10,6,1.0,0.053,0.003,6,2,3,1.3333,1.5,2,3,1.3333,2,0.1667
BIOMD0000000085.txt,BioMD_other,17,17,1.0,0.064,0.006,17,2,2,0.8235,1.0,7,5,1.5833,3,0.0588
BIOMD0000000086.txt,BioMD_other,17,24,1.0,0.068,0.006,24,1,2,1.0,2.0,8,8,2.0,3,0.0
BIOMD0000000091.txt,BioMD_other,16,23,0.5217,0.061,0.003,12,2,2,1.0833,2.0,3,4,1.5,3,0.0
BIOMD0000000106.txt,BioMD_other,24,32,0.875,0.061,0.01,28,3,3,0.9643,1.6667,13,10,2.0,5,0.0357
BIOMD0000000121.txt,BioMD_other,5,5,0.8,0.056,0.004,4,1,3,1.5,3.0,1,1,1.0,1,0.0
BIOMD0000000123.txt,BioMD_other,14,17,0.5294,0.068,0.005,9,1,2,1.0,2.0,2,5,2.0,3,0.0
BIOMD0000000147.txt,BioMD_other,24,51,0.0784,0.081,0.002,4,1,2,1.0,2.0,1,1,1.3333,2,0.0
BIOMD0000000164.txt,BioMD_other,26,29,0.9655,0.061,0.008,28,1,3,0.7143,3.0,12,12,1.9375,4,0.0
BIOMD0000000167.txt,BioMD_other,9,7,0.8571,0.05,0.003,6,2,2,0.8333,1.5,2,3,1.3333,2,0.0
BIOMD0000000173.txt,BioMD_other,26,26,0.9231,0.057,0.007,24,3,2,0.7917,0.6667,9,12,2.1667,4,0.0833
BIOMD0000000178.txt,BioMD_other,5,4,1.0,0.028,0.003,4,1,3,1.5,3.0,1,1,1.0,1,0.0
BIOMD0000000186.txt,BioMD_other,11,9,0.7778,0.034,0.003,7,3,1,0.4286,0.3333,4,5,2.0,2,0.2857
BIOMD0000000187.txt,BioMD_other,11,9,0.8889,0.033,0.003,8,3,1,0.5,0.6667,4,5,1.6667,2,0.125
BIOMD0000000188.txt,BioMD_other,18,20,0.55,0.047,0.007,11,1,5,1.9091,5.0,2,1,1.2,2,0.0
BIOMD0000000189.txt,BioMD_other,16,14,0.4286,0.066,0.005,6,1,5,2.5,5.0,1,1,1.0,1,0.0
BIOMD0000000191.txt,BioMD_other,3,5,0.8,0.055,0.002,4,1,2,1.25,2.0,1,2,1.5,2,0.0
BIOMD0000000192.txt,BioMD_other,13,9,1.0,0.033,0.002,9,5,2,0.5556,0.6,5,6,1.3333,2,0.3333
BIOMD0000000193.txt,BioMD_other,8,6,0.8333,0.038,0.003,5,1,1,0.6,1.0,2,3,2.0,2,0.0
BIOMD0000000198.txt,BioMD_other,10,7,1.0,0.062,0.007,7,2,2,1.0,2.0,2,3,1.25,2,0.0
BIOMD0000000199.txt,BioMD_other,14,10,1.0,0.056,0.006,10,2,2,0.8,1.0,4,5,1.6,3,0.1
BIOMD0000000202.txt,BioMD_other,9,15,0.5333,0.068,0.003,8,1,2,0.875,2.0,3,4,1.75,2,0.0
BIOMD0000000203.txt,BioMD_other,12,10,1.0,0.039,0.008,10,1,1,0.5,1.0,5,5,2.8,3,0.0
BIOMD0000000204.txt,BioMD_other,12,10,1.0,0.06,0.006,10,1,1,0.5,1.0,5,5,2.8,3,0.0
BIOMD0000000209.txt,BioMD_other,16,12,1.0,0.048,0.006,12,1,1,0.5,1.0,6,6,3.3333,5,0.0
BIOMD0000000210.txt,BioMD_other,15,12,1.0,0.06,0.004,12,1,1,0.5,1.0,6,6,2.8333,5,0.0
BIOMD0000000215.txt,BioMD_other,7,14,0.4286,0.042,0.003,6,1,3,1.5,3.0,1,1,1.2,2,0.0
BIOMD0000000217.txt,BioMD_other,20,16,0.75,0.041,0.006,12,1,3,0.9167,3.0,5,3,1.3333,3,0.0
BIOMD0000000228.txt,BioMD_other,9,22,0.5455,0.068,0.006,12,1,3,1.1667,3.0,3,5,1.8571,5,0.0
BIOMD0000000237.txt,BioMD_other,26,31,0.8387,0.058,0.009,26,5,3,0.7692,1.6,11,10,1.375,3,0.0385
BIOMD0000000237_manyOrgs.txt,BioMD_other,26,31,0.6452,0.019,0.008,20,5,3,1.0,2.0,7,8,1.25,2,0.0
BIOMD0000000242.txt,BioMD_other,6,12,0.75,0.053,0.007,9,1,5,2.3333,5.0,1,1,1.375,2,0.0
BIOMD0000000249.txt,BioMD_other,9,20,0.65,0.07,0.005,13,1,4,1.9231,4.0,2,1,1.5,3,0.0
BIOMD0000000251.txt,BioMD_other,10,9,0.6667,0.061,0.004,6,1,3,1.1667,3.0,2,1,1.0,1,0.0
BIOMD0000000257.txt,BioMD_other,11,11,1.0,0.056,0.006,11,1,2,0.8182,2.0,5,3,1.5,2,0.0
BIOMD0000000269.txt,BioMD_other,15,22,0.7727,0.06,0.009,17,1,4,1.4118,4.0,6,4,1.4615,3,0.0
BIOMD0000000275.txt,BioMD_other,5,9,0.5556,0.029,0.003,5,1,4,2.0,4.0,1,1,1.0,1,0.0
BIOMD0000000284.txt,BioMD_other,9,8,1.0,0.054,0.006,8,3,2,0.875,1.6667,3,3,1.0,1,0.0
BIOMD0000000285.txt,BioMD_other,27,72,0.1944,0.227,0.013,14,1,3,0.9286,3.0,5,3,1.6364,3,0.0
BIOMD0000000287.txt,BioMD_other,22,37,0.5946,0.093,0.007,22,1,7,2.1364,7.0,6,4,1.2778,2,0.0
BIOMD0000000289.txt,BioMD_other,5,12,0.4167,0.056,0.006,5,1,3,1.6,3.0,1,2,1.3333,2,0.0
BIOMD0000000290.txt,BioMD_other,5,12,0.4167,0.042,0.006,5,1,3,1.6,3.0,1,2,1.3333,2,0.0
BIOMD0000000294.txt,BioMD_other,11,26,0.5769,0.039,0.006,15,1,4,2.0,4.0,2,1,1.5,4,0.0
BIOMD0000000296.txt,BioMD_other,6,8,0.625,0.06,0.003,5,1,2,1.2,2.0,1,2,1.3333,2,0.0
BIOMD0000000297.txt,BioMD_other,19,51,0.2157,0.11,0.003,11,1,5,2.2727,5.0,1,1,1.4,3,0.0
BIOMD0000000300.txt,BioMD_other,9,10,0.4,0.055,0.002,4,1,1,0.25,1.0,3,1,1.0,1,0.0
BIOMD0000000301.txt,BioMD_other,8,15,0.5333,0.062,0.004,8,1,4,2.125,4.0,1,1,1.2857,3,0.0
BIOMD0000000306.txt,BioMD_other,5,8,0.5,0.028,0.002,4,1,2,0.75,2.0,2,1,1.0,1,0.0
BIOMD0000000307.txt,BioMD_other,5,5,1.0,0.028,0.003,5,2,2,1.0,1.0,2,3,1.5,2,0.2
BIOMD0000000315.txt,BioMD_other,20,27,0.4444,0.059,0.003,12,1,3,1.1667,3.0,3,3,1.4444,2,0.0
BIOMD0000000320.txt,BioMD_other,9,14,0.5,0.055,0.004,7,2,2,0.8571,2.0,3,2,1.0,1,0.0
BIOMD0000000325.txt,BioMD_other,6,10,0.6,0.05,0.003,6,1,2,1.0,2.0,2,3,2.0,2,0.0
BIOMD0000000326.txt,BioMD_other,71,91,0.4615,0.468,0.017,42,1,3,0.881,3.0,17,6,1.6667,6,0.0
BIOMD0000000327.txt,BioMD_other,8,11,0.3636,0.052,0.002,4,1,2,1.0,2.0,1,1,1.3333,2,0.0
BIOMD0000000335.txt,BioMD_other,34,31,0.9355,0.038,0.006,29,21,2,0.2414,0.2381,23,22,1.1429,2,0.5862
BIOMD0000000336.txt,BioMD_other,18,20,1.0,0.075,0.017,20,12,2,0.45,0.5833,13,12,1.0,1,0.35
BIOMD0000000338.txt,BioMD_other,52,115,0.5913,0.292,0.036,68,1,7,1.4706,7.0,24,1,1.9552,6,0.0
BIOMD0000000339.txt,BioMD_other,52,115,0.5913,0.335,0.078,68,1,7,1.4706,7.0,24,1,1.9552,6,0.0
BIOMD0000000340.txt,BioMD_other,52,116,0.5517,0.344,0.04,64,1,7,1.625,7.0,21,1,1.9524,7,0.0
BIOMD0000000342.txt,BioMD_other,21,29,0.4483,0.061,0.005,13,1,3,1.3077,3.0,4,6,1.8571,3,0.0
BIOMD0000000347.txt,BioMD_other,26,36,0.7778,0.099,0.011,28,1,10,3.8571,10.0,4,1,1.2963,3,0.0
BIOMD0000000356.txt,BioMD_other,32,64,0.3281,0.081,0.007,21,1,2,0.7143,2.0,9,10,2.0909,3,0.0
BIOMD0000000357.txt,BioMD_other,9,8,0.875,0.062,0.003,7,1,3,1.7143,3.0,1,2,1.2,2,0.0
BIOMD0000000358.txt,BioMD_other,12,8,0.875,0.058,0.005,7,1,1,0.2857,1.0,5,2,1.2,2,0.0
BIOMD0000000359.txt,BioMD_other,9,8,1.0,0.033,0.004,8,1,3,1.125,3.0,2,4,2.25,4,0.0
BIOMD0000000360.txt,BioMD_other,9,8,0.875,0.057,0.003,7,1,2,1.0,2.0,2,3,1.5,3,0.0
BIOMD0000000361.txt,BioMD_other,8,5,1.0,0.063,0.003,5,3,2,0.6,0.6667,3,3,1.0,1,0.4
BIOMD0000000362.txt,BioMD_other,34,33,0.9394,0.084,0.008,31,22,2,0.2581,0.2273,24,24,1.2857,2,0.5806
BIOMD0000000364.txt,BioMD_other,13,16,0.8125,0.053,0.005,13,1,4,2.4615,4.0,1,6,1.7143,3,0.0
BIOMD0000000365.txt,BioMD_other,30,33,0.697,0.075,0.008,23,1,4,1.1739,4.0,7,10,2.6154,4,0.0
BIOMD0000000366.txt,BioMD_other,12,8,0.875,0.036,0.003,7,1,1,0.2857,1.0,5,2,1.2,2,0.0
BIOMD0000000380.txt,BioMD_other,16,8,0.875,0.058,0.003,7,4,1,0.2857,0.5,5,4,1.0,1,0.2857
BIOMD0000000404.txt,BioMD_other,28,35,0.9714,0.081,0.01,34,15,4,0.4412,0.2667,26,17,1.1176,2,0.4118
BIOMD0000000429.txt,BioMD_other,15,16,0.875,0.045,0.008,14,4,4,1.0714,1.25,6,6,1.25,2,0.1429
BIOMD0000000438.txt,BioMD_other,10,7,1.0,0.037,0.002,7,3,2,0.5714,0.6667,4,4,1.3333,2,0.2857
BIOMD0000000447.txt,BioMD_other,13,32,0.1562,0.081,0.004,5,1,1,0.2,1.0,4,1,1.0,1,0.0
BIOMD0000000462.txt,BioMD_other,6,8,0.5,0.032,0.002,4,1,1,0.5,1.0,2,2,1.5,2,0.0
BIOMD0000000495.txt,BioMD_other,11,17,0.5294,0.071,0.005,9,1,5,1.7778,5.0,3,1,1.0,1,0.0
BIOMD0000000517.txt,BioMD_other,4,9,0.5556,0.064,0.005,5,1,3,1.6,3.0,1,2,1.3333,2,0.0
BIOMD0000000518.txt,BioMD_other,4,9,0.5556,0.05,0.002,5,1,3,1.6,3.0,1,2,1.3333,2,0.0
BIOMD0000000547.txt,BioMD_other,12,14,0.7143,0.051,0.005,10,1,4,1.5,4.0,2,3,1.4286,3,0.0
BIOMD0000000578.txt,BioMD_other,76,96,0.4688,0.524,0.014,45,2,3,0.9333,1.5,18,8,1.8108,6,0.0222
BIOMD0000000584.txt,BioMD_other,14,14,0.8571,0.044,0.005,12,1,2,0.5833,2.0,6,1,1.0,1,0.0
BIOMD0000000603.txt,BioMD_other,29,58,0.7069,0.104,0.015,41,1,6,1.6098,6.0,11,1,1.525,3,0.0
BIOMD0000000604.txt,BioMD_other,29,54,0.7037,0.105,0.024,38,1,5,1.5,5.0,11,1,1.4865,3,0.0
BIOMD0000000605.txt,BioMD_other,29,58,0.7069,0.132,0.016,41,1,6,1.6098,6.0,11,1,1.525,3,0.0
BIOMD0000000606.txt,BioMD_other,29,54,0.7407,0.109,0.016,40,1,6,1.6,6.0,12,1,1.4615,3,0.0
BIOMD0000000607.txt,BioMD_other,29,58,0.7069,0.117,0.017,41,1,6,1.6098,6.0,11,1,1.525,3,0.0
BIOMD0000000610.txt,BioMD_other,29,58,0.7069,0.127,0.01,41,1,6,1.6098,6.0,11,1,1.525,3,0.0
BIOMD0000000625.txt,BioMD_other,19,38,0.5263,0.081,0.012,20,1,5,2.45,5.0,1,1,1.8947,5,0.0
BIOMD0000000626.txt,BioMD_other,6,6,0.8333,0.061,0.002,5,1,1,0.6,1.0,2,3,2.0,2,0.0
BIOMD0000000632.txt,BioMD_other,9,14,0.5714,0.038,0.003,8,1,3,0.875,3.0,4,1,1.1429,2,0.0
BIOMD0000000637.txt,BioMD_other,12,22,0.5,0.043,0.006,11,1,3,1.7273,3.0,1,3,2.0,3,0.0
BIOMD0000000638.txt,BioMD_other,21,48,0.5417,0.106,0.012,26,1,3,1.4615,3.0,4,6,2.3,4,0.0
BIOMD0000000660.txt,BioMD_other,17,35,0.1714,0.09,0.005,6,1,3,1.1667,3.0,2,1,1.2,2,0.0
BIOMD0000000661.txt,BioMD_other,7,17,0.2353,0.069,0.003,4,1,2,1.0,2.0,1,1,1.3333,2,0.0
BIOMD0000000662.txt,BioMD_other,5,10,0.6,0.038,0.003,6,1,2,1.3333,2.0,1,3,2.0,2,0.0
BIOMD0000000665.txt,BioMD_other,8,13,0.4615,0.069,0.005,6,1,4,1.8333,4.0,1,1,1.2,2,0.0
BIOMD0000000668.txt,BioMD_other,10,10,1.0,0.054,0.005,10,2,4,2.0,4.0,2,2,1.0,1,0.0
BIOMD0000000676.txt,BioMD_other,20,17,0.5882,0.079,0.006,10,1,5,2.5,5.0,1,1,1.4444,2,0.0
BIOMD0000000683.txt,BioMD_other,4,9,0.4444,0.051,0.006,4,1,2,1.0,2.0,1,1,1.3333,2,0.0
BIOMD0000000687.txt,BioMD_other,15,25,0.48,0.068,0.005,12,1,10,4.5833,10.0,2,1,1.0,1,0.0
BIOMD0000000688.txt,BioMD_other,16,30,0.4,0.081,0.008,12,1,10,4.5833,10.0,2,1,1.0,1,0.0
BIOMD0000000692.txt,BioMD_other,8,5,1.0,0.05,0.002,5,1,4,2.0,4.0,1,1,1.0,1,0.0
BIOMD0000000695.txt,BioMD_other,11,35,0.2857,0.048,0.005,10,1,4,2.2,4.0,1,3,1.4286,2,0.0
BIOMD0000000698.txt,BioMD_other,7,9,0.4444,0.037,0.002,4,1,2,0.75,2.0,2,1,1.0,1,0.0
BIOMD0000000703.txt,BioMD_other,9,22,0.5909,0.062,0.004,13,1,4,1.8462,4.0,2,1,1.5,3,0.0
BIOMD0000000704.txt,BioMD_other,16,33,0.2727,0.09,0.02,9,1,4,2.1111,4.0,1,1,1.375,2,0.0
BIOMD0000000707.txt,BioMD_other,5,10,0.5,0.055,0.003,5,1,3,1.4,3.0,1,1,1.25,2,0.0
BIOMD0000000721.txt,BioMD_other,5,10,0.7,0.031,0.003,7,1,3,1.5714,3.0,1,3,1.75,3,0.0
BIOMD0000000726.txt,BioMD_other,8,23,0.2174,0.062,0.004,5,1,3,1.6,3.0,1,1,1.25,2,0.0
BIOMD0000000732.txt,BioMD_other,5,6,0.8333,0.029,0.001,5,1,2,1.0,2.0,1,3,2.0,3,0.0
BIOMD0000000734.txt,BioMD_other,23,47,0.3191,0.095,0.007,15,1,5,1.9333,5.0,1,1,1.6429,6,0.0
BIOMD0000000735.txt,BioMD_other,23,47,0.3191,0.083,0.006,15,1,5,1.9333,5.0,1,1,1.6429,6,0.0
BIOMD0000000736.txt,BioMD_other,12,22,0.3182,0.04,0.004,7,1,4,1.7143,4.0,1,1,1.3333,3,0.0
BIOMD0000000737.txt,BioMD_other,12,22,0.3182,0.061,0.003,7,1,4,1.7143,4.0,1,1,1.3333,3,0.0
BIOMD0000000738.txt,BioMD_other,12,22,0.3182,0.061,0.003,7,1,4,1.7143,4.0,1,1,1.3333,3,0.0
BIOMD0000000739.txt,BioMD_other,24,23,0.9565,0.057,0.004,22,6,4,1.1818,0.6667,10,12,1.8,2,0.2273
BIOMD0000000747.txt,BioMD_other,33,28,1.0,0.073,0.008,28,3,3,0.7143,1.0,14,6,1.1364,2,0.0714
BIOMD0000000755.txt,BioMD_other,9,7,1.0,0.062,0.003,7,1,4,2.1429,4.0,1,3,1.5,2,0.0
BIOMD0000000759.txt,BioMD_other,6,19,0.2632,0.044,0.002,5,1,2,1.2,2.0,1,3,2.0,2,0.0
BIOMD0000000764.txt,BioMD_other,4,9,0.4444,0.052,0.002,4,1,2,1.0,2.0,1,1,1.3333,2,0.0
BIOMD0000000766.txt,BioMD_other,5,11,0.3636,0.061,0.007,4,1,2,1.0,2.0,1,2,1.5,2,0.0
BIOMD0000000768.txt,BioMD_other,5,13,0.3846,0.03,0.004,5,1,2,1.0,2.0,1,3,2.0,3,0.0
BIOMD0000000772.txt,BioMD_other,4,7,0.5714,0.058,0.003,4,1,1,0.5,1.0,2,2,1.5,2,0.0
BIOMD0000000777.txt,BioMD_other,3,8,0.625,0.05,0.002,5,1,1,0.6,1.0,2,3,2.0,2,0.0
BIOMD0000000789.txt,BioMD_other,4,5,0.8,0.046,0.003,4,1,3,1.5,3.0,1,1,1.0,1,0.0
BIOMD0000000800.txt,BioMD_other,3,6,0.6667,0.037,0.002,4,1,1,0.75,1.0,1,3,3.0,3,0.0
BIOMD0000000802.txt,BioMD_other,4,8,0.625,0.036,0.002,5,1,2,1.2,2.0,1,2,1.3333,2,0.0
BIOMD0000000816.txt,BioMD_other,7,16,0.25,0.071,0.003,4,1,3,1.5,3.0,1,1,1.0,1,0.0
BIOMD0000000827.txt,BioMD_other,10,9,1.0,0.035,0.003,9,4,1,0.5556,1.0,4,5,1.25,2,0.0
BIOMD0000000830.txt,BioMD_other,7,7,0.5714,0.055,0.002,4,1,3,1.5,3.0,1,1,1.0,1,0.0
BIOMD0000000837.txt,BioMD_other,8,17,0.6471,0.038,0.006,11,1,4,1.5455,4.0,3,1,1.5,3,0.0
BIOMD0000000843.txt,BioMD_other,10,15,0.3333,0.031,0.002,5,1,2,0.8,2.0,2,1,1.25,2,0.0
BIOMD0000000849.txt,BioMD_other,21,23,0.5217,0.059,0.005,12,3,2,0.5,1.0,7,5,1.2857,2,0.0833
BIOMD0000000856.txt,BioMD_other,22,26,0.8077,0.058,0.005,21,3,2,0.9048,1.3333,7,9,1.75,4,0.0
BIOMD0000000860.txt,BioMD_other,4,5,0.8,0.054,0.002,4,1,2,1.25,2.0,1,2,1.5,2,0.0
BIOMD0000000862.txt,BioMD_other,9,11,0.6364,0.031,0.004,7,1,2,0.5714,2.0,4,2,1.2,2,0.0
BIOMD0000000863.txt,BioMD_other,6,13,0.5385,0.057,0.003,7,1,3,1.4286,3.0,1,1,1.3333,3,0.0
BIOMD0000000864.txt,BioMD_other,7,9,0.6667,0.05,0.003,6,1,2,0.6667,2.0,3,2,1.5,2,0.0
BIOMD0000000865.txt,BioMD_other,4,8,0.625,0.058,0.002,5,1,2,1.0,2.0,1,3,2.0,3,0.0
BIOMD0000000866.txt,BioMD_other,4,4,1.0,0.028,0.001,4,1,1,0.5,1.0,2,2,1.5,2,0.0
BIOMD0000000868.txt,BioMD_other,5,5,1.0,0.026,0.002,5,1,2,0.8,2.0,2,2,1.3333,2,0.0
BIOMD0000000869.txt,BioMD_other,5,7,0.8571,0.027,0.002,6,1,2,0.8333,2.0,2,2,1.5,3,0.0
BIOMD0000000870.txt,BioMD_other,7,9,0.8889,0.026,0.003,8,1,2,1.125,2.0,2,3,1.6,3,0.0
BIOMD0000000871.txt,BioMD_other,8,13,0.3077,0.048,0.002,4,1,3,1.5,3.0,1,1,1.0,1,0.0
BIOMD0000000872.txt,BioMD_other,7,18,0.4444,0.053,0.002,8,1,4,1.5,4.0,2,1,1.2857,2,0.0
BIOMD0000000873.txt,BioMD_other,42,38,0.8684,0.081,0.006,33,3,11,5.2121,4.0,6,9,1.25,4,0.0303
BIOMD0000000877.txt,BioMD_other,4,9,0.4444,0.036,0.002,4,1,2,1.0,2.0,1,1,1.3333,2,0.0
BIOMD0000000896.txt,BioMD_other,9,15,0.4,0.035,0.002,6,1,3,1.5,3.0,1,1,1.4,2,0.0
BIOMD0000000899.txt,BioMD_other,12,8,1.0,0.029,0.002,8,2,1,0.5,0.5,4,5,2.3333,3,0.125
BIOMD0000000902.txt,BioMD_other,4,7,0.5714,0.045,0.001,4,1,1,0.5,1.0,2,2,1.5,2,0.0
BIOMD0000000908.txt,BioMD_other,7,13,0.3846,0.032,0.003,5,1,3,1.6,3.0,1,1,1.25,2,0.0
BIOMD0000000914.txt,BioMD_other,5,9,0.4444,0.059,0.002,4,1,3,1.5,3.0,1,1,1.0,1,0.0
BIOMD0000000915.txt,BioMD_other,9,8,1.0,0.038,0.005,8,1,7,3.5,7.0,1,1,1.0,1,0.0
BIOMD0000000925.txt,BioMD_other,16,16,0.875,0.043,0.008,14,1,3,1.1429,3.0,4,1,1.4615,3,0.0
BIOMD0000000948.txt,BioMD_other,6,6,0.8333,0.043,0.002,5,1,2,0.8,2.0,2,1,1.0,1,0.0
BIOMD0000000951.txt,BioMD_other,34,33,0.9394,0.082,0.009,31,22,2,0.2581,0.2273,24,24,1.2857,2,0.5806
BIOMD0000000953.txt,BioMD_other,22,29,0.6897,0.071,0.007,20,1,4,0.85,4.0,10,1,1.2632,2,0.0
BIOMD0000000955.txt,BioMD_other,8,13,0.4615,0.065,0.003,6,1,4,2.0,4.0,1,1,1.2,2,0.0
BIOMD0000000958.txt,BioMD_other,8,12,0.4167,0.03,0.002,5,1,3,1.6,3.0,1,1,1.25,2,0.0
BIOMD0000000960.txt,BioMD_other,8,11,0.4545,0.059,0.003,5,1,3,1.6,3.0,1,2,1.3333,2,0.0
BIOMD0000000964.txt,BioMD_other,6,14,0.4286,0.06,0.005,6,1,3,1.3333,3.0,1,1,1.4,3,0.0
BIOMD0000000969.txt,BioMD_other,28,32,0.375,0.061,0.005,12,1,2,1.0,2.0,4,4,1.5,3,0.0
BIOMD0000000971.txt,BioMD_other,8,13,0.5385,0.059,0.007,7,1,3,1.4286,3.0,1,3,1.75,3,0.0
BIOMD0000000972.txt,BioMD_other,8,13,0.5385,0.06,0.005,7,1,3,1.4286,3.0,1,3,1.75,3,0.0
BIOMD0000000977.txt,BioMD_other,6,15,0.4667,0.076,0.005,7,1,4,1.8571,4.0,1,2,1.2,2,0.0
BIOMD0000000979.txt,BioMD_other,5,4,1.0,0.036,0.003,4,1,3,1.5,3.0,1,1,1.0,1,0.0
BIOMD0000000980.txt,BioMD_other,5,4,1.0,0.065,0.002,4,1,3,1.5,3.0,1,1,1.0,1,0.0
BIOMD0000000981.txt,BioMD_other,10,15,0.7333,0.065,0.004,11,1,4,1.5455,4.0,3,3,1.625,2,0.0
BIOMD0000000983.txt,BioMD_other,7,10,0.6,0.034,0.002,6,1,2,1.3333,2.0,1,3,2.0,2,0.0
BIOMD0000000988.txt,BioMD_other,13,18,0.5,0.042,0.007,9,1,6,3.3333,6.0,1,2,1.2857,2,0.0
BIOMD0000000991.txt,BioMD_other,8,10,0.5,0.065,0.003,5,1,3,1.6,3.0,1,1,1.25,2,0.0
BIOMD0000001014.txt,BioMD_other,4,7,0.5714,0.038,0.002,4,1,3,1.5,3.0,1,1,1.0,1,0.0
BIOMD0000001021.txt,BioMD_other,6,9,0.7778,0.044,0.003,7,1,1,0.5714,1.0,3,4,2.3333,4,0.0
BIOMD0000001027.txt,BioMD_other,20,33,0.1818,0.098,0.004,6,1,5,2.5,5.0,1,1,1.0,1,0.0
BIOMD0000001028.txt,BioMD_other,21,35,0.1714,0.069,0.004,6,1,5,2.5,5.0,1,1,1.0,1,0.0
BIOMD0000001029.txt,BioMD_other,21,35,0.1714,0.068,0.005,6,1,5,2.5,5.0,1,1,1.0,1,0.0
BIOMD0000001033.txt,BioMD_other,6,13,0.6154,0.032,0.003,8,1,3,1.625,3.0,1,4,1.75,3,0.0
BIOMD0000001039.txt,BioMD_other,20,33,0.1818,0.063,0.004,6,1,5,2.5,5.0,1,1,1.0,1,0.0
bigg_e_coli_core.txt,BiGG,72,141,0.3475,0.707,0.023,49,1,5,1.8367,5.0,7,1,1.7708,13,0.0
bigg_iAB_RBC_283.txt,BiGG,342,645,0.2496,0.064,0.086,161,1,10,2.3292,10.0,35,1,1.6187,32,0.0
bigg_iAF692.txt,BiGG,702,688,0.9331,0.058,0.252,642,138,7,0.8754,0.2246,293,329,2.0703,121,0.1869
bigg_iHN637.txt,BiGG,704,1000,0.59,0.045,0.312,590,1,9,1.2712,9.0,212,1,1.601,121,0.0
bigg_iIS312.txt,BiGG,606,806,0.3722,0.053,0.145,300,1,6,0.8033,6.0,180,1,1.4615,7,0.0
bigg_iIS312_Amastigote.txt,BiGG,606,784,0.389,0.059,0.156,305,1,6,0.7574,6.0,185,1,1.4507,7,0.0
bigg_iIS312_Epimastigote.txt,BiGG,606,804,0.3756,0.044,0.158,302,1,6,0.8013,6.0,181,1,1.4618,7,0.0
bigg_iIS312_Trypomastigote.txt,BiGG,606,791,0.3881,0.07,0.154,307,1,6,0.798,6.0,184,1,1.4542,6,0.0
bigg_iIT341.txt,BiGG,494,737,0.521,0.061,0.187,384,1,13,2.2266,13.0,103,1,1.752,91,0.0
bigg_iLJ478.txt,BiGG,575,852,0.5622,0.065,0.225,479,1,11,2.071,11.0,128,1,1.705,80,0.0
bigg_iSB619.txt,BiGG,655,959,0.6038,0.065,0.314,579,1,12,3.3212,12.0,174,1,1.8131,98,0.0
central_ecoli.txt,Other,92,168,0.1369,0.037,0.004,23,1,6,2.2174,6.0,4,1,1.4545,3,0.0
