file,dataset,group,n_nodes,depth,branching
BIOMD0000000013.txt,BioMD_metabolic,BioModels,16,4,1.8889
BIOMD0000000015.txt,BioMD_metabolic,BioModels,26,6,1.7273
BIOMD0000000017.txt,BioMD_metabolic,BioModels,11,4,1.375
BIOMD0000000018.txt,BioMD_metabolic,BioModels,15,2,1.5
BIOMD0000000023.txt,BioMD_metabolic,BioModels,6,2,1.5
BIOMD0000000041.txt,BioMD_metabolic,BioModels,9,2,2.5
BIOMD0000000042.txt,BioMD_metabolic,BioModels,9,8,1.0
BIOMD0000000046.txt,BioMD_metabolic,BioModels,11,2,1.25
BIOMD0000000050.txt,BioMD_metabolic,BioModels,9,5,1.375
BIOMD0000000052.txt,BioMD_metabolic,BioModels,5,2,1.3333
BIOMD0000000061.txt,BioMD_metabolic,BioModels,22,4,1.4
BIOMD0000000063.txt,BioMD_metabolic,BioModels,4,3,1.0
BIOMD0000000064.txt,BioMD_metabolic,BioModels,11,2,1.6667
BIOMD0000000067.txt,BioMD_metabolic,BioModels,6,4,1.2
BIOMD0000000070.txt,BioMD_metabolic,BioModels,23,5,1.9333
BIOMD0000000071.txt,BioMD_metabolic,BioModels,3,1,2.0
BIOMD0000000071.txt,BioMD_metabolic,BioModels,4,1,1.5
BIOMD0000000071.txt,BioMD_metabolic,BioModels,3,1,2.0
BIOMD0000000081.txt,BioMD_metabolic,BioModels,5,3,1.0
BIOMD0000000143.txt,BioMD_metabolic,BioModels,15,5,1.1429
BIOMD0000000172.txt,BioMD_metabolic,BioModels,14,2,1.625
BIOMD0000000176.txt,BioMD_metabolic,BioModels,14,2,1.625
BIOMD0000000177.txt,BioMD_metabolic,BioModels,14,2,1.625
BIOMD0000000190.txt,BioMD_metabolic,BioModels,9,2,1.6
BIOMD0000000206.txt,BioMD_metabolic,BioModels,5,4,1.0
BIOMD0000000211.txt,BioMD_metabolic,BioModels,3,1,2.0
BIOMD0000000211.txt,BioMD_metabolic,BioModels,7,1,2.0
BIOMD0000000211.txt,BioMD_metabolic,BioModels,4,1,1.5
BIOMD0000000211.txt,BioMD_metabolic,BioModels,4,3,1.0
BIOMD0000000212.txt,BioMD_metabolic,BioModels,6,1,1.0
BIOMD0000000212.txt,BioMD_metabolic,BioModels,9,1,1.1429
BIOMD0000000213.txt,BioMD_metabolic,BioModels,9,3,1.0
BIOMD0000000218.txt,BioMD_metabolic,BioModels,9,7,1.0
BIOMD0000000219.txt,BioMD_metabolic,BioModels,9,7,1.125
BIOMD0000000221.txt,BioMD_metabolic,BioModels,8,7,1.0
BIOMD0000000222.txt,BioMD_metabolic,BioModels,8,7,1.0
BIOMD0000000232.txt,BioMD_metabolic,BioModels,10,3,1.4444
BIOMD0000000245.txt,BioMD_metabolic,BioModels,16,3,2.625
BIOMD0000000247.txt,BioMD_metabolic,BioModels,22,5,1.7143
BIOMD0000000248.txt,BioMD_metabolic,BioModels,5,2,1.0
BIOMD0000000253.txt,BioMD_metabolic,BioModels,4,3,1.0
BIOMD0000000259.txt,BioMD_metabolic,BioModels,4,1,3.0
BIOMD0000000260.txt,BioMD_metabolic,BioModels,4,1,3.0
BIOMD0000000261.txt,BioMD_metabolic,BioModels,4,1,3.0
BIOMD0000000268.txt,BioMD_metabolic,BioModels,42,6,1.2683
BIOMD0000000292.txt,BioMD_metabolic,BioModels,4,2,1.5
BIOMD0000000328.txt,BioMD_metabolic,BioModels,5,2,1.3333
BIOMD0000000384.txt,BioMD_metabolic,BioModels,3,1,1.0
BIOMD0000000388.txt,BioMD_metabolic,BioModels,5,2,1.3333
BIOMD0000000389.txt,BioMD_metabolic,BioModels,10,3,2.0
BIOMD0000000389.txt,BioMD_metabolic,BioModels,3,1,2.0
BIOMD0000000390.txt,BioMD_metabolic,BioModels,5,2,1.3333
BIOMD0000000391.txt,BioMD_metabolic,BioModels,16,3,2.125
BIOMD0000000392.txt,BioMD_metabolic,BioModels,5,2,1.0
BIOMD0000000392.txt,BioMD_metabolic,BioModels,4,1,1.5
BIOMD0000000393.txt,BioMD_metabolic,BioModels,6,1,2.0
BIOMD0000000393.txt,BioMD_metabolic,BioModels,5,2,1.6667
BIOMD0000000393.txt,BioMD_metabolic,BioModels,4,2,1.5
BIOMD0000000436.txt,BioMD_metabolic,BioModels,16,6,1.6364
BIOMD0000000455.txt,BioMD_metabolic,BioModels,3,1,1.0
BIOMD0000000498.txt,BioMD_metabolic,BioModels,9,4,1.375
BIOMD0000000540.txt,BioMD_metabolic,BioModels,9,1,4.5
BIOMD0000000602.txt,BioMD_metabolic,BioModels,7,2,1.75
BIOMD0000000602.txt,BioMD_metabolic,BioModels,4,1,1.5
BIOMD0000000627.txt,BioMD_metabolic,BioModels,45,5,1.6552
BIOMD0000000627.txt,BioMD_metabolic,BioModels,3,2,1.0
BIOMD0000000627.txt,BioMD_metabolic,BioModels,3,1,2.0
BIOMD0000000633.txt,BioMD_metabolic,BioModels,11,3,1.1
BIOMD0000000639.txt,BioMD_metabolic,BioModels,8,3,1.1429
BIOMD0000000689.txt,BioMD_metabolic,BioModels,8,3,1.1429
BIOMD0000000690.txt,BioMD_metabolic,BioModels,8,3,1.1429
BIOMD0000000691.txt,BioMD_metabolic,BioModels,13,2,1.1667
BIOMD0000000725.txt,BioMD_metabolic,BioModels,3,2,1.0
BIOMD0000000725.txt,BioMD_metabolic,BioModels,5,1,1.3333
BIOMD0000000961.txt,BioMD_metabolic,BioModels,25,3,1.5882
BIOMD0000001055.txt,BioMD_metabolic,BioModels,9,4,1.375
BIOMD0000000005.txt,BioMD_cell_cycle,BioModels,6,3,1.5
BIOMD0000000007.txt,BioMD_cell_cycle,BioModels,12,2,1.0909
BIOMD0000000056.txt,BioMD_cell_cycle,BioModels,33,6,1.6562
BIOMD0000000069.txt,BioMD_cell_cycle,BioModels,3,1,2.0
BIOMD0000000107.txt,BioMD_cell_cycle,BioModels,11,2,1.4
BIOMD0000000109.txt,BioMD_cell_cycle,BioModels,19,4,1.5556
BIOMD0000000110.txt,BioMD_cell_cycle,BioModels,7,2,1.5
BIOMD0000000111.txt,BioMD_cell_cycle,BioModels,6,3,1.4
BIOMD0000000144.txt,BioMD_cell_cycle,BioModels,6,2,1.2
BIOMD0000000168.txt,BioMD_cell_cycle,BioModels,10,3,1.4444
BIOMD0000000195.txt,BioMD_cell_cycle,BioModels,8,4,1.2857
BIOMD0000000196.txt,BioMD_cell_cycle,BioModels,9,3,1.125
BIOMD0000000207.txt,BioMD_cell_cycle,BioModels,3,1,1.0
BIOMD0000000207.txt,BioMD_cell_cycle,BioModels,3,1,1.0
BIOMD0000000265.txt,BioMD_cell_cycle,BioModels,18,6,1.4706
BIOMD0000000406.txt,BioMD_cell_cycle,BioModels,14,1,1.1818
BIOMD0000000406.txt,BioMD_cell_cycle,BioModels,3,2,1.0
BIOMD0000000406.txt,BioMD_cell_cycle,BioModels,3,1,2.0
BIOMD0000000409.txt,BioMD_cell_cycle,BioModels,26,4,1.5294
BIOMD0000000697.txt,BioMD_cell_cycle,BioModels,9,4,1.375
BIOMD0000000699.txt,BioMD_cell_cycle,BioModels,25,3,2.2353
BIOMD0000000700.txt,BioMD_cell_cycle,BioModels,25,5,1.5417
BIOMD0000000701.txt,BioMD_cell_cycle,BioModels,25,3,2.2353
BIOMD0000000702.txt,BioMD_cell_cycle,BioModels,25,3,2.2353
BIOMD0000000718.txt,BioMD_cell_cycle,BioModels,18,4,1.2353
BIOMD0000000719.txt,BioMD_cell_cycle,BioModels,5,2,1.25
BIOMD0000000720.txt,BioMD_cell_cycle,BioModels,12,7,1.3636
BIOMD0000000723.txt,BioMD_cell_cycle,BioModels,21,6,1.6
BIOMD0000000918.txt,BioMD_cell_cycle,BioModels,5,3,1.3333
BIOMD0000000934.txt,BioMD_cell_cycle,BioModels,4,2,1.3333
BIOMD0000000939.txt,BioMD_cell_cycle,BioModels,44,6,1.7209
BIOMD0000000941.txt,BioMD_cell_cycle,BioModels,9,4,1.125
BIOMD0000000942.txt,BioMD_cell_cycle,BioModels,14,2,1.1538
BIOMD0000000943.txt,BioMD_cell_cycle,BioModels,44,6,1.3721
BIOMD0000000952.txt,BioMD_cell_cycle,BioModels,9,2,1.125
BIOMD0000000954.txt,BioMD_cell_cycle,BioModels,28,4,1.3333
BIOMD0000001044.txt,BioMD_cell_cycle,BioModels,4,2,1.0
BIOMD0000000021.txt,BioMD_circadian,BioModels,5,2,1.3333
BIOMD0000000022.txt,BioMD_circadian,BioModels,12,2,2.0
BIOMD0000000035.txt,BioMD_circadian,BioModels,9,3,1.2857
BIOMD0000000055.txt,BioMD_circadian,BioModels,4,3,1.0
BIOMD0000000073.txt,BioMD_circadian,BioModels,9,3,2.0
BIOMD0000000074.txt,BioMD_circadian,BioModels,9,3,2.0
BIOMD0000000078.txt,BioMD_circadian,BioModels,9,3,2.0
BIOMD0000000083.txt,BioMD_circadian,BioModels,9,3,2.0
BIOMD0000000089.txt,BioMD_circadian,BioModels,11,7,1.1
BIOMD0000000090.txt,BioMD_circadian,BioModels,14,2,1.6667
BIOMD0000000090.txt,BioMD_circadian,BioModels,4,2,1.0
BIOMD0000000095.txt,BioMD_circadian,BioModels,4,3,1.0
BIOMD0000000096.txt,BioMD_circadian,BioModels,4,3,1.0
BIOMD0000000097.txt,BioMD_circadian,BioModels,4,3,1.0
BIOMD0000000099.txt,BioMD_circadian,BioModels,4,3,1.0
BIOMD0000000122.txt,BioMD_circadian,BioModels,9,2,2.0
BIOMD0000000145.txt,BioMD_circadian,BioModels,5,3,1.0
BIOMD0000000160.txt,BioMD_circadian,BioModels,26,2,2.0667
BIOMD0000000171.txt,BioMD_circadian,BioModels,5,2,1.3333
BIOMD0000000214.txt,BioMD_circadian,BioModels,13,5,1.2
BIOMD0000000229.txt,BioMD_circadian,BioModels,6,3,1.4
BIOMD0000000246.txt,BioMD_circadian,BioModels,16,5,1.5333
BIOMD0000000273.txt,BioMD_circadian,BioModels,23,6,1.5909
BIOMD0000000308.txt,BioMD_circadian,BioModels,5,1,1.3333
BIOMD0000000350.txt,BioMD_circadian,BioModels,9,4,1.25
BIOMD0000000411.txt,BioMD_circadian,BioModels,9,2,1.8
BIOMD0000000631.txt,BioMD_circadian,BioModels,14,5,1.3846
BIOMD0000000975.txt,BioMD_circadian,BioModels,9,3,2.0
BIOMD0000001006.txt,BioMD_circadian,BioModels,5,2,1.0
BIOMD0000000001.txt,BioMD_signaling,BioModels,11,4,1.6667
BIOMD0000000002.txt,BioMD_signaling,BioModels,17,4,1.9231
BIOMD0000000009.txt,BioMD_signaling,BioModels,4,3,1.0
BIOMD0000000009.txt,BioMD_signaling,BioModels,4,3,1.0
BIOMD0000000009.txt,BioMD_signaling,BioModels,4,3,1.0
BIOMD0000000009.txt,BioMD_signaling,BioModels,4,3,1.0
BIOMD0000000010.txt,BioMD_signaling,BioModels,8,2,1.6
BIOMD0000000026.txt,BioMD_signaling,BioModels,4,3,1.0
BIOMD0000000026.txt,BioMD_signaling,BioModels,6,5,1.0
BIOMD0000000028.txt,BioMD_signaling,BioModels,7,3,1.2
BIOMD0000000028.txt,BioMD_signaling,BioModels,6,5,1.0
BIOMD0000000028.txt,BioMD_signaling,BioModels,3,2,1.0
BIOMD0000000030.txt,BioMD_signaling,BioModels,7,3,1.2
BIOMD0000000030.txt,BioMD_signaling,BioModels,11,5,1.1111
BIOMD0000000032.txt,BioMD_signaling,BioModels,24,3,1.7143
BIOMD0000000037.txt,BioMD_signaling,BioModels,4,1,1.5
BIOMD0000000048.txt,BioMD_signaling,BioModels,15,3,1.8182
BIOMD0000000084.txt,BioMD_signaling,BioModels,7,1,2.0
BIOMD0000000093.txt,BioMD_signaling,BioModels,30,9,1.5217
BIOMD0000000094.txt,BioMD_signaling,BioModels,26,6,1.65
BIOMD0000000094.txt,BioMD_signaling,BioModels,7,2,1.75
BIOMD0000000112.txt,BioMD_signaling,BioModels,6,4,1.25
BIOMD0000000125.txt,BioMD_signaling,BioModels,5,2,1.3333
BIOMD0000000137.txt,BioMD_signaling,BioModels,14,4,1.2308
BIOMD0000000139.txt,BioMD_signaling,BioModels,4,2,1.3333
BIOMD0000000140.txt,BioMD_signaling,BioModels,4,2,1.3333
BIOMD0000000146.txt,BioMD_signaling,BioModels,18,2,1.5455
BIOMD0000000162.txt,BioMD_signaling,BioModels,30,2,1.1034
BIOMD0000000163.txt,BioMD_signaling,BioModels,4,2,1.3333
BIOMD0000000165.txt,BioMD_signaling,BioModels,24,4,1.1304
BIOMD0000000200.txt,BioMD_signaling,BioModels,23,4,2.0526
BIOMD0000000201.txt,BioMD_signaling,BioModels,16,4,1.2
BIOMD0000000226.txt,BioMD_signaling,BioModels,19,2,1.5385
BIOMD0000000230.txt,BioMD_signaling,BioModels,19,2,2.5455
BIOMD0000000243.txt,BioMD_signaling,BioModels,7,3,1.4
BIOMD0000000243.txt,BioMD_signaling,BioModels,5,2,1.3333
BIOMD0000000262.txt,BioMD_signaling,BioModels,9,2,1.6
BIOMD0000000263.txt,BioMD_signaling,BioModels,9,2,1.6
BIOMD0000000264.txt,BioMD_signaling,BioModels,13,2,1.5
BIOMD0000000270.txt,BioMD_signaling,BioModels,12,10,1.0
BIOMD0000000270.txt,BioMD_signaling,BioModels,21,2,1.7857
BIOMD0000000313.txt,BioMD_signaling,BioModels,10,3,1.25
BIOMD0000000314.txt,BioMD_signaling,BioModels,5,3,1.25
BIOMD0000000314.txt,BioMD_signaling,BioModels,3,1,1.0
BIOMD0000000351.txt,BioMD_signaling,BioModels,6,3,1.4
BIOMD0000000352.txt,BioMD_signaling,BioModels,6,3,1.4
BIOMD0000000355.txt,BioMD_signaling,BioModels,8,2,2.3333
BIOMD0000000395.txt,BioMD_signaling,BioModels,4,2,1.5
BIOMD0000000408.txt,BioMD_signaling,BioModels,9,2,2.5
BIOMD0000000410.txt,BioMD_signaling,BioModels,23,5,1.5455
BIOMD0000000423.txt,BioMD_signaling,BioModels,7,3,1.75
BIOMD0000000432.txt,BioMD_signaling,BioModels,6,2,1.6667
BIOMD0000000433.txt,BioMD_signaling,BioModels,6,2,1.6667
BIOMD0000000435.txt,BioMD_signaling,BioModels,4,1,3.0
BIOMD0000000464.txt,BioMD_signaling,BioModels,6,1,1.5
BIOMD0000000545.txt,BioMD_signaling,BioModels,3,1,1.0
BIOMD0000000594.txt,BioMD_signaling,BioModels,5,2,1.6667
BIOMD0000000600.txt,BioMD_signaling,BioModels,11,3,1.5714
BIOMD0000000613.txt,BioMD_signaling,BioModels,4,1,1.0
BIOMD0000000652_manyOrgs.txt,BioMD_signaling,BioModels,83,6,1.2933
BIOMD0000000658.txt,BioMD_signaling,BioModels,9,4,1.125
BIOMD0000000664.txt,BioMD_signaling,BioModels,11,3,1.3333
BIOMD0000000724.txt,BioMD_signaling,BioModels,4,2,1.5
BIOMD0000000724.txt,BioMD_signaling,BioModels,4,3,1.0
BIOMD0000000786.txt,BioMD_signaling,BioModels,14,5,1.3846
BIOMD0000000794.txt,BioMD_signaling,BioModels,15,5,1.4286
BIOMD0000000818.txt,BioMD_signaling,BioModels,6,1,1.6667
BIOMD0000000818.txt,BioMD_signaling,BioModels,4,1,1.5
BIOMD0000000823.txt,BioMD_signaling,BioModels,16,3,1.5333
BIOMD0000000826.txt,BioMD_signaling,BioModels,17,5,1.5385
BIOMD0000000829.txt,BioMD_signaling,BioModels,5,3,1.0
BIOMD0000000832.txt,BioMD_signaling,BioModels,18,2,1.6364
BIOMD0000000861.txt,BioMD_signaling,BioModels,28,10,1.2963
BIOMD0000000959.txt,BioMD_signaling,BioModels,11,6,1.2
BIOMD0000000968.txt,BioMD_signaling,BioModels,3,1,2.0
BIOMD0000000985.txt,BioMD_signaling,BioModels,6,3,1.25
BIOMD0000000989.txt,BioMD_signaling,BioModels,8,6,1.1429
BIOMD0000000990.txt,BioMD_signaling,BioModels,8,6,1.1429
BIOMD0000000994.txt,BioMD_signaling,BioModels,8,6,1.1429
BIOMD0000000995.txt,BioMD_signaling,BioModels,8,6,1.1429
BIOMD0000000996.txt,BioMD_signaling,BioModels,8,6,1.1429
BIOMD0000000997.txt,BioMD_signaling,BioModels,8,6,1.1429
BIOMD0000000998.txt,BioMD_signaling,BioModels,8,6,1.1429
BIOMD0000000999.txt,BioMD_signaling,BioModels,8,6,1.1429
BIOMD0000001000.txt,BioMD_signaling,BioModels,8,6,1.1429
BIOMD0000001001.txt,BioMD_signaling,BioModels,8,6,1.1429
BIOMD0000001002.txt,BioMD_signaling,BioModels,8,6,1.1429
BIOMD0000001003.txt,BioMD_signaling,BioModels,8,6,1.1429
BIOMD0000000065.txt,BioMD_gene_regulation,BioModels,5,4,1.0
BIOMD0000000105.txt,BioMD_gene_regulation,BioModels,75,10,2.527
BIOMD0000000317.txt,BioMD_gene_regulation,BioModels,4,1,3.0
BIOMD0000000483.txt,BioMD_gene_regulation,BioModels,3,1,1.0
BIOMD0000000483.txt,BioMD_gene_regulation,BioModels,3,1,1.0
BIOMD0000000530.txt,BioMD_gene_regulation,BioModels,10,3,1.4286
BIOMD0000000539.txt,BioMD_gene_regulation,BioModels,5,4,1.0
BIOMD0000000586.txt,BioMD_gene_regulation,BioModels,4,3,1.0
BIOMD0000000256.txt,BioMD_apoptosis,BioModels,34,8,1.7576
BIOMD0000000407.txt,BioMD_apoptosis,BioModels,18,10,1.2941
BIOMD0000000523.txt,BioMD_apoptosis,BioModels,9,4,1.1429
BIOMD0000000524.txt,BioMD_apoptosis,BioModels,9,4,1.1429
BIOMD0000000525.txt,BioMD_apoptosis,BioModels,10,4,1.375
BIOMD0000000526.txt,BioMD_apoptosis,BioModels,10,4,1.375
BIOMD0000000812.txt,BioMD_apoptosis,BioModels,4,2,1.3333
BIOMD0000000528.txt,BioMD_immune,BioModels,6,3,1.6667
BIOMD0000000529.txt,BioMD_immune,BioModels,6,3,1.6667
BIOMD0000000710.txt,BioMD_immune,BioModels,4,3,1.0
BIOMD0000000711.txt,BioMD_immune,BioModels,14,3,1.8889
BIOMD0000000731.txt,BioMD_immune,BioModels,22,2,3.4
BIOMD0000000848.txt,BioMD_immune,BioModels,4,3,1.0
BIOMD0000000889.txt,BioMD_immune,BioModels,9,4,1.25
BIOMD0000000924.txt,BioMD_immune,BioModels,8,3,1.4286
BIOMD0000001004.txt,BioMD_immune,BioModels,8,3,1.2857
BIOMD0000001015.txt,BioMD_immune,BioModels,5,1,4.0
BIOMD0000001016.txt,BioMD_immune,BioModels,5,4,1.0
BIOMD0000001017.txt,BioMD_immune,BioModels,7,5,1.0
BIOMD0000001018.txt,BioMD_immune,BioModels,11,7,1.2
BIOMD0000001035.txt,BioMD_immune,BioModels,4,2,1.3333
BIOMD0000000053.txt,BioMD_other,BioModels,4,2,1.3333
BIOMD0000000066.txt,BioMD_other,BioModels,4,1,1.5
BIOMD0000000066.txt,BioMD_other,BioModels,3,1,1.0
BIOMD0000000072.txt,BioMD_other,BioModels,6,2,1.4
BIOMD0000000075.txt,BioMD_other,BioModels,4,2,1.0
BIOMD0000000077.txt,BioMD_other,BioModels,3,2,1.0
BIOMD0000000080.txt,BioMD_other,BioModels,5,3,1.3333
BIOMD0000000082.txt,BioMD_other,BioModels,5,3,1.3333
BIOMD0000000085.txt,BioMD_other,BioModels,16,2,1.5833
BIOMD0000000086.txt,BioMD_other,BioModels,24,2,2.0
BIOMD0000000091.txt,BioMD_other,BioModels,9,2,1.6667
BIOMD0000000091.txt,BioMD_other,BioModels,3,2,1.0
BIOMD0000000106.txt,BioMD_other,BioModels,24,3,2.125
BIOMD0000000106.txt,BioMD_other,BioModels,3,2,1.0
BIOMD0000000121.txt,BioMD_other,BioModels,4,3,1.0
BIOMD0000000123.txt,BioMD_other,BioModels,9,2,2.0
BIOMD0000000147.txt,BioMD_other,BioModels,4,2,1.3333
BIOMD0000000164.txt,BioMD_other,BioModels,28,3,1.9375
BIOMD0000000167.txt,BioMD_other,BioModels,4,2,1.5
BIOMD0000000173.txt,BioMD_other,BioModels,22,2,2.1667
BIOMD0000000178.txt,BioMD_other,BioModels,4,3,1.0
BIOMD0000000186.txt,BioMD_other,BioModels,5,1,2.0
BIOMD0000000187.txt,BioMD_other,BioModels,5,1,2.0
BIOMD0000000188.txt,BioMD_other,BioModels,11,5,1.2
BIOMD0000000189.txt,BioMD_other,BioModels,6,5,1.0
BIOMD0000000191.txt,BioMD_other,BioModels,4,2,1.5
BIOMD0000000192.txt,BioMD_other,BioModels,3,1,2.0
BIOMD0000000192.txt,BioMD_other,BioModels,3,2,1.0
BIOMD0000000193.txt,BioMD_other,BioModels,5,1,2.0
BIOMD0000000198.txt,BioMD_other,BioModels,3,2,1.0
BIOMD0000000198.txt,BioMD_other,BioModels,4,2,1.5
BIOMD0000000199.txt,BioMD_other,BioModels,9,2,1.6
BIOMD0000000202.txt,BioMD_other,BioModels,8,2,1.75
BIOMD0000000203.txt,BioMD_other,BioModels,10,1,2.8
BIOMD0000000204.txt,BioMD_other,BioModels,10,1,2.8
BIOMD0000000209.txt,BioMD_other,BioModels,12,1,3.3333
BIOMD0000000210.txt,BioMD_other,BioModels,12,1,2.8333
BIOMD0000000215.txt,BioMD_other,BioModels,6,3,1.2
BIOMD0000000217.txt,BioMD_other,BioModels,12,3,1.3333
BIOMD0000000228.txt,BioMD_other,BioModels,12,3,1.8571
BIOMD0000000237.txt,BioMD_other,BioModels,6,2,1.25
BIOMD0000000237.txt,BioMD_other,BioModels,11,3,1.4286
BIOMD0000000237.txt,BioMD_other,BioModels,4,2,1.3333
BIOMD0000000237.txt,BioMD_other,BioModels,4,1,1.5
BIOMD0000000237_manyOrgs.txt,BioMD_other,BioModels,3,2,1.0
BIOMD0000000237_manyOrgs.txt,BioMD_other,BioModels,4,3,1.0
BIOMD0000000237_manyOrgs.txt,BioMD_other,BioModels,8,3,1.4
BIOMD0000000237_manyOrgs.txt,BioMD_other,BioModels,3,1,2.0
BIOMD0000000242.txt,BioMD_other,BioModels,9,5,1.375
BIOMD0000000249.txt,BioMD_other,BioModels,13,4,1.5
BIOMD0000000251.txt,BioMD_other,BioModels,6,3,1.0
BIOMD0000000257.txt,BioMD_other,BioModels,11,2,1.5
BIOMD0000000269.txt,BioMD_other,BioModels,17,4,1.4615
BIOMD0000000275.txt,BioMD_other,BioModels,5,4,1.0
BIOMD0000000284.txt,BioMD_other,BioModels,3,2,1.0
BIOMD0000000284.txt,BioMD_other,BioModels,3,2,1.0
BIOMD0000000285.txt,BioMD_other,BioModels,14,3,1.6364
BIOMD0000000287.txt,BioMD_other,BioModels,22,7,1.2778
BIOMD0000000289.txt,BioMD_other,BioModels,5,3,1.3333
BIOMD0000000290.txt,BioMD_other,BioModels,5,3,1.3333
BIOMD0000000294.txt,BioMD_other,BioModels,15,4,1.5
BIOMD0000000296.txt,BioMD_other,BioModels,5,2,1.3333
BIOMD0000000297.txt,BioMD_other,BioModels,11,5,1.4
BIOMD0000000300.txt,BioMD_other,BioModels,4,1,1.0
BIOMD0000000301.txt,BioMD_other,BioModels,8,4,1.2857
BIOMD0000000306.txt,BioMD_other,BioModels,4,2,1.0
BIOMD0000000307.txt,BioMD_other,BioModels,4,2,1.5
BIOMD0000000315.txt,BioMD_other,BioModels,12,3,1.4444
BIOMD0000000320.txt,BioMD_other,BioModels,3,2,1.0
BIOMD0000000320.txt,BioMD_other,BioModels,4,2,1.0
BIOMD0000000325.txt,BioMD_other,BioModels,6,2,2.0
BIOMD0000000326.txt,BioMD_other,BioModels,42,3,1.6667
BIOMD0000000327.txt,BioMD_other,BioModels,4,2,1.3333
BIOMD0000000335.txt,BioMD_other,BioModels,5,1,1.3333
BIOMD0000000335.txt,BioMD_other,BioModels,3,2,1.0
BIOMD0000000336.txt,BioMD_other,BioModels,4,2,1.0
BIOMD0000000336.txt,BioMD_other,BioModels,3,2,1.0
BIOMD0000000338.txt,BioMD_other,BioModels,68,7,1.9552
BIOMD0000000339.txt,BioMD_other,BioModels,68,7,1.9552
BIOMD0000000340.txt,BioMD_other,BioModels,64,7,1.9524
BIOMD0000000342.txt,BioMD_other,BioModels,13,3,1.8571
BIOMD0000000347.txt,BioMD_other,BioModels,28,10,1.2963
BIOMD0000000356.txt,BioMD_other,BioModels,21,2,2.0909
BIOMD0000000357.txt,BioMD_other,BioModels,7,3,1.2
BIOMD0000000358.txt,BioMD_other,BioModels,7,1,1.2
BIOMD0000000359.txt,BioMD_other,BioModels,8,3,2.25
BIOMD0000000360.txt,BioMD_other,BioModels,7,2,1.5
BIOMD0000000361.txt,BioMD_other,BioModels,3,2,1.0
BIOMD0000000362.txt,BioMD_other,BioModels,6,1,1.6667
BIOMD0000000362.txt,BioMD_other,BioModels,3,2,1.0
BIOMD0000000364.txt,BioMD_other,BioModels,13,4,1.7143
BIOMD0000000365.txt,BioMD_other,BioModels,23,4,2.6154
BIOMD0000000366.txt,BioMD_other,BioModels,7,1,1.2
BIOMD0000000380.txt,BioMD_other,BioModels,3,1,1.0
BIOMD0000000404.txt,BioMD_other,BioModels,20,4,1.1176
BIOMD0000000429.txt,BioMD_other,BioModels,10,4,1.2857
BIOMD0000000438.txt,BioMD_other,BioModels,5,2,1.3333
BIOMD0000000447.txt,BioMD_other,BioModels,5,1,1.0
BIOMD0000000462.txt,BioMD_other,BioModels,4,1,1.5
BIOMD0000000495.txt,BioMD_other,BioModels,9,5,1.0
BIOMD0000000517.txt,BioMD_other,BioModels,5,3,1.3333
BIOMD0000000518.txt,BioMD_other,BioModels,5,3,1.3333
BIOMD0000000547.txt,BioMD_other,BioModels,10,4,1.4286
BIOMD0000000578.txt,BioMD_other,BioModels,44,3,1.8108
BIOMD0000000584.txt,BioMD_other,BioModels,12,2,1.0
BIOMD0000000603.txt,BioMD_other,BioModels,41,6,1.525
BIOMD0000000604.txt,BioMD_other,BioModels,38,5,1.4865
BIOMD0000000605.txt,BioMD_other,BioModels,41,6,1.525
BIOMD0000000606.txt,BioMD_other,BioModels,40,6,1.4615
BIOMD0000000607.txt,BioMD_other,BioModels,41,6,1.525
BIOMD0000000610.txt,BioMD_other,BioModels,41,6,1.525
BIOMD0000000625.txt,BioMD_other,BioModels,20,5,1.8947
BIOMD0000000626.txt,BioMD_other,BioModels,5,1,2.0
BIOMD0000000632.txt,BioMD_other,BioModels,8,3,1.1429
BIOMD0000000637.txt,BioMD_other,BioModels,11,3,2.0
BIOMD0000000638.txt,BioMD_other,BioModels,26,3,2.3
BIOMD0000000660.txt,BioMD_other,BioModels,6,3,1.2
BIOMD0000000661.txt,BioMD_other,BioModels,4,2,1.3333
BIOMD0000000662.txt,BioMD_other,BioModels,6,2,2.0
BIOMD0000000665.txt,BioMD_other,BioModels,6,4,1.2
BIOMD0000000668.txt,BioMD_other,BioModels,5,4,1.0
BIOMD0000000668.txt,BioMD_other,BioModels,5,4,1.0
BIOMD0000000676.txt,BioMD_other,BioModels,10,5,1.4444
BIOMD0000000683.txt,BioMD_other,BioModels,4,2,1.3333
BIOMD0000000687.txt,BioMD_other,BioModels,12,10,1.0
BIOMD0000000688.txt,BioMD_other,BioModels,12,10,1.0
BIOMD0000000692.txt,BioMD_other,BioModels,5,4,1.0
BIOMD0000000695.txt,BioMD_other,BioModels,10,4,1.4286
BIOMD0000000698.txt,BioMD_other,BioModels,4,2,1.0
BIOMD0000000703.txt,BioMD_other,BioModels,13,4,1.5
BIOMD0000000704.txt,BioMD_other,BioModels,9,4,1.375
BIOMD0000000707.txt,BioMD_other,BioModels,5,3,1.25
BIOMD0000000721.txt,BioMD_other,BioModels,7,3,1.75
BIOMD0000000726.txt,BioMD_other,BioModels,5,3,1.25
BIOMD0000000732.txt,BioMD_other,BioModels,5,2,2.0
BIOMD0000000734.txt,BioMD_other,BioModels,15,5,1.6429
BIOMD0000000735.txt,BioMD_other,BioModels,15,5,1.6429
BIOMD0000000736.txt,BioMD_other,BioModels,7,4,1.3333
BIOMD0000000737.txt,BioMD_other,BioModels,7,4,1.3333
BIOMD0000000738.txt,BioMD_other,BioModels,7,4,1.3333
BIOMD0000000739.txt,BioMD_other,BioModels,17,4,1.8
BIOMD0000000747.txt,BioMD_other,BioModels,26,3,1.1364
BIOMD0000000755.txt,BioMD_other,BioModels,7,4,1.5
BIOMD0000000759.txt,BioMD_other,BioModels,5,2,2.0
BIOMD0000000764.txt,BioMD_other,BioModels,4,2,1.3333
BIOMD0000000766.txt,BioMD_other,BioModels,4,2,1.5
BIOMD0000000768.txt,BioMD_other,BioModels,5,2,2.0
BIOMD0000000772.txt,BioMD_other,BioModels,4,1,1.5
BIOMD0000000777.txt,BioMD_other,BioModels,5,1,2.0
BIOMD0000000789.txt,BioMD_other,BioModels,4,3,1.0
BIOMD0000000800.txt,BioMD_other,BioModels,4,1,3.0
BIOMD0000000802.txt,BioMD_other,BioModels,5,2,1.3333
BIOMD0000000816.txt,BioMD_other,BioModels,4,3,1.0
BIOMD0000000827.txt,BioMD_other,BioModels,3,1,2.0
BIOMD0000000830.txt,BioMD_other,BioModels,4,3,1.0
BIOMD0000000837.txt,BioMD_other,BioModels,11,4,1.5
BIOMD0000000843.txt,BioMD_other,BioModels,5,2,1.25
BIOMD0000000849.txt,BioMD_other,BioModels,9,2,1.3333
BIOMD0000000856.txt,BioMD_other,BioModels,17,2,1.9
BIOMD0000000860.txt,BioMD_other,BioModels,4,2,1.5
BIOMD0000000862.txt,BioMD_other,BioModels,7,2,1.2
BIOMD0000000863.txt,BioMD_other,BioModels,7,3,1.3333
BIOMD0000000864.txt,BioMD_other,BioModels,6,2,1.5
BIOMD0000000865.txt,BioMD_other,BioModels,5,2,2.0
BIOMD0000000866.txt,BioMD_other,BioModels,4,1,1.5
BIOMD0000000868.txt,BioMD_other,BioModels,5,2,1.3333
BIOMD0000000869.txt,BioMD_other,BioModels,6,2,1.5
BIOMD0000000870.txt,BioMD_other,BioModels,8,2,1.6
BIOMD0000000871.txt,BioMD_other,BioModels,4,3,1.0
BIOMD0000000872.txt,BioMD_other,BioModels,8,4,1.2857
BIOMD0000000873.txt,BioMD_other,BioModels,30,11,1.2609
BIOMD0000000877.txt,BioMD_other,BioModels,4,2,1.3333
BIOMD0000000896.txt,BioMD_other,BioModels,6,3,1.4
BIOMD0000000899.txt,BioMD_other,BioModels,7,1,2.3333
BIOMD0000000902.txt,BioMD_other,BioModels,4,1,1.5
BIOMD0000000908.txt,BioMD_other,BioModels,5,3,1.25
BIOMD0000000914.txt,BioMD_other,BioModels,4,3,1.0
BIOMD0000000915.txt,BioMD_other,BioModels,8,7,1.0
BIOMD0000000925.txt,BioMD_other,BioModels,14,3,1.4615
BIOMD0000000948.txt,BioMD_other,BioModels,5,2,1.0
BIOMD0000000951.txt,BioMD_other,BioModels,6,1,1.6667
BIOMD0000000951.txt,BioMD_other,BioModels,3,2,1.0
BIOMD0000000953.txt,BioMD_other,BioModels,20,4,1.2632
BIOMD0000000955.txt,BioMD_other,BioModels,6,4,1.2
BIOMD0000000958.txt,BioMD_other,BioModels,5,3,1.25
BIOMD0000000960.txt,BioMD_other,BioModels,5,3,1.3333
BIOMD0000000964.txt,BioMD_other,BioModels,6,3,1.4
BIOMD0000000969.txt,BioMD_other,BioModels,12,2,1.5
BIOMD0000000971.txt,BioMD_other,BioModels,7,3,1.75
BIOMD0000000972.txt,BioMD_other,BioModels,7,3,1.75
BIOMD0000000977.txt,BioMD_other,BioModels,7,4,1.2
BIOMD0000000979.txt,BioMD_other,BioModels,4,3,1.0
BIOMD0000000980.txt,BioMD_other,BioModels,4,3,1.0
BIOMD0000000981.txt,BioMD_other,BioModels,11,4,1.625
BIOMD0000000983.txt,BioMD_other,BioModels,6,2,2.0
BIOMD0000000988.txt,BioMD_other,BioModels,9,6,1.2857
BIOMD0000000991.txt,BioMD_other,BioModels,5,3,1.25
BIOMD0000001014.txt,BioMD_other,BioModels,4,3,1.0
BIOMD0000001021.txt,BioMD_other,BioModels,7,1,2.3333
BIOMD0000001027.txt,BioMD_other,BioModels,6,5,1.0
BIOMD0000001028.txt,BioMD_other,BioModels,6,5,1.0
BIOMD0000001029.txt,BioMD_other,BioModels,6,5,1.0
BIOMD0000001033.txt,BioMD_other,BioModels,8,3,1.75
BIOMD0000001039.txt,BioMD_other,BioModels,6,5,1.0
bigg_e_coli_core.txt,BiGG,BiGG,49,5,1.7708
bigg_iAB_RBC_283.txt,BiGG,BiGG,161,10,1.6187
bigg_iAF692.txt,BiGG,BiGG,479,7,2.1597
bigg_iAF692.txt,BiGG,BiGG,5,4,1.0
bigg_iAF692.txt,BiGG,BiGG,3,2,1.0
bigg_iAF692.txt,BiGG,BiGG,3,1,1.0
bigg_iAF692.txt,BiGG,BiGG,3,1,2.0
bigg_iAF692.txt,BiGG,BiGG,3,2,1.0
bigg_iAF692.txt,BiGG,BiGG,4,3,1.0
bigg_iHN637.txt,BiGG,BiGG,590,9,1.601
bigg_iIS312.txt,BiGG,BiGG,300,6,1.4615
bigg_iIS312_Amastigote.txt,BiGG,BiGG,305,6,1.4507
bigg_iIS312_Epimastigote.txt,BiGG,BiGG,302,6,1.4618
bigg_iIS312_Trypomastigote.txt,BiGG,BiGG,307,6,1.4542
bigg_iIT341.txt,BiGG,BiGG,384,13,1.752
bigg_iLJ478.txt,BiGG,BiGG,479,11,1.705
bigg_iSB619.txt,BiGG,BiGG,579,12,1.8131
central_ecoli.txt,Other,Other,23,6,1.4545
