network,n_reactions,n_species,n_ercs,n_fundamental_synergies,n_fundamental_complementarities,engine,status,wall_time_s,n_elementary,n_so_total,max_order_reached,states_explored,comp_extensions,syn_extensions,lift_candidates,error
BIOMD0000000943,83,43,44,18,22,old,ok,1.543,16,1267,18,2427,427,198,6789,
BIOMD0000000943,83,43,44,18,22,new,ok,1.951,16,2355,19,4798,0,0,0,
BIOMD0000000407,88,47,18,1,9,old,ok,0.826,3,6,2,17,4,0,5,
BIOMD0000000407,88,47,18,1,9,new,ok,0.88,3,6,3,25,0,0,0,
BIOMD0000000326,91,71,42,50,34,old,ok,1.237,2,211,9,802,139,9,2281,
BIOMD0000000326,91,71,42,50,34,new,ok,2.083,2,659,12,4448,0,0,0,
BIOMD0000000410,91,53,23,5,17,old,ok,0.737,2,3,1,26,5,1,0,
BIOMD0000000410,91,53,23,5,17,new,ok,0.761,2,3,1,64,0,0,0,
BIOMD0000000056,94,46,33,11,21,old,ok,1.018,10,72,6,103,22,13,312,
BIOMD0000000056,94,46,33,11,21,new,ok,0.87,10,91,10,121,0,0,0,
BIOMD0000000105,94,39,83,159,62,old,ok,1.034,2,3,1,330,137,107,28,
BIOMD0000000105,94,39,83,159,62,new,ok,29.86,2,3,1,22399,0,0,0,
BIOMD0000000578,96,76,45,20,42,old,ok,0.987,2,134,8,737,129,8,2889,
BIOMD0000000578,96,76,45,20,42,new,ok,1.374,2,651,12,2216,0,0,0,
BIOMD0000000338,115,52,68,30,51,old,ok,0.816,4,37,9,258,104,6,209,
BIOMD0000000338,115,52,68,30,51,new,ok,7.018,4,41,10,24260,0,0,0,
BIOMD0000000339,115,52,68,30,51,old,ok,0.851,4,37,9,258,104,6,209,
BIOMD0000000339,115,52,68,30,51,new,ok,7.887,4,41,10,24260,0,0,0,
BIOMD0000000340,116,52,64,27,51,old,ok,1.239,4,37,9,269,135,2,215,
BIOMD0000000340,116,52,64,27,51,new,ok,3.253,4,41,10,11999,0,0,0,
BIOMD0000000594,120,29,5,2,0,old,ok,0.661,2,5,2,4,0,0,3,
BIOMD0000000594,120,29,5,2,0,new,ok,0.701,2,5,2,5,0,0,0,
BIOMD0000000939,126,56,44,26,18,old,ok,0.82,12,214,12,539,48,12,1591,
BIOMD0000000939,126,56,44,26,18,new,ok,0.889,12,297,12,699,0,0,0,
BIOMD0000000109,138,49,19,7,4,old,ok,0.715,7,50,6,80,14,0,180,
BIOMD0000000109,138,49,19,7,4,new,ok,0.752,7,50,6,63,0,0,0,
BIOMD0000000608,140,52,3,0,0,old,ok,0.776,2,3,1,1,0,0,1,
BIOMD0000000608,140,52,3,0,0,new,ok,0.771,2,3,1,3,0,0,0,
e_coli_core,141,72,49,110,22,old,ok,1.103,15,309,11,734,52,52,2069,
e_coli_core,141,72,49,110,22,new,ok,1.473,15,334,14,1519,0,0,0,
central_ecoli,168,92,23,4,13,old,ok,0.868,6,12,4,36,11,3,20,
central_ecoli,168,92,23,4,13,new,ok,1.136,6,12,4,43,0,0,0,
BIOMD0000000183,352,67,6,2,0,old,ok,0.911,1,8,3,7,0,0,20,
BIOMD0000000183,352,67,6,2,0,new,ok,0.913,1,8,3,8,0,0,0,
iAB_RBC_283,,,,,,old,timeout,,,,,,,,,exceeded 300s
iAB_RBC_283,,,,,,new,timeout,,,,,,,,,exceeded 300s
iIT341,,,,,,old,timeout,,,,,,,,,exceeded 300s
iIT341,,,,,,new,timeout,,,,,,,,,exceeded 300s
iIS312_Amastigote,,,,,,old,timeout,,,,,,,,,exceeded 300s
iIS312_Amastigote,,,,,,new,timeout,,,,,,,,,exceeded 300s
