file,results_match,n_species,n_reactions,n_ercs,n_levels,avg_level_size,max_level_size,level_variance,n_edges,avg_degree,hierarchy_density,leaf_nodes,root_nodes,max_chain_length,avg_branching,avg_generators,max_generators,avg_closure_size,ercs_per_species,hierarchy_depth_ratio,leaf_ratio,root_ratio,brute_time,efficient_time,speedup,brute_checks,efficient_ops,max_possible_checks,brute_efficiency,efficient_reduction,brute_steps_per_erc,efficient_steps_per_erc,total_synergies,fundamental_synergies,fundamentality_rate,valid_base_target_pairs,partial_overlap_checks,within_target_pruning,cross_target_pruning,pruning_per_synergy
RN_Ns_20_Norg_4_id_12.txt,True,20,42,4,3,1.3333333333333333,2,0.2222222222222222,3,1.5,0.5,1,2,3,1.0,4.75,10,15.75,0.2,0.75,0.25,0.5,0.12496781349182129,0.009118080139160156,13.705496286999267,12,0,12,1.0,1.0,3.0,0.0,0,0,0.0,3,8,0,0,0.0
RN_Ns_20_Norg_4_id_13.txt,True,20,40,21,9,2.3333333333333335,5,2.0,29,2.761904761904762,0.1380952380952381,1,4,20,1.45,1.3333333333333333,3,9.476190476190476,1.05,0.9523809523809523,0.047619047619047616,0.19047619047619047,37.034775257110596,2.508256435394287,14.76514710956533,3990,350,3990,1.0,0.9122807017543859,190.0,16.666666666666668,96,12,0.125,112,322,61,23,1.1506849315068493
RN_Ns_20_Norg_4_id_14.txt,True,20,34,13,4,3.25,5,3.1875,17,2.6153846153846154,0.21794871794871795,2,5,10,1.5454545454545454,1.6923076923076923,6,10.846153846153847,0.65,0.7692307692307693,0.15384615384615385,0.38461538461538464,6.2028326988220215,0.4488034248352051,13.820823005304879,858,113,858,1.0,0.8682983682983683,66.0,8.692307692307692,31,6,0.1935483870967742,51,127,21,4,0.9259259259259259
RN_Ns_20_Norg_4_id_16.txt,True,20,42,9,5,1.8,4,1.36,11,2.4444444444444446,0.3055555555555556,1,2,8,1.375,2.7777777777777777,10,13.777777777777779,0.45,0.8888888888888888,0.1111111111111111,0.2222222222222222,4.294087171554565,0.26836419105529785,16.00096925997756,252,14,252,1.0,0.9444444444444444,28.0,1.5555555555555556,4,2,0.5,16,53,2,0,0.5
RN_Ns_20_Norg_4_id_17.txt,True,20,40,10,5,2.0,4,1.2,15,3.0,0.3333333333333333,1,1,9,1.6666666666666667,2.7,11,8.4,0.5,0.9,0.1,0.1,4.513885021209717,0.32810044288635254,13.757631600556042,360,33,360,1.0,0.9083333333333333,36.0,3.3,21,4,0.19047619047619047,21,64,8,9,1.4166666666666667
RN_Ns_20_Norg_4_id_18.txt,True,20,40,11,6,1.8333333333333333,4,1.138888888888889,15,2.727272727272727,0.2727272727272727,1,2,10,1.5,2.0,6,8.545454545454545,0.55,0.9090909090909091,0.09090909090909091,0.18181818181818182,5.720021486282349,0.15978455543518066,35.79833777240613,495,19,495,1.0,0.9616161616161616,45.0,1.7272727272727273,12,3,0.25,18,77,5,4,1.125
RN_Ns_20_Norg_4_id_19.txt,True,20,36,15,7,2.142857142857143,5,2.4081632653061225,20,2.6666666666666665,0.19047619047619047,1,1,14,1.4285714285714286,1.9333333333333333,6,7.4,0.75,0.9333333333333333,0.06666666666666667,0.06666666666666667,12.459607124328613,0.8598048686981201,14.49120326940509,1365,123,1365,1.0,0.9098901098901099,91.0,8.2,41,8,0.1951219512195122,50,156,24,9,1.03125
RN_Ns_20_Norg_4_id_21.txt,True,19,36,23,7,3.2857142857142856,6,5.63265306122449,38,3.3043478260869565,0.15019762845849802,6,1,14,2.235294117647059,1.391304347826087,4,7.043478260869565,1.2105263157894737,0.6086956521739131,0.2608695652173913,0.043478260869565216,31.7133309841156,1.9250948429107666,16.47364601328663,5313,485,5313,1.0,0.9087144739318652,231.0,21.08695652173913,121,16,0.1322314049586777,125,408,79,26,1.105263157894737
RN_Ns_20_Norg_5_id_20.txt,True,20,42,9,6,1.5,3,0.5833333333333334,10,2.2222222222222223,0.2777777777777778,1,2,8,1.25,3.111111111111111,19,7.0,0.45,0.8888888888888888,0.1111111111111111,0.2222222222222222,1.294623851776123,0.08585834503173828,15.078602450321563,252,35,252,1.0,0.8611111111111112,28.0,3.888888888888889,0,0,0.0,30,50,0,0,0.0
RN_Ns_20_Norg_5_id_3.txt,True,20,40,8,6,1.3333333333333333,3,0.5555555555555557,9,2.25,0.32142857142857145,1,1,7,1.2857142857142858,3.875,18,10.5,0.4,0.875,0.125,0.125,1.4347245693206787,0.05887150764465332,24.37044041713071,168,12,168,1.0,0.9285714285714286,21.0,1.5,1,1,1.0,16,35,0,0,0.0
RN_Ns_20_Norg_5_id_7.txt,True,20,36,11,7,1.5714285714285714,4,1.102040816326531,14,2.5454545454545454,0.2545454545454545,1,1,10,1.4,2.272727272727273,9,9.636363636363637,0.55,0.9090909090909091,0.09090909090909091,0.09090909090909091,4.17890191078186,0.10754823684692383,38.85607085060631,495,21,495,1.0,0.9575757575757575,45.0,1.9090909090909092,5,3,0.6,23,67,1,1,0.5
RN_Ns_20_Norg_6_id_10.txt,True,20,36,13,4,3.25,5,2.1875,18,2.769230769230769,0.23076923076923078,1,4,12,1.5,1.6923076923076923,6,13.307692307692308,0.65,0.9230769230769231,0.07692307692307693,0.3076923076923077,9.101388931274414,0.6053452491760254,15.035038176417348,858,84,858,1.0,0.9020979020979021,66.0,6.461538461538462,32,5,0.15625,51,126,23,4,0.9642857142857143
RN_Ns_20_Norg_6_id_132.txt,True,20,40,13,7,1.8571428571428572,4,1.2653061224489797,16,2.4615384615384617,0.20512820512820512,1,3,12,1.3333333333333333,2.923076923076923,12,12.923076923076923,0.65,0.9230769230769231,0.07692307692307693,0.23076923076923078,11.099037170410156,0.7256743907928467,15.294789662184073,858,109,858,1.0,0.872960372960373,66.0,8.384615384615385,8,3,0.375,67,115,5,0,0.625
RN_Ns_20_Norg_6_id_135.txt,True,20,40,7,4,1.75,3,0.6875,8,2.2857142857142856,0.38095238095238093,1,2,6,1.3333333333333333,4.142857142857143,10,12.857142857142858,0.35,0.8571428571428571,0.14285714285714285,0.2857142857142857,1.0213990211486816,0.05725574493408203,17.83924080150574,105,11,105,1.0,0.8952380952380953,15.0,1.5714285714285714,1,1,1.0,17,29,0,0,0.0
RN_Ns_20_Norg_6_id_136.txt,True,20,29,16,7,2.2857142857142856,4,1.0612244897959184,23,2.875,0.19166666666666668,1,3,15,1.5333333333333334,1.4375,3,9.125,0.8,0.9375,0.0625,0.1875,11.07139778137207,0.48960280418395996,22.61301954719234,1680,186,1680,1.0,0.8892857142857142,105.0,11.625,7,3,0.42857142857142855,96,170,4,0,0.5714285714285714
RN_Ns_20_Norg_6_id_137.txt,True,20,35,13,6,2.1666666666666665,4,1.4722222222222223,21,3.230769230769231,0.2692307692307692,1,1,12,1.75,1.9230769230769231,7,11.0,0.65,0.9230769230769231,0.07692307692307693,0.07692307692307693,6.945094347000122,0.23598670959472656,29.43002323701758,858,55,858,1.0,0.9358974358974359,66.0,4.230769230769231,7,3,0.42857142857142855,40,104,2,2,0.8
RN_Ns_20_Norg_6_id_139.txt,True,20,35,15,6,2.5,4,0.9166666666666666,22,2.933333333333333,0.20952380952380953,1,4,14,1.5714285714285714,1.4666666666666666,4,12.0,0.75,0.9333333333333333,0.06666666666666667,0.26666666666666666,12.237374067306519,0.3414041996002197,35.84423999949719,1365,44,1365,1.0,0.9677655677655678,91.0,2.933333333333333,12,4,0.3333333333333333,39,143,8,0,0.6666666666666666
RN_Ns_20_Norg_6_id_141.txt,True,20,30,13,6,2.1666666666666665,6,3.4722222222222228,13,2.0,0.16666666666666666,6,2,6,1.8571428571428572,1.6153846153846154,6,8.384615384615385,0.65,0.46153846153846156,0.46153846153846156,0.15384615384615385,4.7611682415008545,0.294849157333374,16.147810238160506,858,107,858,1.0,0.8752913752913754,66.0,8.23076923076923,22,8,0.36363636363636365,52,123,11,3,0.7368421052631579
RN_Ns_20_Norg_6_id_142.txt,True,20,34,21,8,2.625,5,1.984375,33,3.142857142857143,0.15714285714285714,1,2,20,1.65,1.3333333333333333,3,10.238095238095237,1.05,0.9523809523809523,0.047619047619047616,0.09523809523809523,33.90283727645874,1.7135369777679443,19.785296562797626,3990,309,3990,1.0,0.9225563909774436,190.0,14.714285714285714,78,13,0.16666666666666666,116,311,42,23,1.1818181818181819
RN_Ns_20_Norg_6_id_145.txt,True,20,30,7,6,1.1666666666666667,2,0.13888888888888887,6,1.7142857142857142,0.2857142857142857,1,2,6,1.0,3.142857142857143,12,10.857142857142858,0.35,0.8571428571428571,0.14285714285714285,0.2857142857142857,0.8554039001464844,0.018864154815673828,45.34546649478021,105,3,105,1.0,0.9714285714285714,15.0,0.42857142857142855,0,0,0.0,16,26,0,0,0.0
RN_Ns_20_Norg_6_id_146.txt,True,20,31,21,6,3.5,5,2.5833333333333335,30,2.857142857142857,0.14285714285714285,5,3,14,1.875,1.2380952380952381,3,8.380952380952381,1.05,0.6666666666666666,0.23809523809523808,0.14285714285714285,27.777389526367188,1.819305181503296,15.268130827514419,3990,191,3990,1.0,0.9521303258145364,190.0,9.095238095238095,95,14,0.14736842105263157,92,345,68,13,0.9878048780487805
RN_Ns_20_Norg_6_id_147.txt,True,20,31,19,10,1.9,6,2.2899999999999996,25,2.6315789473684212,0.14619883040935672,1,1,18,1.3888888888888888,1.2105263157894737,2,8.473684210526315,0.95,0.9473684210526315,0.05263157894736842,0.05263157894736842,22.32308268547058,0.5225896835327148,42.716271271499615,2907,106,2907,1.0,0.9635362917096664,153.0,5.578947368421052,33,10,0.30303030303030304,56,238,19,4,0.7931034482758621
RN_Ns_20_Norg_6_id_148.txt,True,20,33,7,5,1.4,2,0.24,7,2.0,0.3333333333333333,1,1,6,1.1666666666666667,2.857142857142857,6,12.571428571428571,0.35,0.8571428571428571,0.14285714285714285,0.14285714285714285,1.0046441555023193,0.05940413475036621,16.912024048900502,105,9,105,1.0,0.9142857142857143,15.0,1.2857142857142858,2,1,0.5,13,27,1,0,0.5
RN_Ns_20_Norg_6_id_150.txt,True,20,28,17,7,2.4285714285714284,5,1.6734693877551021,18,2.1176470588235294,0.1323529411764706,5,4,8,1.5,1.1764705882352942,3,7.0,0.85,0.47058823529411764,0.29411764705882354,0.23529411764705882,11.485315084457397,0.5361237525939941,21.42288049892692,2040,158,2040,1.0,0.9225490196078432,120.0,9.294117647058824,64,5,0.078125,70,221,40,19,1.3111111111111111
RN_Ns_20_Norg_6_id_153.txt,True,20,31,13,7,1.8571428571428572,3,0.6938775510204082,16,2.4615384615384617,0.20512820512820512,1,1,12,1.3333333333333333,1.6923076923076923,6,10.076923076923077,0.65,0.9230769230769231,0.07692307692307693,0.07692307692307693,7.09884786605835,0.2773139476776123,25.5985965563875,858,54,858,1.0,0.9370629370629371,66.0,4.153846153846154,10,2,0.2,47,108,8,0,0.8
RN_Ns_20_Norg_6_id_154.txt,True,20,32,14,7,2.0,4,1.7142857142857142,18,2.5714285714285716,0.1978021978021978,1,3,13,1.3846153846153846,1.6428571428571428,7,12.785714285714286,0.7,0.9285714285714286,0.07142857142857142,0.21428571428571427,11.78113079071045,0.5182785987854004,22.731270051126636,1092,93,1092,1.0,0.9148351648351648,78.0,6.642857142857143,12,3,0.25,57,132,9,0,0.75
RN_Ns_20_Norg_6_id_155.txt,True,20,33,14,7,2.0,4,1.7142857142857142,19,2.7142857142857144,0.2087912087912088,1,1,13,1.4615384615384615,1.5714285714285714,7,8.928571428571429,0.7,0.9285714285714286,0.07142857142857142,0.07142857142857142,11.85692024230957,1.4866721630096436,7.975477403374679,1092,102,1092,1.0,0.9065934065934066,78.0,7.285714285714286,27,4,0.14814814814814814,58,129,20,3,0.9583333333333334
RN_Ns_20_Norg_6_id_157.txt,True,20,36,6,4,1.5,3,0.75,6,2.0,0.4,1,2,5,1.2,3.3333333333333335,10,12.5,0.3,0.8333333333333334,0.16666666666666666,0.3333333333333333,0.8906240463256836,0.08848929405212402,10.064766092506824,60,10,60,1.0,0.8333333333333334,10.0,1.6666666666666667,2,1,0.5,17,21,1,0,0.5
RN_Ns_20_Norg_6_id_159.txt,True,19,30,7,4,1.75,3,0.6875,8,2.2857142857142856,0.38095238095238093,1,2,6,1.3333333333333333,2.2857142857142856,9,7.571428571428571,0.3684210526315789,0.8571428571428571,0.14285714285714285,0.2857142857142857,0.4631788730621338,0.04404497146606445,10.516044343881605,105,18,105,1.0,0.8285714285714285,15.0,2.5714285714285716,0,0,0.0,17,30,0,0,0.0
RN_Ns_20_Norg_6_id_161.txt,False,20,34,21,6,3.5,7,6.583333333333333,34,3.238095238095238,0.1619047619047619,5,1,12,2.125,1.2857142857142858,3,8.523809523809524,1.05,0.5714285714285714,0.23809523809523808,0.047619047619047616,22.642185926437378,1.545036792755127,14.654787531668795,3990,369,3990,1.0,0.9075187969924812,190.0,17.571428571428573,119,30,0.25210084033613445,112,339,64,28,1.010989010989011
RN_Ns_20_Norg_6_id_162.txt,True,20,32,14,5,2.8,6,2.96,17,2.4285714285714284,0.18681318681318682,6,3,7,2.125,1.5714285714285714,5,8.357142857142858,0.7,0.5,0.42857142857142855,0.21428571428571427,6.181809663772583,0.46399974822998047,13.322872883777046,1092,122,1092,1.0,0.8882783882783882,78.0,8.714285714285714,25,11,0.44,58,148,11,3,0.6363636363636364
RN_Ns_20_Norg_6_id_164.txt,True,19,34,9,5,1.8,5,2.560000000000001,12,2.6666666666666665,0.3333333333333333,1,1,8,1.5,2.3333333333333335,10,8.333333333333334,0.47368421052631576,0.8888888888888888,0.1111111111111111,0.1111111111111111,1.3253839015960693,0.049722909927368164,26.65539694945649,252,25,252,1.0,0.9007936507936508,28.0,2.7777777777777777,0,0,0.0,20,50,0,0,0.0
RN_Ns_20_Norg_6_id_166.txt,True,20,34,8,4,2.0,3,0.5,9,2.25,0.32142857142857145,1,4,7,1.2857142857142858,3.25,12,14.0,0.4,0.875,0.125,0.5,1.8992912769317627,0.16434884071350098,11.55646287911868,168,25,168,1.0,0.8511904761904762,21.0,3.125,4,1,0.25,26,41,3,0,0.75
RN_Ns_20_Norg_6_id_9.txt,True,20,34,17,7,2.4285714285714284,5,1.9591836734693875,23,2.7058823529411766,0.16911764705882354,1,2,16,1.4375,1.4705882352941178,6,9.411764705882353,0.85,0.9411764705882353,0.058823529411764705,0.11764705882352941,12.98775601387024,0.6068730354309082,21.40110905512275,2040,145,2040,1.0,0.928921568627451,120.0,8.529411764705882,25,5,0.2,65,190,17,3,0.9090909090909091
RN_Ns_20_Norg_7_id_133.txt,False,20,40,22,6,3.6666666666666665,9,7.88888888888889,25,2.272727272727273,0.10822510822510822,9,3,9,1.9230769230769231,1.4545454545454546,9,7.2272727272727275,1.1,0.4090909090909091,0.4090909090909091,0.13636363636363635,24.038938999176025,2.2352213859558105,10.754612115925445,4620,547,4620,1.0,0.8816017316017316,210.0,24.863636363636363,171,56,0.32748538011695905,144,387,86,30,0.8226950354609929
RN_Ns_20_Norg_7_id_134.txt,True,20,38,12,7,1.7142857142857142,4,1.0612244897959182,15,2.5,0.22727272727272727,1,1,11,1.3636363636363635,2.0833333333333335,9,8.666666666666666,0.6,0.9166666666666666,0.08333333333333333,0.08333333333333333,3.8669490814208984,0.09848308563232422,39.265108892482594,660,45,660,1.0,0.9318181818181819,55.0,3.75,4,2,0.5,31,86,2,0,0.5
RN_Ns_20_Norg_7_id_143.txt,True,20,32,12,8,1.5,3,0.75,14,2.3333333333333335,0.21212121212121213,1,2,11,1.2727272727272727,1.6666666666666667,5,10.416666666666666,0.6,0.9166666666666666,0.08333333333333333,0.16666666666666666,4.584990978240967,0.2864394187927246,16.00684360262158,660,61,660,1.0,0.9075757575757576,55.0,5.083333333333333,18,3,0.16666666666666666,56,90,10,5,1.1538461538461537
RN_Ns_20_Norg_7_id_144.txt,True,20,32,12,6,2.0,5,2.3333333333333335,17,2.8333333333333335,0.25757575757575757,1,1,11,1.5454545454545454,1.8333333333333333,7,9.833333333333334,0.6,0.9166666666666666,0.08333333333333333,0.08333333333333333,3.980942964553833,0.3089756965637207,12.884323941423123,660,78,660,1.0,0.8818181818181818,55.0,6.5,13,4,0.3076923076923077,48,97,9,0,0.6923076923076923
RN_Ns_20_Norg_7_id_156.txt,True,20,38,12,9,1.3333333333333333,4,0.8888888888888891,14,2.3333333333333335,0.21212121212121213,1,1,11,1.2727272727272727,1.8333333333333333,5,12.083333333333334,0.6,0.9166666666666666,0.08333333333333333,0.08333333333333333,4.996969223022461,0.09813618659973145,50.91872219779259,660,16,660,1.0,0.9757575757575757,55.0,1.3333333333333333,4,2,0.5,28,76,2,0,0.5
RN_Ns_20_Norg_7_id_158.txt,True,20,35,12,5,2.4,5,2.2399999999999998,12,2.0,0.18181818181818182,5,3,7,1.7142857142857142,2.0833333333333335,11,9.5,0.6,0.5833333333333334,0.4166666666666667,0.25,4.086809158325195,0.2782468795776367,14.68770885958809,660,91,660,1.0,0.8621212121212121,55.0,7.583333333333333,13,4,0.3076923076923077,55,103,9,0,0.6923076923076923
RN_Ns_20_Norg_7_id_160.txt,True,20,30,10,6,1.6666666666666667,3,0.5555555555555556,12,2.4,0.26666666666666666,1,2,9,1.3333333333333333,2.0,6,11.9,0.5,0.9,0.1,0.2,2.6454033851623535,0.07375717163085938,35.866388673390226,360,18,360,1.0,0.95,36.0,1.8,3,1,0.3333333333333333,30,57,2,0,0.6666666666666666
RN_Ns_20_Norg_8_id_138.txt,True,20,30,13,5,2.6,4,1.04,16,2.4615384615384617,0.20512820512820512,1,3,12,1.3333333333333333,1.6923076923076923,6,11.615384615384615,0.65,0.9230769230769231,0.07692307692307693,0.23076923076923078,6.2779929637908936,0.6280920505523682,9.995338992540642,858,193,858,1.0,0.7750582750582751,66.0,14.846153846153847,4,1,0.25,79,121,3,0,0.75
RN_Ns_20_Norg_8_id_140.txt,True,20,39,4,2,2.0,3,1.0,3,1.5,0.5,1,3,3,1.0,5.0,16,17.75,0.2,0.75,0.25,0.75,0.1443498134613037,0.030566692352294922,4.722454487309486,12,3,12,1.0,0.75,3.0,0.75,0,0,0.0,9,9,0,0,0.0
RN_Ns_20_Norg_8_id_149.txt,True,20,32,15,9,1.6666666666666667,4,0.8888888888888887,19,2.533333333333333,0.18095238095238095,1,2,14,1.3571428571428572,1.5333333333333334,4,9.6,0.75,0.9333333333333333,0.06666666666666667,0.13333333333333333,9.164792776107788,0.49518728256225586,18.507730506902856,1365,108,1365,1.0,0.9208791208791209,91.0,7.2,14,3,0.21428571428571427,67,142,11,0,0.7857142857142857
RN_Ns_20_Norg_8_id_15.txt,True,20,38,16,9,1.7777777777777777,4,1.0617283950617287,22,2.75,0.18333333333333332,1,2,15,1.4666666666666666,1.9375,5,8.5625,0.8,0.9375,0.0625,0.125,11.564182758331299,0.33025479316711426,35.015942228822205,1680,87,1680,1.0,0.9482142857142857,105.0,5.4375,11,3,0.2727272727272727,55,162,8,0,0.7272727272727273
RN_Ns_20_Norg_8_id_151.txt,True,20,32,7,4,1.75,4,1.6875,7,2.0,0.3333333333333333,1,3,6,1.1666666666666667,2.4285714285714284,9,15.428571428571429,0.35,0.8571428571428571,0.14285714285714285,0.42857142857142855,0.7546713352203369,0.07519984245300293,10.035544099603374,105,17,105,1.0,0.8380952380952381,15.0,2.4285714285714284,0,0,0.0,17,32,0,0,0.0
RN_Ns_20_Norg_8_id_152.txt,True,20,29,13,5,2.6,6,3.44,19,2.923076923076923,0.24358974358974358,1,2,12,1.5833333333333333,1.6153846153846154,8,14.23076923076923,0.65,0.9230769230769231,0.07692307692307693,0.15384615384615385,7.331307888031006,0.3943500518798828,18.590863252286546,858,85,858,1.0,0.9009324009324009,66.0,6.538461538461538,18,4,0.2222222222222222,47,120,9,5,1.0769230769230769
RN_Ns_20_Norg_8_id_163.txt,True,20,33,15,6,2.5,4,0.9166666666666666,19,2.533333333333333,0.18095238095238095,1,4,14,1.3571428571428572,1.7333333333333334,7,9.4,0.75,0.9333333333333333,0.06666666666666667,0.26666666666666666,8.590513944625854,0.5483293533325195,15.666704495056221,1365,113,1365,1.0,0.9172161172161172,91.0,7.533333333333333,27,5,0.18518518518518517,73,151,20,2,0.88
RN_Ns_20_Norg_8_id_165.txt,True,20,33,11,6,1.8333333333333333,4,1.4722222222222225,14,2.5454545454545454,0.2545454545454545,1,1,10,1.4,1.8181818181818181,7,13.272727272727273,0.55,0.9090909090909091,0.09090909090909091,0.09090909090909091,3.5507314205169678,0.13940715789794922,25.47022315106821,495,39,495,1.0,0.9212121212121213,45.0,3.5454545454545454,3,2,0.6666666666666666,26,79,1,0,0.3333333333333333
RN_Ns_20_Norg_9_id_4.txt,True,20,36,13,5,2.6,5,1.8399999999999999,14,2.1538461538461537,0.1794871794871795,5,2,6,1.75,2.1538461538461537,12,8.23076923076923,0.65,0.46153846153846156,0.38461538461538464,0.15384615384615385,6.582123041152954,0.5285940170288086,12.452133072089286,858,84,858,1.0,0.9020979020979021,66.0,6.461538461538462,29,7,0.2413793103448276,47,121,12,10,1.1578947368421053
RN_Ns_25_Norg_12_id_123.txt,True,24,36,15,6,2.5,5,2.25,19,2.533333333333333,0.18095238095238095,1,2,14,1.3571428571428572,1.6666666666666667,8,12.066666666666666,0.625,0.9333333333333333,0.06666666666666667,0.13333333333333333,10.343133687973022,0.8263287544250488,12.516971765274791,1365,192,1365,1.0,0.8593406593406594,91.0,12.8,49,5,0.10204081632653061,83,162,22,22,1.6296296296296295
RN_Ns_25_Norg_12_id_193.txt,True,25,37,15,5,3.0,6,2.8,18,2.4,0.17142857142857143,1,7,14,1.2857142857142858,1.6,6,14.0,0.6,0.9333333333333333,0.06666666666666667,0.4666666666666667,12.288736820220947,1.2276742458343506,10.00976998737095,1365,271,1365,1.0,0.8014652014652015,91.0,18.066666666666666,32,8,0.25,79,177,17,7,0.96
RN_Ns_25_Norg_14_id_206.txt,False,25,37,26,8,3.25,9,7.4375,31,2.3846153846153846,0.09538461538461539,9,4,10,1.8235294117647058,1.2307692307692308,4,8.26923076923077,1.04,0.38461538461538464,0.34615384615384615,0.15384615384615385,45.99811029434204,4.443367004394531,10.35208441005424,7800,858,7800,1.0,0.89,300.0,33.0,174,27,0.15517241379310345,175,554,96,52,1.2131147540983607
RN_Ns_25_Norg_17_id_174.txt,True,25,36,22,9,2.4444444444444446,7,4.024691358024691,30,2.727272727272727,0.12987012987012986,1,4,21,1.4285714285714286,1.3181818181818181,4,10.090909090909092,0.88,0.9545454545454546,0.045454545454545456,0.18181818181818182,40.77945685386658,1.934807538986206,21.076751062916603,4620,392,4620,1.0,0.9151515151515152,210.0,17.818181818181817,136,21,0.15441176470588236,130,365,64,51,1.3529411764705883
RN_Ns_25_Norg_6_id_172.txt,True,25,40,13,9,1.4444444444444444,3,0.46913580246913583,15,2.3076923076923075,0.19230769230769232,1,1,12,1.25,2.076923076923077,8,16.923076923076923,0.52,0.9230769230769231,0.07692307692307693,0.07692307692307693,12.056911945343018,0.37045884132385254,32.54588796492766,858,62,858,1.0,0.9277389277389277,66.0,4.769230769230769,5,2,0.4,50,102,3,0,0.6
RN_Ns_25_Norg_6_id_176.txt,True,25,40,11,7,1.5714285714285714,4,1.102040816326531,12,2.1818181818181817,0.21818181818181817,1,2,10,1.2,2.3636363636363638,11,16.09090909090909,0.44,0.9090909090909091,0.09090909090909091,0.18181818181818182,7.195695161819458,0.31745195388793945,22.667036928553724,495,46,495,1.0,0.907070707070707,45.0,4.181818181818182,0,0,0.0,36,74,0,0,0.0
RN_Ns_25_Norg_6_id_177.txt,True,25,38,15,6,2.5,4,1.5833333333333333,16,2.1333333333333333,0.1523809523809524,4,5,9,1.4545454545454546,1.4666666666666666,7,11.4,0.6,0.6,0.26666666666666666,0.3333333333333333,12.499265193939209,0.5579702854156494,22.401309748292633,1365,88,1365,1.0,0.9355311355311355,91.0,5.866666666666666,24,8,0.3333333333333333,50,165,16,0,0.6666666666666666
RN_Ns_25_Norg_6_id_178.txt,True,25,40,18,7,2.5714285714285716,5,1.6734693877551021,25,2.7777777777777777,0.16339869281045752,1,4,17,1.4705882352941178,1.7222222222222223,7,11.055555555555555,0.72,0.9444444444444444,0.05555555555555555,0.2222222222222222,22.167976140975952,2.5840983390808105,8.578611659516534,2448,387,2448,1.0,0.8419117647058824,136.0,21.5,52,4,0.07692307692307693,133,237,36,12,1.2
RN_Ns_25_Norg_6_id_179.txt,True,24,36,18,8,2.25,6,2.4375,23,2.5555555555555554,0.1503267973856209,3,3,12,1.5333333333333334,1.3888888888888888,5,10.666666666666666,0.75,0.6666666666666666,0.16666666666666666,0.16666666666666666,22.45684289932251,1.069561243057251,20.99631325003093,2448,116,2448,1.0,0.9526143790849673,136.0,6.444444444444445,48,5,0.10416666666666667,66,225,33,10,1.131578947368421
RN_Ns_25_Norg_6_id_183.txt,True,25,39,13,6,2.1666666666666665,5,2.138888888888889,19,2.923076923076923,0.24358974358974358,1,2,12,1.5833333333333333,2.0,13,9.846153846153847,0.52,0.9230769230769231,0.07692307692307693,0.15384615384615385,6.244395971298218,0.2122800350189209,29.41584200672307,858,72,858,1.0,0.916083916083916,66.0,5.538461538461538,7,2,0.2857142857142857,39,114,5,0,0.7142857142857143
RN_Ns_25_Norg_6_id_184.txt,True,24,35,12,6,2.0,3,1.0,13,2.1666666666666665,0.19696969696969696,1,3,11,1.1818181818181819,2.0,9,13.416666666666666,0.5,0.9166666666666666,0.08333333333333333,0.25,10.472971677780151,0.4066319465637207,25.755407970974556,660,65,660,1.0,0.9015151515151515,55.0,5.416666666666667,7,3,0.42857142857142855,47,100,4,0,0.5714285714285714
RN_Ns_25_Norg_6_id_185.txt,True,24,35,15,6,2.5,6,2.9166666666666665,18,2.4,0.17142857142857143,1,5,14,1.2857142857142858,1.8,10,9.0,0.625,0.9333333333333333,0.06666666666666667,0.3333333333333333,9.385793685913086,0.9521448612213135,9.857527008940588,1365,186,1365,1.0,0.8637362637362638,91.0,12.4,29,7,0.2413793103448276,63,164,22,0,0.7586206896551724
RN_Ns_25_Norg_6_id_186.txt,True,24,37,16,5,3.2,7,4.5600000000000005,22,2.75,0.18333333333333332,1,4,15,1.4666666666666666,1.5625,8,9.5,0.6666666666666666,0.9375,0.0625,0.25,12.188850164413452,0.8707776069641113,13.99766147743371,1680,193,1680,1.0,0.8851190476190476,105.0,12.0625,40,10,0.25,85,191,24,6,0.8823529411764706
RN_Ns_25_Norg_6_id_188.txt,True,25,35,24,6,4.0,7,3.6666666666666665,37,3.0833333333333335,0.13405797101449277,1,6,23,1.608695652173913,1.3333333333333333,5,9.75,0.96,0.9583333333333334,0.041666666666666664,0.25,38.10176944732666,2.6494624614715576,14.380943305067351,6072,583,6072,1.0,0.9039855072463768,253.0,24.291666666666668,137,11,0.08029197080291971,164,465,109,17,1.05
RN_Ns_25_Norg_6_id_191.txt,True,24,35,19,9,2.111111111111111,4,1.8765432098765433,23,2.4210526315789473,0.13450292397660818,1,5,18,1.2777777777777777,1.263157894736842,4,11.473684210526315,0.7916666666666666,0.9473684210526315,0.05263157894736842,0.2631578947368421,24.903105974197388,0.9381797313690186,26.54406734822342,2907,161,2907,1.0,0.9446164430684555,153.0,8.473684210526315,16,4,0.25,70,248,12,0,0.75
RN_Ns_25_Norg_6_id_192.txt,True,25,42,17,7,2.4285714285714284,4,1.3877551020408163,22,2.588235294117647,0.16176470588235295,1,5,16,1.375,1.7647058823529411,12,10.411764705882353,0.68,0.9411764705882353,0.058823529411764705,0.29411764705882354,16.826542377471924,0.8663954734802246,19.421318430810093,2040,203,2040,1.0,0.9004901960784314,120.0,11.941176470588236,15,5,0.3333333333333333,90,190,9,1,0.7142857142857143
RN_Ns_25_Norg_6_id_194.txt,False,25,41,24,6,4.0,8,8.333333333333334,38,3.1666666666666665,0.13768115942028986,1,4,23,1.6521739130434783,1.4583333333333333,6,10.375,0.96,0.9583333333333334,0.041666666666666664,0.16666666666666666,59.64052486419678,5.396650552749634,11.05139646920616,6072,675,6072,1.0,0.8888339920948617,253.0,28.125,237,33,0.13924050632911392,176,438,117,88,1.3758389261744965
RN_Ns_25_Norg_6_id_195.txt,True,25,40,12,5,2.4,4,1.0400000000000003,15,2.5,0.22727272727272727,1,3,11,1.3636363636363635,2.5,14,18.833333333333332,0.48,0.9166666666666666,0.08333333333333333,0.25,10.127919435501099,0.7901575565338135,12.817594860358323,660,93,660,1.0,0.8590909090909091,55.0,7.75,12,4,0.3333333333333333,55,100,7,1,0.7272727272727273
RN_Ns_25_Norg_6_id_198.txt,True,25,38,16,5,3.2,5,0.96,22,2.75,0.18333333333333332,3,4,11,1.6923076923076923,1.75,8,10.75,0.64,0.6875,0.1875,0.25,14.142030715942383,1.1924176216125488,11.859964545657762,1680,177,1680,1.0,0.8946428571428572,105.0,11.0625,71,7,0.09859154929577464,80,195,38,26,1.4222222222222223
RN_Ns_25_Norg_6_id_200.txt,True,25,36,13,5,2.6,5,2.24,15,2.3076923076923075,0.19230769230769232,1,6,12,1.25,1.7692307692307692,10,11.538461538461538,0.52,0.9230769230769231,0.07692307692307693,0.46153846153846156,7.750786781311035,0.6085343360900879,12.736810926908161,858,105,858,1.0,0.8776223776223776,66.0,8.076923076923077,27,2,0.07407407407407407,52,120,16,9,1.3888888888888888
RN_Ns_25_Norg_6_id_201.txt,True,25,37,27,7,3.857142857142857,6,3.2653061224489797,41,3.037037037037037,0.1168091168091168,6,4,15,1.9523809523809523,1.1481481481481481,3,9.777777777777779,1.08,0.5555555555555556,0.2222222222222222,0.14814814814814814,70.36812329292297,5.073501825332642,13.869734498086896,8775,884,8775,1.0,0.8992592592592592,325.0,32.74074074074074,188,14,0.07446808510638298,192,586,151,23,1.0545454545454545
RN_Ns_25_Norg_6_id_202.txt,True,25,42,10,8,1.25,2,0.1875,11,2.2,0.24444444444444444,1,1,9,1.2222222222222223,3.6,14,18.7,0.4,0.9,0.1,0.1,5.716185092926025,0.1986246109008789,28.778835950891377,360,31,360,1.0,0.9138888888888889,36.0,3.1,0,0,0.0,43,54,0,0,0.0
RN_Ns_25_Norg_6_id_204.txt,True,25,35,15,8,1.875,4,1.359375,17,2.2666666666666666,0.1619047619047619,1,4,14,1.2142857142857142,1.7333333333333334,9,8.333333333333334,0.6,0.9333333333333333,0.06666666666666667,0.26666666666666666,8.195324659347534,0.31247973442077637,26.226739710140503,1365,96,1365,1.0,0.9296703296703297,91.0,6.4,6,2,0.3333333333333333,38,163,4,0,0.6666666666666666
RN_Ns_25_Norg_6_id_207.txt,True,25,39,9,4,2.25,4,1.6875,9,2.0,0.25,1,4,8,1.125,2.6666666666666665,16,19.444444444444443,0.36,0.8888888888888888,0.1111111111111111,0.4444444444444444,3.571173667907715,0.4140346050262451,8.625302389111516,252,71,252,1.0,0.7182539682539683,28.0,7.888888888888889,1,1,1.0,40,58,0,0,0.0
RN_Ns_25_Norg_6_id_209.txt,True,25,40,15,9,1.6666666666666667,4,1.1111111111111112,18,2.4,0.17142857142857143,1,4,14,1.2857142857142858,1.9333333333333333,7,16.733333333333334,0.6,0.9333333333333333,0.06666666666666667,0.26666666666666666,18.418569564819336,0.8184316158294678,22.50471414908917,1365,119,1365,1.0,0.9128205128205128,91.0,7.933333333333334,9,2,0.2222222222222222,76,141,5,2,1.0
RN_Ns_25_Norg_6_id_210.txt,True,25,37,26,9,2.888888888888889,7,4.765432098765432,37,2.8461538461538463,0.11384615384615385,1,3,25,1.48,1.2307692307692308,3,9.538461538461538,1.04,0.9615384615384616,0.038461538461538464,0.11538461538461539,59.892608404159546,3.2889089584350586,18.2104792686806,7800,709,7800,1.0,0.9091025641025641,300.0,27.26923076923077,153,19,0.12418300653594772,160,529,110,24,1.0387596899224807
RN_Ns_25_Norg_6_id_211.txt,True,24,38,16,6,2.6666666666666665,5,2.2222222222222223,22,2.75,0.18333333333333332,1,3,15,1.4666666666666666,1.6875,7,13.0,0.6666666666666666,0.9375,0.0625,0.1875,15.221003532409668,1.3866722583770752,10.976640976595242,1680,338,1680,1.0,0.7988095238095239,105.0,21.125,12,2,0.16666666666666666,105,191,10,0,0.8333333333333334
RN_Ns_25_Norg_7_id_114.txt,True,25,38,11,5,2.2,3,0.5599999999999999,13,2.3636363636363638,0.23636363636363636,3,3,8,1.625,2.5454545454545454,12,14.454545454545455,0.44,0.7272727272727273,0.2727272727272727,0.2727272727272727,5.370622873306274,0.25658750534057617,20.93096024367082,495,42,495,1.0,0.9151515151515152,45.0,3.8181818181818183,6,1,0.16666666666666666,45,77,5,0,0.8333333333333334
RN_Ns_25_Norg_7_id_117.txt,True,25,44,20,9,2.2222222222222223,5,1.950617283950617,27,2.7,0.14210526315789473,4,2,15,1.6875,1.5,5,12.9,0.8,0.75,0.2,0.1,30.942037105560303,1.2951936721801758,23.889892122060896,3420,206,3420,1.0,0.939766081871345,171.0,10.3,40,5,0.125,83,274,28,7,1.0606060606060606
RN_Ns_25_Norg_7_id_131.txt,True,24,42,12,6,2.0,4,1.3333333333333333,15,2.5,0.22727272727272727,1,2,11,1.3636363636363635,2.0,8,13.5,0.5,0.9166666666666666,0.08333333333333333,0.16666666666666666,7.219609975814819,0.4550454616546631,15.865689440264822,660,101,660,1.0,0.8469696969696969,55.0,8.416666666666666,1,1,1.0,56,90,0,0,0.0
RN_Ns_25_Norg_7_id_169.txt,True,25,37,12,4,3.0,5,2.5,14,2.3333333333333335,0.21212121212121213,1,6,11,1.2727272727272727,2.0833333333333335,11,12.166666666666666,0.48,0.9166666666666666,0.08333333333333333,0.5,5.534038782119751,0.34856343269348145,15.876704964018,660,63,660,1.0,0.9045454545454545,55.0,5.25,15,4,0.26666666666666666,42,104,11,0,0.7333333333333333
RN_Ns_25_Norg_7_id_182.txt,True,25,40,20,9,2.2222222222222223,5,1.728395061728395,28,2.8,0.14736842105263157,1,3,19,1.4736842105263157,1.55,6,13.55,0.8,0.95,0.05,0.15,37.75124955177307,2.109261989593506,17.89784755901681,3420,225,3420,1.0,0.9342105263157895,171.0,11.25,100,9,0.09,111,270,59,32,1.338235294117647
RN_Ns_25_Norg_7_id_190.txt,True,25,38,19,5,3.8,5,0.96,23,2.4210526315789473,0.13450292397660818,4,6,13,1.5333333333333334,1.6842105263157894,8,10.105263157894736,0.76,0.6842105263157895,0.21052631578947367,0.3157894736842105,20.294823169708252,1.1278085708618164,17.994918370056308,2907,253,2907,1.0,0.91296869625043,153.0,13.31578947368421,41,5,0.12195121951219512,86,274,36,0,0.8780487804878049
RN_Ns_25_Norg_7_id_197.txt,True,25,37,10,4,2.5,5,2.75,14,2.8,0.3111111111111111,1,1,9,1.5555555555555556,2.5,10,14.0,0.4,0.9,0.1,0.1,3.5717737674713135,0.26770734786987305,13.342083420166256,360,44,360,1.0,0.8777777777777778,36.0,4.4,5,2,0.4,30,67,2,1,0.75
RN_Ns_25_Norg_7_id_199.txt,False,25,39,16,9,1.7777777777777777,4,1.0617283950617284,19,2.375,0.15833333333333333,1,3,15,1.2666666666666666,1.9375,9,12.6875,0.64,0.9375,0.0625,0.1875,19.88046908378601,0.6432754993438721,30.90506183441416,1680,74,1680,1.0,0.955952380952381,105.0,4.625,14,4,0.2857142857142857,61,153,9,2,0.9166666666666666
RN_Ns_25_Norg_7_id_208.txt,True,25,37,22,9,2.4444444444444446,5,1.5802469135802468,31,2.8181818181818183,0.1341991341991342,1,4,21,1.4761904761904763,1.3636363636363635,6,11.681818181818182,0.88,0.9545454545454546,0.045454545454545456,0.18181818181818182,40.3866662979126,2.9951014518737793,13.48423983189154,4620,387,4620,1.0,0.9162337662337663,210.0,17.59090909090909,95,8,0.08421052631578947,140,342,63,24,1.2253521126760563
RN_Ns_25_Norg_8_id_116.txt,True,25,36,8,5,1.6,4,1.44,10,2.5,0.35714285714285715,1,1,7,1.4285714285714286,3.25,14,10.625,0.32,0.875,0.125,0.125,1.3959393501281738,0.17514848709106445,7.970033731449744,168,33,168,1.0,0.8035714285714286,21.0,4.125,3,3,1.0,28,40,0,0,0.0
RN_Ns_25_Norg_8_id_171.txt,True,25,37,7,3,2.3333333333333335,4,1.5555555555555556,7,2.0,0.3333333333333333,1,3,6,1.1666666666666667,3.0,11,19.428571428571427,0.28,0.8571428571428571,0.14285714285714285,0.42857142857142855,1.7723031044006348,0.17328596115112305,10.227620821833371,105,21,105,1.0,0.8,15.0,3.0,1,1,1.0,19,33,0,0,0.0
RN_Ns_25_Norg_8_id_173.txt,True,25,37,6,4,1.5,3,0.75,6,2.0,0.4,1,2,5,1.2,3.6666666666666665,9,18.5,0.24,0.8333333333333334,0.16666666666666666,0.3333333333333333,0.6490437984466553,0.03451347351074219,18.80551948051948,60,5,60,1.0,0.9166666666666666,10.0,0.8333333333333334,0,0,0.0,13,20,0,0,0.0
RN_Ns_25_Norg_8_id_175.txt,True,25,37,24,5,4.8,8,7.760000000000001,39,3.25,0.14130434782608695,1,8,23,1.6956521739130435,1.1666666666666667,3,8.583333333333334,0.96,0.9583333333333334,0.041666666666666664,0.3333333333333333,34.37981462478638,3.0383801460266113,11.31517880333242,6072,762,6072,1.0,0.8745059288537549,253.0,31.75,136,18,0.1323529411764706,166,479,103,15,0.9752066115702479
RN_Ns_25_Norg_8_id_180.txt,True,25,36,19,7,2.7142857142857144,6,2.7755102040816326,25,2.6315789473684212,0.14619883040935672,1,3,18,1.3888888888888888,1.4210526315789473,4,12.631578947368421,0.76,0.9473684210526315,0.05263157894736842,0.15789473684210525,31.535545349121094,1.4061987400054932,22.42609415863785,2907,215,2907,1.0,0.9260405916752666,153.0,11.31578947368421,40,7,0.175,92,248,26,7,1.0
RN_Ns_25_Norg_8_id_181.txt,True,24,38,12,4,3.0,8,8.5,15,2.5,0.22727272727272727,1,5,11,1.3636363636363635,2.1666666666666665,10,15.833333333333334,0.5,0.9166666666666666,0.08333333333333333,0.4166666666666667,8.023202896118164,0.890303373336792,9.011762884877978,660,153,660,1.0,0.7681818181818182,55.0,12.75,3,2,0.6666666666666666,54,112,1,0,0.3333333333333333
RN_Ns_25_Norg_8_id_187.txt,True,25,42,21,8,2.625,5,1.984375,36,3.4285714285714284,0.17142857142857143,1,2,20,1.8,1.380952380952381,3,12.19047619047619,0.84,0.9523809523809523,0.047619047619047616,0.09523809523809523,34.391146659851074,1.082637071609497,31.766090005327126,3990,202,3990,1.0,0.9493734335839599,190.0,9.619047619047619,55,9,0.16363636363636364,82,315,37,9,1.0
RN_Ns_25_Norg_8_id_189.txt,True,25,43,8,3,2.6666666666666665,4,1.5555555555555554,8,2.0,0.2857142857142857,1,5,7,1.1428571428571428,3.25,17,20.25,0.32,0.875,0.125,0.625,2.57039213180542,0.32898950576782227,7.812991255774045,168,46,168,1.0,0.7261904761904762,21.0,5.75,3,1,0.3333333333333333,31,45,2,0,0.6666666666666666
RN_Ns_25_Norg_8_id_196.txt,True,25,39,7,3,2.3333333333333335,5,3.555555555555556,7,2.0,0.3333333333333333,1,4,6,1.1666666666666667,3.2857142857142856,11,14.142857142857142,0.28,0.8571428571428571,0.14285714285714285,0.5714285714285714,1.0210084915161133,0.18206119537353516,5.6080511249050575,105,40,105,1.0,0.6190476190476191,15.0,5.714285714285714,0,0,0.0,29,34,0,0,0.0
RN_Ns_25_Norg_8_id_203.txt,True,24,35,13,5,2.6,5,2.24,15,2.3076923076923075,0.19230769230769232,1,5,12,1.25,1.8461538461538463,9,10.384615384615385,0.5416666666666666,0.9230769230769231,0.07692307692307693,0.38461538461538464,7.665978193283081,0.7620241641998291,10.060019817524838,858,99,858,1.0,0.8846153846153846,66.0,7.615384615384615,11,3,0.2727272727272727,53,117,8,0,0.7272727272727273
RN_Ns_25_Norg_8_id_205.txt,True,24,40,22,7,3.142857142857143,6,3.5510204081632653,28,2.5454545454545454,0.12121212121212122,1,8,21,1.3333333333333333,1.5,6,10.590909090909092,0.9166666666666666,0.9545454545454546,0.045454545454545456,0.36363636363636365,37.8439040184021,2.3123793601989746,16.36578524690937,4620,573,4620,1.0,0.875974025974026,210.0,26.045454545454547,93,11,0.11827956989247312,136,395,67,15,1.0512820512820513
RN_Ns_25_Norg_8_id_212.txt,True,24,36,24,10,2.4,4,1.64,33,2.75,0.11956521739130435,1,6,23,1.434782608695652,1.2083333333333333,2,11.0,1.0,0.9583333333333334,0.041666666666666664,0.25,73.7821946144104,4.621662855148315,15.96442599273993,6072,731,6072,1.0,0.8796113306982872,253.0,30.458333333333332,125,8,0.064,190,433,91,26,1.1818181818181819
RN_Ns_25_Norg_9_id_120.txt,True,24,36,16,6,2.6666666666666665,6,3.222222222222222,23,2.875,0.19166666666666668,1,3,15,1.5333333333333334,1.75,4,11.0,0.6666666666666666,0.9375,0.0625,0.1875,16.287802696228027,1.204380750656128,13.523798588905283,1680,224,1680,1.0,0.8666666666666667,105.0,14.0,29,5,0.1724137931034483,92,181,22,2,0.8888888888888888
RN_Ns_25_Norg_9_id_130.txt,True,25,36,14,5,2.8,4,1.3599999999999999,15,2.142857142857143,0.16483516483516483,4,4,7,1.5,2.0714285714285716,9,11.142857142857142,0.56,0.5,0.2857142857142857,0.2857142857142857,9.937507390975952,0.6480340957641602,15.33485268125849,1092,88,1092,1.0,0.9194139194139194,78.0,6.285714285714286,29,4,0.13793103448275862,49,139,21,4,1.0
RN_Ns_30_Norg_10_id_1.txt,True,30,42,30,5,6.0,11,12.8,45,3.0,0.10344827586206896,1,15,29,1.5517241379310345,1.1666666666666667,3,9.433333333333334,1.0,0.9666666666666667,0.03333333333333333,0.5,75.64523959159851,5.5348639488220215,13.667045891470918,12180,1795,12180,1.0,0.8526272577996716,406.0,59.833333333333336,240,25,0.10416666666666667,276,787,206,9,0.9307359307359307
RN_Ns_30_Norg_10_id_245.txt,True,30,45,21,7,3.0,8,8.285714285714286,32,3.0476190476190474,0.1523809523809524,1,4,20,1.6,1.6666666666666667,5,12.380952380952381,0.7,0.9523809523809523,0.047619047619047616,0.19047619047619047,47.215317249298096,4.437209606170654,10.640767833829079,3990,756,3990,1.0,0.8105263157894737,190.0,36.0,50,6,0.12,162,350,35,9,1.0731707317073171
RN_Ns_30_Norg_10_id_282.txt,True,30,48,21,9,2.3333333333333335,5,1.5555555555555558,27,2.5714285714285716,0.12857142857142856,1,7,20,1.35,1.5238095238095237,7,16.142857142857142,0.7,0.9523809523809523,0.047619047619047616,0.3333333333333333,57.07119965553284,3.0358712673187256,18.798952468738236,3990,352,3990,1.0,0.9117794486215539,190.0,16.761904761904763,53,4,0.07547169811320754,109,333,49,0,0.9245283018867925
RN_Ns_30_Norg_10_id_287.txt,True,30,43,23,5,4.6,12,16.639999999999997,33,2.869565217391304,0.13043478260869565,1,11,22,1.5,1.434782608695652,6,11.826086956521738,0.7666666666666667,0.9565217391304348,0.043478260869565216,0.4782608695652174,50.94633626937866,3.17626690864563,16.039689904744918,5313,610,5313,1.0,0.8851872764916243,231.0,26.52173913043478,167,17,0.10179640718562874,160,446,150,0,0.8982035928143712
RN_Ns_30_Norg_11_id_226.txt,True,29,44,29,8,3.625,6,3.484375,41,2.8275862068965516,0.10098522167487685,1,9,28,1.4642857142857142,1.3103448275862069,3,10.931034482758621,1.0,0.9655172413793104,0.034482758620689655,0.3103448275862069,105.91464734077454,6.158623218536377,17.197780020376957,10962,859,10962,1.0,0.9216383871556285,378.0,29.620689655172413,184,18,0.09782608695652174,199,664,130,36,1.1216216216216217
RN_Ns_30_Norg_11_id_262.txt,True,30,43,34,7,4.857142857142857,8,6.693877551020408,53,3.1176470588235294,0.0944741532976827,1,10,33,1.606060606060606,1.0588235294117647,2,9.794117647058824,1.1333333333333333,0.9705882352941176,0.029411764705882353,0.29411764705882354,131.60051798820496,7.93971586227417,16.574965687816274,17952,1600,17952,1.0,0.910873440285205,528.0,47.05882352941177,324,21,0.06481481481481481,270,971,274,29,1.0271186440677966
RN_Ns_30_Norg_11_id_276.txt,True,30,43,16,6,2.6666666666666665,6,5.555555555555556,22,2.75,0.18333333333333332,1,3,15,1.4666666666666666,1.8125,8,15.75,0.5333333333333333,0.9375,0.0625,0.1875,21.229527711868286,1.293503999710083,16.412417523739027,1680,204,1680,1.0,0.8785714285714286,105.0,12.75,20,5,0.25,74,184,15,0,0.75
RN_Ns_30_Norg_12_id_233.txt,True,29,42,20,6,3.3333333333333335,6,2.888888888888889,28,2.8,0.14736842105263157,1,5,19,1.4736842105263157,1.7,7,14.8,0.6896551724137931,0.95,0.05,0.25,47.9732620716095,3.919553518295288,12.23947111518821,3420,529,3420,1.0,0.8453216374269006,171.0,26.45,92,10,0.10869565217391304,148,315,59,23,1.1884057971014492
RN_Ns_30_Norg_12_id_247.txt,True,29,43,18,10,1.8,8,4.360000000000001,24,2.6666666666666665,0.1568627450980392,1,2,17,1.411764705882353,1.3888888888888888,4,17.61111111111111,0.6206896551724138,0.9444444444444444,0.05555555555555555,0.1111111111111111,29.118942499160767,2.8087332248687744,10.367286661951036,2448,165,2448,1.0,0.9325980392156863,136.0,9.166666666666666,21,4,0.19047619047619047,67,214,9,8,1.3076923076923077
RN_Ns_30_Norg_12_id_254.txt,True,30,44,21,9,2.3333333333333335,5,2.0,29,2.761904761904762,0.1380952380952381,1,4,20,1.45,1.5238095238095237,6,15.952380952380953,0.7,0.9523809523809523,0.047619047619047616,0.19047619047619047,52.34800410270691,4.186492919921875,12.504023081850521,3990,471,3990,1.0,0.8819548872180452,190.0,22.428571428571427,33,4,0.12121212121212122,135,327,26,3,0.9666666666666667
RN_Ns_30_Norg_12_id_293.txt,True,30,42,27,6,4.5,7,2.25,37,2.740740740740741,0.10541310541310542,7,4,14,1.85,1.2962962962962963,9,10.777777777777779,0.9,0.5185185185185185,0.25925925925925924,0.14814814814814814,83.14567589759827,5.145224571228027,16.159775875002016,8775,956,8775,1.0,0.8910541310541311,325.0,35.407407407407405,215,18,0.08372093023255814,221,579,127,70,1.3586206896551725
RN_Ns_30_Norg_14_id_257.txt,True,30,45,18,8,2.25,5,2.9375,24,2.6666666666666665,0.1568627450980392,1,3,17,1.411764705882353,1.6666666666666667,8,19.055555555555557,0.6,0.9444444444444444,0.05555555555555555,0.16666666666666666,53.278968334198,3.8189697265625,13.951136602005754,2448,307,2448,1.0,0.8745915032679739,136.0,17.055555555555557,43,6,0.13953488372093023,102,231,30,7,1.0277777777777777
RN_Ns_30_Norg_16_id_215.txt,True,30,45,22,9,2.4444444444444446,4,1.5802469135802468,33,3.0,0.14285714285714285,1,3,21,1.5714285714285714,1.6363636363636365,4,16.0,0.7333333333333333,0.9545454545454546,0.045454545454545456,0.13636363636363635,58.32759237289429,3.881512403488159,15.027027176437109,4620,456,4620,1.0,0.9012987012987013,210.0,20.727272727272727,41,7,0.17073170731707318,151,329,32,2,0.8717948717948718
RN_Ns_30_Norg_16_id_253.txt,True,29,44,16,5,3.2,6,3.7600000000000002,22,2.75,0.18333333333333332,1,5,15,1.4666666666666666,1.625,11,19.6875,0.5517241379310345,0.9375,0.0625,0.3125,29.338504314422607,2.1354825496673584,13.738583028455386,1680,245,1680,1.0,0.8541666666666666,105.0,15.3125,14,3,0.21428571428571427,79,194,11,0,0.7857142857142857
RN_Ns_30_Norg_16_id_263.txt,True,30,47,23,7,3.2857142857142856,7,4.204081632653061,32,2.782608695652174,0.12648221343873517,1,5,22,1.4545454545454546,1.4782608695652173,6,10.91304347826087,0.7666666666666667,0.9565217391304348,0.043478260869565216,0.21739130434782608,41.237438917160034,3.948991298675537,10.442524634326434,5313,1044,5313,1.0,0.8035008469791078,231.0,45.391304347826086,49,6,0.12244897959183673,202,428,41,2,0.9148936170212766
RN_Ns_30_Norg_16_id_76.txt,True,30,44,16,7,2.2857142857142856,7,3.918367346938776,24,3.0,0.2,1,3,15,1.6,1.625,9,16.9375,0.5333333333333333,0.9375,0.0625,0.1875,20.08908200263977,1.2811017036437988,15.681098499440756,1680,242,1680,1.0,0.855952380952381,105.0,15.125,9,4,0.4444444444444444,92,178,5,0,0.5555555555555556
RN_Ns_30_Norg_6_id_299.txt,True,30,45,28,9,3.111111111111111,6,2.9876543209876543,42,3.0,0.1111111111111111,1,6,27,1.5555555555555556,1.1428571428571428,4,10.964285714285714,0.9333333333333333,0.9642857142857143,0.03571428571428571,0.21428571428571427,78.27696514129639,3.1594231128692627,24.7757145354958,9828,576,9828,1.0,0.9413919413919414,351.0,20.571428571428573,123,19,0.15447154471544716,143,619,91,13,0.9454545454545454
RN_Ns_30_Norg_6_id_300.txt,True,30,42,28,8,3.5,7,4.5,40,2.857142857142857,0.10582010582010581,7,8,14,1.9047619047619047,1.1785714285714286,3,11.571428571428571,0.9333333333333333,0.5,0.25,0.2857142857142857,91.17499613761902,5.3453688621521,17.056820303493712,9828,670,9828,1.0,0.9318274318274318,351.0,23.928571428571427,211,24,0.11374407582938388,186,647,141,46,1.1333333333333333
RN_Ns_30_Norg_7_id_220.txt,True,30,46,15,6,2.5,7,4.583333333333333,20,2.6666666666666665,0.19047619047619047,1,2,14,1.4285714285714286,1.8666666666666667,12,13.2,0.5,0.9333333333333333,0.06666666666666667,0.13333333333333333,11.723864316940308,0.8080770969390869,14.508348722354713,1365,173,1365,1.0,0.8732600732600733,91.0,11.533333333333333,18,6,0.3333333333333333,67,160,10,2,0.75
RN_Ns_30_Norg_7_id_227.txt,True,30,49,20,8,2.5,6,3.25,33,3.3,0.1736842105263158,1,2,19,1.736842105263158,1.65,5,14.0,0.6666666666666666,0.95,0.05,0.1,38.6463885307312,2.322498321533203,16.64000708737593,3420,344,3420,1.0,0.8994152046783626,171.0,17.2,33,5,0.15151515151515152,125,265,23,5,1.0
RN_Ns_30_Norg_7_id_246.txt,False,29,43,23,12,1.9166666666666667,6,2.409722222222222,31,2.6956521739130435,0.1225296442687747,1,3,22,1.4090909090909092,1.5217391304347827,7,13.652173913043478,0.7931034482758621,0.9565217391304348,0.043478260869565216,0.13043478260869565,56.68235731124878,2.6632165908813477,21.283420021234807,5313,289,5313,1.0,0.945605119518163,231.0,12.565217391304348,74,9,0.12162162162162163,134,357,37,30,1.5227272727272727
RN_Ns_30_Norg_7_id_259.txt,True,30,43,24,5,4.8,7,4.16,29,2.4166666666666665,0.10507246376811594,1,9,23,1.2608695652173914,1.375,3,11.291666666666666,0.8,0.9583333333333334,0.041666666666666664,0.375,36.95055842399597,3.003324270248413,12.303219732226815,6072,1005,6072,1.0,0.8344861660079052,253.0,41.875,92,13,0.14130434782608695,176,487,72,7,0.9294117647058824
RN_Ns_30_Norg_7_id_261.txt,True,30,46,23,7,3.2857142857142856,6,3.346938775510204,33,2.869565217391304,0.13043478260869565,1,6,22,1.5,1.391304347826087,6,15.478260869565217,0.7666666666666667,0.9565217391304348,0.043478260869565216,0.2608695652173913,54.46598196029663,3.9104502201080322,13.928314872856744,5313,656,5313,1.0,0.8765292678336156,231.0,28.52173913043478,54,9,0.16666666666666666,156,411,42,3,0.8823529411764706
RN_Ns_30_Norg_7_id_266.txt,True,28,44,13,7,1.8571428571428572,4,1.2653061224489797,15,2.3076923076923075,0.19230769230769232,1,3,12,1.25,2.3076923076923075,10,17.0,0.4642857142857143,0.9230769230769231,0.07692307692307693,0.23076923076923078,13.823278903961182,1.1024787425994873,12.538363208135756,858,94,858,1.0,0.8904428904428905,66.0,7.230769230769231,22,4,0.18181818181818182,64,115,17,1,0.8571428571428571
RN_Ns_30_Norg_7_id_33.txt,True,29,44,11,6,1.8333333333333333,4,1.138888888888889,13,2.3636363636363638,0.23636363636363636,1,2,10,1.3,2.3636363636363638,14,13.636363636363637,0.3793103448275862,0.9090909090909091,0.09090909090909091,0.18181818181818182,4.697205305099487,0.11800360679626465,39.80560791848758,495,33,495,1.0,0.9333333333333333,45.0,3.0,0,0,0.0,27,73,0,0,0.0
RN_Ns_30_Norg_7_id_60.txt,True,30,42,10,4,2.5,5,2.25,8,1.6,0.17777777777777778,5,4,4,1.6,2.8,18,12.6,0.3333333333333333,0.4,0.5,0.4,4.345715045928955,0.18742847442626953,23.185991665521822,360,48,360,1.0,0.8666666666666667,36.0,4.8,2,1,0.5,30,71,1,0,0.5
RN_Ns_30_Norg_8_id_103.txt,True,30,50,28,6,4.666666666666667,7,5.5555555555555545,48,3.4285714285714284,0.12698412698412698,1,5,27,1.7777777777777777,1.3928571428571428,6,10.821428571428571,0.9333333333333333,0.9642857142857143,0.03571428571428571,0.17857142857142858,131.46079468727112,6.082336664199829,21.613534722771817,9828,995,9828,1.0,0.8987586487586487,351.0,35.535714285714285,85,8,0.09411764705882353,191,630,65,12,1.0547945205479452
RN_Ns_30_Norg_8_id_219.txt,True,30,45,19,6,3.1666666666666665,4,1.472222222222222,22,2.3157894736842106,0.1286549707602339,1,8,18,1.2222222222222223,1.5789473684210527,6,17.0,0.6333333333333333,0.9473684210526315,0.05263157894736842,0.42105263157894735,55.735267877578735,8.564743280410767,6.5075234660046535,2907,491,2907,1.0,0.8310973512211902,153.0,25.842105263157894,63,8,0.12698412698412698,126,284,55,0,0.873015873015873
RN_Ns_30_Norg_8_id_230.txt,True,29,43,17,6,2.8333333333333335,6,3.138888888888889,25,2.9411764705882355,0.18382352941176472,1,4,16,1.5625,1.588235294117647,5,14.0,0.5862068965517241,0.9411764705882353,0.058823529411764705,0.23529411764705882,27.280080795288086,0.8650953769683838,31.534188624250476,2040,152,2040,1.0,0.9254901960784314,120.0,8.941176470588236,56,6,0.10714285714285714,66,217,48,2,0.9259259259259259
RN_Ns_30_Norg_8_id_236.txt,True,30,43,25,8,3.125,9,7.109375,35,2.8,0.11666666666666667,1,5,24,1.4583333333333333,1.28,6,14.88,0.8333333333333334,0.96,0.04,0.2,54.53992986679077,4.097555160522461,13.310358916519535,6900,1091,6900,1.0,0.8418840579710145,276.0,43.64,43,10,0.23255813953488372,201,506,29,4,0.8461538461538461
RN_Ns_30_Norg_8_id_237.txt,True,30,42,21,7,3.0,8,6.0,29,2.761904761904762,0.1380952380952381,1,6,20,1.45,1.5238095238095237,11,10.761904761904763,0.7,0.9523809523809523,0.047619047619047616,0.2857142857142857,29.368621110916138,1.5426411628723145,19.03788244327239,3990,288,3990,1.0,0.9278195488721804,190.0,13.714285714285714,58,15,0.25862068965517243,104,340,38,5,0.8113207547169812
RN_Ns_30_Norg_8_id_248.txt,True,30,44,31,8,3.875,9,9.609375,50,3.225806451612903,0.10752688172043011,1,5,30,1.6666666666666667,1.1935483870967742,3,11.419354838709678,1.0333333333333334,0.967741935483871,0.03225806451612903,0.16129032258064516,138.135559797287,12.305586099624634,11.225435235587895,13485,1276,13485,1.0,0.9053763440860215,435.0,41.16129032258065,305,25,0.08196721311475409,246,767,195,85,1.2727272727272727
RN_Ns_30_Norg_8_id_255.txt,True,30,42,27,8,3.375,7,3.484375,34,2.5185185185185186,0.09686609686609686,1,11,26,1.3076923076923077,1.3333333333333333,3,11.148148148148149,0.9,0.9629629629629629,0.037037037037037035,0.4074074074074074,75.85130286216736,5.204871416091919,14.57313674025791,8775,1250,8775,1.0,0.8575498575498576,325.0,46.2962962962963,82,14,0.17073170731707318,213,592,64,4,0.8717948717948718
RN_Ns_30_Norg_8_id_258.txt,True,30,43,23,8,2.875,7,3.359375,34,2.9565217391304346,0.13438735177865613,1,4,22,1.5454545454545454,1.434782608695652,3,13.91304347826087,0.7666666666666667,0.9565217391304348,0.043478260869565216,0.17391304347826086,49.61139106750488,2.952094078063965,16.805491205768384,5313,578,5313,1.0,0.891210239036326,231.0,25.130434782608695,74,8,0.10810810810810811,144,398,51,15,1.11864406779661
RN_Ns_30_Norg_8_id_260.txt,True,30,42,20,6,3.3333333333333335,7,4.222222222222222,25,2.5,0.13157894736842105,1,8,19,1.3157894736842106,1.45,7,17.0,0.6666666666666666,0.95,0.05,0.4,39.607404708862305,2.843578338623047,13.928719378289221,3420,509,3420,1.0,0.8511695906432748,171.0,25.45,39,6,0.15384615384615385,119,321,33,0,0.8461538461538461
RN_Ns_30_Norg_8_id_271.txt,True,29,43,15,6,2.5,5,3.25,18,2.4,0.17142857142857143,1,6,14,1.2857142857142858,2.066666666666667,8,13.266666666666667,0.5172413793103449,0.9333333333333333,0.06666666666666667,0.4,13.553195476531982,0.8687252998352051,15.601244120670813,1365,114,1365,1.0,0.9164835164835164,91.0,7.6,32,8,0.25,59,155,19,5,0.8888888888888888
RN_Ns_30_Norg_8_id_272.txt,True,30,43,28,13,2.1538461538461537,5,1.8224852071005917,36,2.5714285714285716,0.09523809523809523,1,7,27,1.3333333333333333,1.1428571428571428,3,12.964285714285714,0.9333333333333333,0.9642857142857143,0.03571428571428571,0.25,102.8035159111023,3.628431558609009,28.332769752039344,9828,665,9828,1.0,0.9323361823361823,351.0,23.75,46,6,0.13043478260869565,190,546,38,2,0.9090909090909091
RN_Ns_30_Norg_8_id_277.txt,True,30,43,24,10,2.4,6,3.44,35,2.9166666666666665,0.12681159420289856,1,4,23,1.5217391304347827,1.5833333333333333,7,10.0,0.8,0.9583333333333334,0.041666666666666664,0.16666666666666666,39.635578632354736,2.4436252117156982,16.2199908735293,6072,530,6072,1.0,0.9127140974967062,253.0,22.083333333333332,56,8,0.14285714285714285,137,437,41,7,0.9795918367346939
RN_Ns_30_Norg_8_id_284.txt,True,30,46,26,7,3.7142857142857144,6,2.4897959183673466,39,3.0,0.12,1,8,25,1.56,1.5384615384615385,8,16.846153846153847,0.8666666666666667,0.9615384615384616,0.038461538461538464,0.3076923076923077,109.20572137832642,8.79902958869934,12.411109688570674,7800,1004,7800,1.0,0.8712820512820513,300.0,38.61538461538461,102,8,0.0784313725490196,231,525,85,9,1.010752688172043
RN_Ns_30_Norg_8_id_288.txt,True,29,42,18,6,3.0,5,2.3333333333333335,24,2.6666666666666665,0.1568627450980392,1,4,17,1.411764705882353,1.5555555555555556,9,16.666666666666668,0.6206896551724138,0.9444444444444444,0.05555555555555555,0.2222222222222222,28.28106927871704,1.3649625778198242,20.719300102636335,2448,185,2448,1.0,0.9244281045751634,136.0,10.277777777777779,32,5,0.15625,72,247,25,2,0.9
RN_Ns_30_Norg_8_id_290.txt,True,30,46,11,4,2.75,5,3.1875,11,2.0,0.2,1,6,10,1.1,2.8181818181818183,20,22.545454545454547,0.36666666666666664,0.9090909090909091,0.09090909090909091,0.5454545454545454,7.601428031921387,0.7793326377868652,9.753765803403006,495,110,495,1.0,0.7777777777777778,45.0,10.0,5,2,0.4,50,93,3,0,0.6
RN_Ns_30_Norg_8_id_295.txt,True,29,42,16,5,3.2,7,4.16,20,2.5,0.16666666666666666,1,7,15,1.3333333333333333,1.75,6,14.375,0.5517241379310345,0.9375,0.0625,0.4375,21.11760902404785,1.9063429832458496,11.07754963804666,1680,259,1680,1.0,0.8458333333333333,105.0,16.1875,31,4,0.12903225806451613,93,196,27,0,0.8709677419354839
RN_Ns_30_Norg_8_id_296.txt,True,30,42,25,7,3.5714285714285716,6,3.673469387755102,38,3.04,0.12666666666666668,1,8,24,1.5833333333333333,1.24,4,13.8,0.8333333333333334,0.96,0.04,0.32,62.8042368888855,4.177931547164917,15.03237575338053,6900,792,6900,1.0,0.8852173913043478,276.0,31.68,113,13,0.11504424778761062,167,507,91,9,0.9615384615384616
RN_Ns_30_Norg_8_id_39.txt,True,30,42,15,6,2.5,6,4.583333333333333,18,2.4,0.17142857142857143,1,4,14,1.2857142857142858,2.2,8,12.8,0.5,0.9333333333333333,0.06666666666666667,0.26666666666666666,10.455899715423584,1.2990808486938477,8.04869052294659,1365,403,1365,1.0,0.7047619047619047,91.0,26.866666666666667,31,8,0.25806451612903225,114,175,19,4,0.8518518518518519
RN_Ns_30_Norg_8_id_59.txt,True,29,46,17,9,1.8888888888888888,6,2.320987654320987,21,2.4705882352941178,0.15441176470588236,1,4,16,1.3125,1.7647058823529411,7,18.764705882352942,0.5862068965517241,0.9411764705882353,0.058823529411764705,0.23529411764705882,30.117807865142822,1.465618371963501,20.54955672041266,2040,164,2040,1.0,0.9196078431372549,120.0,9.647058823529411,20,6,0.3,76,189,11,3,0.8235294117647058
RN_Ns_30_Norg_8_id_63.txt,True,29,50,15,5,3.0,6,3.2,21,2.8,0.2,1,4,14,1.5,2.066666666666667,12,19.866666666666667,0.5172413793103449,0.9333333333333333,0.06666666666666667,0.26666666666666666,20.039923667907715,1.316026210784912,15.227602234423117,1365,160,1365,1.0,0.8827838827838828,91.0,10.666666666666666,27,4,0.14814814814814814,66,167,18,5,1.0454545454545454
RN_Ns_30_Norg_8_id_66.txt,True,29,46,19,7,2.7142857142857144,6,2.4897959183673466,21,2.210526315789474,0.12280701754385964,6,3,10,1.6153846153846154,1.6842105263157894,10,12.736842105263158,0.6551724137931034,0.5263157894736842,0.3157894736842105,0.15789473684210525,32.106959104537964,1.3903944492340088,23.09197877064758,2907,328,2907,1.0,0.8871689026487788,153.0,17.263157894736842,32,7,0.21875,102,251,25,0,0.78125
RN_Ns_30_Norg_8_id_72.txt,True,30,42,15,7,2.142857142857143,4,1.2653061224489797,19,2.533333333333333,0.18095238095238095,1,4,14,1.3571428571428572,2.0,10,19.333333333333332,0.5,0.9333333333333333,0.06666666666666667,0.26666666666666666,17.11125659942627,0.7779407501220703,21.995578193765095,1365,96,1365,1.0,0.9296703296703297,91.0,6.4,9,2,0.2222222222222222,68,151,5,2,1.0
RN_Ns_30_Norg_8_id_95.txt,True,29,48,16,4,4.0,8,9.5,20,2.5,0.16666666666666666,1,7,15,1.3333333333333333,2.0625,16,19.625,0.5517241379310345,0.9375,0.0625,0.4375,31.853915214538574,3.07698392868042,10.352317708789363,1680,384,1680,1.0,0.7714285714285715,105.0,24.0,17,5,0.29411764705882354,99,211,12,0,0.7058823529411765
RN_Ns_30_Norg_9_id_225.txt,True,30,42,13,8,1.625,4,1.234375,15,2.3076923076923075,0.19230769230769232,1,1,12,1.25,2.3846153846153846,15,12.923076923076923,0.43333333333333335,0.9230769230769231,0.07692307692307693,0.07692307692307693,8.818005084991455,0.40422534942626953,21.814577184501523,858,117,858,1.0,0.8636363636363636,66.0,9.0,2,1,0.5,55,106,1,0,0.5
RN_Ns_35_Norg_10_id_25.txt,True,35,50,23,7,3.2857142857142856,6,3.6326530612244894,31,2.6956521739130435,0.1225296442687747,1,9,22,1.4090909090909092,1.608695652173913,10,15.478260869565217,0.6571428571428571,0.9565217391304348,0.043478260869565216,0.391304347826087,81.66988515853882,7.42783784866333,10.995108781653823,5313,980,5313,1.0,0.8155467720685112,231.0,42.608695652173914,71,7,0.09859154929577464,195,426,64,0,0.9014084507042254
RN_Ns_35_Norg_10_id_44.txt,True,34,54,21,8,2.625,4,1.234375,26,2.4761904761904763,0.12380952380952381,1,6,20,1.3,1.8095238095238095,11,20.428571428571427,0.6176470588235294,0.9523809523809523,0.047619047619047616,0.2857142857142857,82.74265003204346,6.569704294204712,12.594577522314461,3990,520,3990,1.0,0.8696741854636592,190.0,24.761904761904763,76,7,0.09210526315789473,138,337,53,16,1.15
RN_Ns_35_Norg_10_id_47.txt,True,34,50,24,6,4.0,9,8.666666666666666,35,2.9166666666666665,0.12681159420289856,1,6,23,1.5217391304347827,1.6666666666666667,5,14.75,0.7058823529411765,0.9583333333333334,0.041666666666666664,0.25,112.90709900856018,8.755455017089844,12.89562892941325,6072,1372,6072,1.0,0.7740447957839263,253.0,57.166666666666664,69,6,0.08695652173913043,229,474,58,5,0.984375
RN_Ns_35_Norg_10_id_54.txt,True,34,50,21,8,2.625,11,10.234375,28,2.6666666666666665,0.13333333333333333,1,4,20,1.4,1.8571428571428572,8,14.19047619047619,0.6176470588235294,0.9523809523809523,0.047619047619047616,0.19047619047619047,115.88194751739502,11.19435167312622,10.351823035503488,3990,861,3990,1.0,0.7842105263157895,190.0,41.0,55,9,0.16363636363636364,180,338,28,18,1.2432432432432432
RN_Ns_35_Norg_14_id_48.txt,True,34,50,26,6,4.333333333333333,9,9.88888888888889,37,2.8461538461538463,0.11384615384615385,1,7,25,1.48,1.3846153846153846,6,14.153846153846153,0.7647058823529411,0.9615384615384616,0.038461538461538464,0.2692307692307692,165.6647071838379,7.089415550231934,23.36789344763661,7800,1073,7800,1.0,0.8624358974358974,300.0,41.26923076923077,70,17,0.24285714285714285,187,554,50,3,0.7910447761194029
RN_Ns_35_Norg_18_id_1.txt,True,34,48,23,7,3.2857142857142856,8,4.775510204081633,32,2.782608695652174,0.12648221343873517,1,6,22,1.4545454545454546,1.391304347826087,7,17.82608695652174,0.6764705882352942,0.9565217391304348,0.043478260869565216,0.2608695652173913,73.3073890209198,8.210612773895264,8.928370030309132,5313,1236,5313,1.0,0.7673630717108978,231.0,53.73913043478261,72,7,0.09722222222222222,237,430,64,1,0.9154929577464789
RN_Ns_35_Norg_24_id_91.txt,True,34,50,16,6,2.6666666666666665,7,4.88888888888889,20,2.5,0.16666666666666666,1,5,15,1.3333333333333333,2.1875,9,17.0,0.47058823529411764,0.9375,0.0625,0.3125,15.460798501968384,1.1858558654785156,13.037670894118026,1680,310,1680,1.0,0.8154761904761905,105.0,19.375,10,3,0.3,92,192,5,2,0.875
RN_Ns_35_Norg_34_id_87.txt,True,35,50,33,8,4.125,8,7.109375,51,3.090909090909091,0.09659090909090909,1,8,32,1.59375,1.2424242424242424,5,12.424242424242424,0.9428571428571428,0.9696969696969697,0.030303030303030304,0.24242424242424243,198.25716543197632,10.069335699081421,19.689200097883557,16368,1591,16368,1.0,0.9027981427174976,496.0,48.21212121212121,284,25,0.0880281690140845,278,906,212,47,1.0928270042194093
RN_Ns_35_Norg_6_id_100.txt,True,34,50,28,10,2.8,7,3.3599999999999994,37,2.642857142857143,0.09788359788359788,7,2,13,1.7619047619047619,1.5357142857142858,8,13.0,0.8235294117647058,0.4642857142857143,0.25,0.07142857142857142,132.52189683914185,12.460340738296509,10.635495418824263,9828,867,9828,1.0,0.9117826617826618,351.0,30.964285714285715,302,11,0.03642384105960265,186,606,125,166,2.139705882352941
RN_Ns_35_Norg_6_id_104.txt,True,35,54,13,7,1.8571428571428572,5,2.1224489795918364,15,2.3076923076923075,0.19230769230769232,1,4,12,1.25,3.0,17,17.923076923076923,0.37142857142857144,0.9230769230769231,0.07692307692307693,0.3076923076923077,13.821941375732422,0.7152707576751709,19.32406886122058,858,119,858,1.0,0.8613053613053613,66.0,9.153846153846153,3,1,0.3333333333333333,64,110,2,0,0.6666666666666666
RN_Ns_35_Norg_6_id_106.txt,True,34,50,21,9,2.3333333333333335,6,2.888888888888889,27,2.5714285714285716,0.12857142857142856,1,4,20,1.35,1.7142857142857142,7,17.523809523809526,0.6176470588235294,0.9523809523809523,0.047619047619047616,0.19047619047619047,53.1713228225708,3.2084057331085205,16.572505862921155,3990,539,3990,1.0,0.8649122807017544,190.0,25.666666666666668,12,2,0.16666666666666666,151,318,10,0,0.8333333333333334
RN_Ns_35_Norg_6_id_107.txt,True,34,50,14,4,3.5,7,6.75,17,2.4285714285714284,0.18681318681318682,1,6,13,1.3076923076923077,2.357142857142857,14,24.071428571428573,0.4117647058823529,0.9285714285714286,0.07142857142857142,0.42857142857142855,21.693050861358643,2.039698600769043,10.635419788580307,1092,205,1092,1.0,0.8122710622710623,78.0,14.642857142857142,12,3,0.25,70,157,9,0,0.75
RN_Ns_35_Norg_6_id_32.txt,True,35,50,27,8,3.375,7,4.234375,43,3.185185185185185,0.1225071225071225,1,7,26,1.6538461538461537,1.4444444444444444,11,19.37037037037037,0.7714285714285715,0.9629629629629629,0.037037037037037035,0.25925925925925924,201.44953203201294,15.698420524597168,12.832471376108856,8775,824,8775,1.0,0.9060968660968661,325.0,30.51851851851852,145,11,0.07586206896551724,199,565,106,28,1.1452991452991452
RN_Ns_35_Norg_6_id_35.txt,True,35,50,20,7,2.857142857142857,6,3.2653061224489797,28,2.8,0.14736842105263157,1,6,19,1.4736842105263157,1.9,11,15.9,0.5714285714285714,0.95,0.05,0.3,48.472559213638306,2.9216060638427734,16.591066062439165,3420,488,3420,1.0,0.8573099415204678,171.0,24.4,15,4,0.26666666666666666,138,299,11,0,0.7333333333333333
RN_Ns_35_Norg_6_id_40.txt,True,34,52,19,6,3.1666666666666665,7,3.805555555555556,31,3.263157894736842,0.18128654970760233,1,2,18,1.7222222222222223,1.894736842105263,14,22.05263157894737,0.5588235294117647,0.9473684210526315,0.05263157894736842,0.10526315789473684,65.47925639152527,5.5843822956085205,11.725425109777536,2907,341,2907,1.0,0.8826969384244926,153.0,17.94736842105263,30,5,0.16666666666666666,112,261,21,4,0.9615384615384616
RN_Ns_35_Norg_6_id_42.txt,True,34,50,32,9,3.5555555555555554,7,4.469135802469136,49,3.0625,0.09879032258064516,1,7,31,1.5806451612903225,1.21875,2,13.9375,0.9411764705882353,0.96875,0.03125,0.21875,199.93847632408142,12.357447862625122,16.179592950482252,14880,1603,14880,1.0,0.8922715053763441,465.0,50.09375,232,16,0.06896551724137931,286,808,163,53,1.2067039106145252
RN_Ns_35_Norg_6_id_46.txt,True,35,50,28,9,3.111111111111111,7,3.209876543209877,43,3.0714285714285716,0.11375661375661375,1,5,27,1.5925925925925926,1.4285714285714286,6,15.642857142857142,0.8,0.9642857142857143,0.03571428571428571,0.17857142857142858,138.79727292060852,6.21621561050415,22.328259123777677,9828,824,9828,1.0,0.9161579161579162,351.0,29.428571428571427,67,6,0.08955223880597014,181,568,37,24,1.4186046511627908
RN_Ns_35_Norg_6_id_52.txt,True,35,78,10,5,2.0,4,1.6,12,2.4,0.26666666666666666,1,3,9,1.3333333333333333,4.6,28,19.2,0.2857142857142857,0.9,0.1,0.3,11.68207597732544,0.794719934463501,14.69961362578852,360,53,360,1.0,0.8527777777777777,36.0,5.3,5,2,0.4,46,60,3,0,0.6
RN_Ns_35_Norg_6_id_57.txt,False,34,50,28,7,4.0,12,14.285714285714286,38,2.7142857142857144,0.10052910052910052,12,2,8,2.375,1.3928571428571428,11,9.785714285714286,0.8235294117647058,0.2857142857142857,0.42857142857142855,0.07142857142857142,79.97717356681824,7.021615982055664,11.390137793238294,9828,737,9828,1.0,0.925010175010175,351.0,26.321428571428573,167,27,0.16167664670658682,133,664,87,54,1.247787610619469
RN_Ns_35_Norg_6_id_61.txt,True,34,52,11,5,2.2,5,2.16,12,2.1818181818181817,0.21818181818181817,1,5,10,1.2,2.909090909090909,16,24.454545454545453,0.3235294117647059,0.9090909090909091,0.09090909090909091,0.45454545454545453,9.56984806060791,1.239961862564087,7.717856774093564,495,164,495,1.0,0.6686868686868687,45.0,14.909090909090908,0,0,0.0,70,87,0,0,0.0
RN_Ns_35_Norg_6_id_65.txt,True,35,50,30,8,3.75,8,4.9375,54,3.6,0.12413793103448276,1,2,29,1.8620689655172413,1.3666666666666667,4,14.466666666666667,0.8571428571428571,0.9666666666666667,0.03333333333333333,0.06666666666666667,168.52557611465454,9.335263967514038,18.052577484804917,12180,1075,12180,1.0,0.9117405582922824,406.0,35.833333333333336,131,13,0.09923664122137404,214,706,100,18,1.0442477876106195
RN_Ns_35_Norg_6_id_67.txt,True,35,50,27,12,2.25,8,3.5208333333333335,39,2.888888888888889,0.1111111111111111,1,3,26,1.5,1.1481481481481481,3,16.962962962962962,0.7714285714285715,0.9629629629629629,0.037037037037037035,0.1111111111111111,107.06309509277344,2.2618491649627686,47.33432129393817,8775,322,8775,1.0,0.9633048433048433,325.0,11.925925925925926,63,9,0.14285714285714285,112,509,42,12,1.0588235294117647
RN_Ns_35_Norg_6_id_69.txt,True,35,50,28,9,3.111111111111111,7,5.209876543209877,42,3.0,0.1111111111111111,1,2,27,1.5555555555555556,1.3928571428571428,4,15.178571428571429,0.8,0.9642857142857143,0.03571428571428571,0.07142857142857142,129.62679290771484,4.203766107559204,30.835871832788268,9828,475,9828,1.0,0.9516687016687017,351.0,16.964285714285715,97,15,0.15463917525773196,128,592,67,15,1.0
RN_Ns_35_Norg_6_id_71.txt,True,34,50,26,6,4.333333333333333,8,5.555555555555556,33,2.5384615384615383,0.10153846153846154,6,10,18,1.65,1.5384615384615385,9,13.115384615384615,0.7647058823529411,0.6923076923076923,0.23076923076923078,0.38461538461538464,103.71679735183716,7.094567775726318,14.619184794695823,7800,885,7800,1.0,0.8865384615384615,300.0,34.03846153846154,159,13,0.08176100628930817,186,572,117,29,1.123076923076923
RN_Ns_35_Norg_6_id_77.txt,True,35,50,32,10,3.2,8,4.960000000000001,46,2.875,0.09274193548387097,1,6,31,1.4838709677419355,1.21875,2,12.3125,0.9142857142857143,0.96875,0.03125,0.1875,198.19388914108276,7.126040935516357,27.8126228763688,14880,1080,14880,1.0,0.9274193548387096,465.0,33.75,149,28,0.18791946308724833,197,817,114,7,0.852112676056338
RN_Ns_35_Norg_6_id_80.txt,False,34,50,33,10,3.3,7,4.81,51,3.090909090909091,0.09659090909090909,1,7,32,1.59375,1.303030303030303,5,13.93939393939394,0.9705882352941176,0.9696969696969697,0.030303030303030304,0.21212121212121213,291.15704703330994,16.75265383720398,17.379756656029855,16368,1531,16368,1.0,0.9064638318670577,496.0,46.39393939393939,215,22,0.10232558139534884,292,862,172,22,1.005181347150259
RN_Ns_35_Norg_6_id_83.txt,True,35,50,20,7,2.857142857142857,6,3.2653061224489797,25,2.5,0.13157894736842105,1,7,19,1.3157894736842106,1.7,7,17.8,0.5714285714285714,0.95,0.05,0.35,67.6417601108551,3.0950357913970947,21.854920159201683,3420,290,3420,1.0,0.9152046783625731,171.0,14.5,24,3,0.125,97,298,21,0,0.875
RN_Ns_35_Norg_6_id_84.txt,True,35,50,23,7,3.2857142857142856,6,3.3469387755102042,32,2.782608695652174,0.12648221343873517,1,7,22,1.4545454545454546,1.608695652173913,12,16.0,0.6571428571428571,0.9565217391304348,0.043478260869565216,0.30434782608695654,88.70636296272278,6.3501317501068115,13.969216144410028,5313,612,5313,1.0,0.8848108413325805,231.0,26.608695652173914,95,6,0.06315789473684211,164,396,58,31,1.390625
RN_Ns_35_Norg_6_id_89.txt,True,35,50,30,8,3.75,8,5.1875,43,2.8666666666666667,0.09885057471264368,1,7,29,1.4827586206896552,1.3,4,12.5,0.8571428571428571,0.9666666666666667,0.03333333333333333,0.23333333333333334,168.93919038772583,7.04424262046814,23.98259110168165,12180,852,12180,1.0,0.9300492610837439,406.0,28.4,152,19,0.125,170,729,127,6,0.910958904109589
RN_Ns_35_Norg_6_id_90.txt,True,34,50,15,6,2.5,6,2.9166666666666665,18,2.4,0.17142857142857143,1,5,14,1.2857142857142858,2.3333333333333335,14,20.0,0.4411764705882353,0.9333333333333333,0.06666666666666667,0.3333333333333333,29.431302785873413,1.640366554260254,17.94190616081286,1365,161,1365,1.0,0.882051282051282,91.0,10.733333333333333,21,4,0.19047619047619047,68,165,13,4,1.0
RN_Ns_35_Norg_6_id_94.txt,True,34,50,32,8,4.0,7,4.25,47,2.9375,0.09475806451612903,1,10,31,1.5161290322580645,1.25,3,12.59375,0.9411764705882353,0.96875,0.03125,0.3125,181.7880837917328,11.04198694229126,16.463348919158474,14880,1784,14880,1.0,0.8801075268817204,465.0,55.75,188,25,0.13297872340425532,282,835,146,17,0.9532163742690059
RN_Ns_35_Norg_6_id_96.txt,True,33,50,26,10,2.6,5,1.64,35,2.6923076923076925,0.1076923076923077,1,7,25,1.4,1.4230769230769231,7,16.846153846153847,0.7878787878787878,0.9615384615384616,0.038461538461538464,0.2692307692307692,132.91857719421387,5.665305137634277,23.461856681159826,7800,576,7800,1.0,0.9261538461538461,300.0,22.153846153846153,87,11,0.12643678160919541,163,507,54,22,1.1692307692307693
RN_Ns_35_Norg_6_id_97.txt,True,34,50,25,6,4.166666666666667,7,5.138888888888888,41,3.28,0.13666666666666666,1,4,24,1.7083333333333333,1.44,8,15.0,0.7352941176470589,0.96,0.04,0.16,116.80777192115784,6.912677526473999,16.897616223787434,6900,678,6900,1.0,0.9017391304347826,276.0,27.12,133,11,0.08270676691729323,157,487,106,16,1.0427350427350428
RN_Ns_35_Norg_7_id_16.txt,True,35,90,21,6,3.5,8,8.25,26,2.4761904761904763,0.12380952380952381,8,3,8,2.0,2.380952380952381,25,11.80952380952381,0.6,0.38095238095238093,0.38095238095238093,0.14285714285714285,72.61316156387329,7.804558753967285,9.30394194636076,3990,472,3990,1.0,0.8817042606516291,190.0,22.476190476190474,83,18,0.21686746987951808,109,343,51,14,0.9420289855072463
RN_Ns_35_Norg_7_id_73.txt,False,35,50,32,7,4.571428571428571,10,9.959183673469386,45,2.8125,0.0907258064516129,1,12,31,1.4516129032258065,1.375,5,10.46875,0.9142857142857143,0.96875,0.03125,0.375,198.3804566860199,10.865476608276367,18.25786975004033,14880,1031,14880,1.0,0.9307123655913978,465.0,32.21875,298,37,0.12416107382550336,229,865,194,68,1.1391304347826088
RN_Ns_35_Norg_7_id_79.txt,True,35,52,17,6,2.8333333333333335,5,3.472222222222222,25,2.9411764705882355,0.18382352941176472,1,4,16,1.5625,1.8235294117647058,5,16.58823529411765,0.4857142857142857,0.9411764705882353,0.058823529411764705,0.23529411764705882,37.479736328125,2.112074136734009,17.745464364277254,2040,243,2040,1.0,0.8808823529411764,120.0,14.294117647058824,18,3,0.16666666666666666,76,214,12,3,1.0
RN_Ns_35_Norg_7_id_99.txt,True,35,52,31,7,4.428571428571429,8,6.244897959183675,42,2.7096774193548385,0.09032258064516129,1,10,30,1.4,1.3548387096774193,8,14.161290322580646,0.8857142857142857,0.967741935483871,0.03225806451612903,0.3225806451612903,208.87738299369812,22.403074979782104,9.323603263489577,13485,1464,13485,1.0,0.8914349276974416,435.0,47.225806451612904,301,27,0.08970099667774087,262,791,244,30,1.011070110701107
RN_Ns_35_Norg_8_id_105.txt,True,35,50,14,6,2.3333333333333335,5,1.888888888888889,14,2.0,0.15384615384615385,1,7,13,1.0769230769230769,2.5714285714285716,16,24.642857142857142,0.4,0.9285714285714286,0.07142857142857142,0.5,45.78735017776489,3.1647958755493164,14.46771039216472,1092,233,1092,1.0,0.7866300366300366,78.0,16.642857142857142,2,1,0.5,80,147,1,0,0.5
RN_Ns_35_Norg_8_id_29.txt,True,35,42,16,4,4.0,6,3.5,16,2.0,0.13333333333333333,1,10,15,1.0666666666666667,2.0,14,22.4375,0.45714285714285713,0.9375,0.0625,0.625,36.508862257003784,4.85212779045105,7.524299407128754,1680,572,1680,1.0,0.6595238095238095,105.0,35.75,9,3,0.3333333333333333,126,210,6,0,0.6666666666666666
RN_Ns_35_Norg_8_id_36.txt,True,35,52,9,4,2.25,4,1.6875,11,2.4444444444444446,0.3055555555555556,1,3,8,1.375,3.4444444444444446,20,29.0,0.2571428571428571,0.8888888888888888,0.1111111111111111,0.3333333333333333,5.065713167190552,0.5690829753875732,8.901537010030136,252,55,252,1.0,0.7817460317460317,28.0,6.111111111111111,1,1,1.0,37,55,0,0,0.0
RN_Ns_35_Norg_8_id_49.txt,True,34,52,27,9,3.0,5,2.888888888888889,37,2.740740740740741,0.10541310541310542,1,7,26,1.4230769230769231,1.4444444444444444,7,16.555555555555557,0.7941176470588235,0.9629629629629629,0.037037037037037035,0.25925925925925924,203.52428030967712,8.919883012771606,22.816922600696486,8775,723,8775,1.0,0.9176068376068376,325.0,26.77777777777778,59,8,0.13559322033898305,175,551,49,2,0.8947368421052632
RN_Ns_35_Norg_8_id_51.txt,True,35,50,21,10,2.1,5,1.4900000000000002,24,2.2857142857142856,0.11428571428571428,1,5,20,1.2,1.8095238095238095,10,22.285714285714285,0.6,0.9523809523809523,0.047619047619047616,0.23809523809523808,78.75967311859131,4.354210376739502,18.088164398149207,3990,396,3990,1.0,0.9007518796992481,190.0,18.857142857142858,34,8,0.23529411764705882,146,292,26,0,0.7647058823529411
RN_Ns_35_Norg_8_id_56.txt,True,35,50,21,8,2.625,6,3.734375,27,2.5714285714285716,0.12857142857142856,1,7,20,1.35,1.9047619047619047,11,19.857142857142858,0.6,0.9523809523809523,0.047619047619047616,0.3333333333333333,63.26280379295349,6.416969537734985,9.858672917322828,3990,889,3990,1.0,0.7771929824561403,190.0,42.333333333333336,17,4,0.23529411764705882,183,345,12,1,0.8125
RN_Ns_35_Norg_8_id_68.txt,False,35,52,24,11,2.1818181818181817,5,2.148760330578512,33,2.75,0.11956521739130435,1,3,23,1.434782608695652,1.6666666666666667,5,17.875,0.6857142857142857,0.9583333333333334,0.041666666666666664,0.125,108.076908826828,5.943878173828125,18.182894343748234,6072,525,6072,1.0,0.9135375494071146,253.0,21.875,130,14,0.1076923076923077,147,418,116,1,0.9069767441860465
RN_Ns_35_Norg_8_id_81.txt,True,34,50,20,9,2.2222222222222223,7,3.5061728395061724,28,2.8,0.14736842105263157,1,5,19,1.4736842105263157,1.7,6,17.85,0.5882352941176471,0.95,0.05,0.25,63.4007408618927,3.43377685546875,18.463850020107895,3420,428,3420,1.0,0.8748538011695907,171.0,21.4,26,5,0.19230769230769232,117,286,20,1,0.84
RN_Ns_35_Norg_8_id_85.txt,True,35,50,20,4,5.0,9,8.5,27,2.7,0.14210526315789473,1,8,19,1.4210526315789473,1.8,14,20.45,0.5714285714285714,0.95,0.05,0.4,67.8283417224884,7.196659564971924,9.42497572799291,3420,758,3420,1.0,0.7783625730994153,171.0,37.9,33,8,0.24242424242424243,147,337,25,0,0.7575757575757576
RN_Ns_35_Norg_9_id_110.txt,True,34,50,21,10,2.1,5,1.2900000000000003,27,2.5714285714285716,0.12857142857142856,1,5,20,1.35,1.5714285714285714,8,19.952380952380953,0.6176470588235294,0.9523809523809523,0.047619047619047616,0.23809523809523808,79.3992555141449,8.613500118255615,9.218001326297612,3990,465,3990,1.0,0.8834586466165414,190.0,22.142857142857142,22,4,0.18181818181818182,126,320,17,1,0.8571428571428571
RN_Ns_35_Norg_9_id_28.txt,True,35,48,23,5,4.6,8,8.639999999999999,33,2.869565217391304,0.13043478260869565,1,9,22,1.5,1.608695652173913,8,16.52173913043478,0.6571428571428571,0.9565217391304348,0.043478260869565216,0.391304347826087,106.14693927764893,9.270877361297607,11.44950312046755,5313,1048,5313,1.0,0.8027479766610202,231.0,45.56521739130435,35,5,0.14285714285714285,176,442,30,0,0.8571428571428571
RN_Ns_35_Norg_9_id_31.txt,True,34,52,17,6,2.8333333333333335,5,2.805555555555556,23,2.7058823529411766,0.16911764705882354,1,5,16,1.4375,2.235294117647059,21,15.294117647058824,0.5,0.9411764705882353,0.058823529411764705,0.29411764705882354,33.405001163482666,0.9751920700073242,34.25479163630994,2040,151,2040,1.0,0.9259803921568628,120.0,8.882352941176471,5,1,0.2,62,197,4,0,0.8
RN_Ns_35_Norg_9_id_52.txt,True,35,50,29,6,4.833333333333333,7,5.805555555555556,47,3.2413793103448274,0.11576354679802955,1,6,28,1.6785714285714286,1.3448275862068966,6,17.93103448275862,0.8285714285714286,0.9655172413793104,0.034482758620689655,0.20689655172413793,200.61085152626038,12.864529371261597,15.59410731141165,10962,1168,10962,1.0,0.8934501003466521,378.0,40.275862068965516,199,13,0.06532663316582915,233,683,138,48,1.2317880794701987
RN_Ns_40_Norg_10_id_354.txt,True,40,56,24,8,3.0,5,1.5,32,2.6666666666666665,0.11594202898550725,1,6,23,1.391304347826087,1.8333333333333333,12,16.833333333333332,0.6,0.9583333333333334,0.041666666666666664,0.25,83.3885407447815,4.576431035995483,18.221303913223394,6072,684,6072,1.0,0.8873517786561265,253.0,28.5,23,5,0.21739130434782608,162,425,17,1,0.8181818181818182
RN_Ns_40_Norg_10_id_357.txt,True,40,56,40,10,4.0,10,7.8,53,2.65,0.06794871794871794,10,12,26,1.7666666666666666,1.1,3,12.575,1.0,0.65,0.25,0.3,364.61569690704346,16.5246684551239,22.06493267306582,29640,1998,29640,1.0,0.932591093117409,741.0,49.95,373,29,0.0777479892761394,323,1403,344,0,0.9222520107238605
RN_Ns_40_Norg_10_id_366.txt,True,40,56,31,12,2.5833333333333335,7,2.7430555555555554,49,3.161290322580645,0.1053763440860215,1,4,30,1.6333333333333333,1.3548387096774193,8,21.322580645161292,0.775,0.967741935483871,0.03225806451612903,0.12903225806451613,297.540894985199,24.247337341308594,12.271074996688322,13485,2039,13485,1.0,0.8487949573600296,435.0,65.7741935483871,97,9,0.09278350515463918,384,710,67,21,1.1578947368421053
RN_Ns_40_Norg_10_id_385.txt,True,39,58,19,6,3.1666666666666665,7,4.805555555555555,28,2.9473684210526314,0.16374269005847952,1,4,18,1.5555555555555556,2.1052631578947367,9,18.42105263157895,0.48717948717948717,0.9473684210526315,0.05263157894736842,0.21052631578947367,58.59600067138672,3.9668097496032715,14.771568179504202,2907,445,2907,1.0,0.8469212246302029,153.0,23.42105263157895,29,6,0.20689655172413793,114,275,22,1,0.8214285714285714
RN_Ns_40_Norg_10_id_484.txt,True,40,59,29,9,3.2222222222222223,5,1.9506172839506175,39,2.689655172413793,0.0960591133004926,1,8,28,1.3928571428571428,1.4137931034482758,7,14.620689655172415,0.725,0.9655172413793104,0.034482758620689655,0.27586206896551724,196.8187873363495,19.278705835342407,10.209128611503283,10962,1070,10962,1.0,0.9023900748038679,378.0,36.89655172413793,168,19,0.1130952380952381,205,660,147,2,0.8975903614457831
RN_Ns_40_Norg_10_id_497.txt,True,38,56,23,7,3.2857142857142856,6,3.918367346938776,34,2.9565217391304346,0.13438735177865613,1,4,22,1.5454545454545454,1.6956521739130435,14,21.043478260869566,0.6052631578947368,0.9565217391304348,0.043478260869565216,0.17391304347826086,138.5938527584076,9.788049697875977,14.159496226146327,5313,797,5313,1.0,0.8499905891210239,231.0,34.65217391304348,79,8,0.10126582278481013,164,423,71,0,0.8987341772151899
RN_Ns_40_Norg_10_id_510.txt,False,40,57,26,8,3.25,7,3.6875,45,3.4615384615384617,0.13846153846153847,1,2,25,1.8,1.7307692307692308,16,19.76923076923077,0.65,0.9615384615384616,0.038461538461538464,0.07692307692307693,197.41109228134155,10.265941619873047,19.22971117419844,7800,556,7800,1.0,0.9287179487179487,300.0,21.384615384615383,178,24,0.1348314606741573,164,507,81,77,1.5643564356435644
RN_Ns_40_Norg_10_id_517.txt,True,40,57,30,7,4.285714285714286,9,7.63265306122449,45,3.0,0.10344827586206896,1,8,29,1.5517241379310345,1.3,5,16.566666666666666,0.75,0.9666666666666667,0.03333333333333333,0.26666666666666666,213.62024784088135,12.013298511505127,17.78198116331642,12180,1414,12180,1.0,0.8839080459770114,406.0,47.13333333333333,123,13,0.10569105691056911,236,728,79,31,1.1956521739130435
RN_Ns_40_Norg_10_id_559.txt,True,40,56,22,5,4.4,10,10.639999999999999,31,2.8181818181818183,0.1341991341991342,1,9,21,1.4761904761904763,1.7272727272727273,9,15.818181818181818,0.55,0.9545454545454546,0.045454545454545456,0.4090909090909091,73.83676505088806,3.551894426345825,20.787995415407387,4620,426,4620,1.0,0.9077922077922078,210.0,19.363636363636363,120,20,0.16666666666666666,106,401,84,16,0.9615384615384616
RN_Ns_40_Norg_10_id_568.txt,True,40,56,30,8,3.75,7,3.6875,44,2.933333333333333,0.10114942528735632,1,5,29,1.5172413793103448,1.5333333333333334,9,14.433333333333334,0.75,0.9666666666666667,0.03333333333333333,0.16666666666666666,195.61589574813843,8.523764610290527,22.94947182281128,12180,783,12180,1.0,0.9357142857142857,406.0,26.1,96,10,0.10416666666666667,151,706,74,12,1.0238095238095237
RN_Ns_40_Norg_11_id_337.txt,True,39,56,21,10,2.1,5,1.49,30,2.857142857142857,0.14285714285714285,1,3,20,1.5,2.0,13,17.952380952380953,0.5384615384615384,0.9523809523809523,0.047619047619047616,0.14285714285714285,78.5700433254242,6.447824716567993,12.18551166931302,3990,488,3990,1.0,0.8776942355889724,190.0,23.238095238095237,49,5,0.10204081632653061,158,305,35,9,1.1
RN_Ns_40_Norg_11_id_427.txt,True,38,57,38,9,4.222222222222222,9,5.506172839506173,56,2.9473684210526314,0.07965860597439545,1,13,37,1.5135135135135136,1.1578947368421053,3,14.657894736842104,1.0,0.9736842105263158,0.02631578947368421,0.34210526315789475,483.59961915016174,16.87145209312439,28.66378166389381,25308,1277,25308,1.0,0.9495416469100679,666.0,33.60526315789474,335,25,0.07462686567164178,279,1172,265,45,1.0689655172413792
RN_Ns_40_Norg_12_id_308.txt,True,40,56,26,7,3.7142857142857144,8,7.346938775510204,38,2.923076923076923,0.11692307692307692,1,6,25,1.52,1.4615384615384615,7,21.307692307692307,0.65,0.9615384615384616,0.038461538461538464,0.23076923076923078,147.18984484672546,10.472766876220703,14.054532731071516,7800,1273,7800,1.0,0.8367948717948718,300.0,48.96153846153846,42,6,0.14285714285714285,209,542,28,8,1.0588235294117647
RN_Ns_40_Norg_12_id_358.txt,True,40,56,30,12,2.5,6,2.4166666666666665,41,2.7333333333333334,0.09425287356321839,1,5,29,1.4137931034482758,1.4,5,19.633333333333333,0.75,0.9666666666666667,0.03333333333333333,0.16666666666666666,301.87738370895386,14.740816116333008,20.47901427753854,12180,1165,12180,1.0,0.9043513957307061,406.0,38.833333333333336,50,4,0.08,238,648,36,10,1.15
RN_Ns_40_Norg_12_id_365.txt,True,39,56,15,5,3.0,6,4.4,18,2.4,0.17142857142857143,1,6,14,1.2857142857142858,2.4,14,23.666666666666668,0.38461538461538464,0.9333333333333333,0.06666666666666667,0.4,44.70106339454651,2.666008234024048,16.767038760069823,1365,128,1365,1.0,0.9062271062271062,91.0,8.533333333333333,16,3,0.1875,61,157,13,0,0.8125
RN_Ns_40_Norg_12_id_384.txt,True,40,56,32,7,4.571428571428571,8,6.244897959183675,47,2.9375,0.09475806451612903,1,9,31,1.5161290322580645,1.375,5,17.25,0.8,0.96875,0.03125,0.28125,207.75299310684204,10.197503805160522,20.372926264730307,14880,1168,14880,1.0,0.921505376344086,465.0,36.5,230,20,0.08695652173913043,247,848,200,10,0.9545454545454546
RN_Ns_40_Norg_12_id_401.txt,True,39,56,28,7,4.0,8,5.142857142857143,39,2.7857142857142856,0.10317460317460317,1,8,27,1.4444444444444444,1.5357142857142858,10,19.142857142857142,0.717948717948718,0.9642857142857143,0.03571428571428571,0.2857142857142857,187.38707566261292,14.896723747253418,12.57907972530956,9828,1662,9828,1.0,0.8308913308913308,351.0,59.357142857142854,62,9,0.14516129032258066,263,630,46,7,0.9636363636363636
RN_Ns_40_Norg_12_id_465.txt,True,39,58,10,5,2.0,4,1.2,11,2.2,0.24444444444444444,1,3,9,1.2222222222222223,3.6,24,34.0,0.2564102564102564,0.9,0.1,0.3,10.790903568267822,0.8080596923828125,13.354092117189419,360,57,360,1.0,0.8416666666666667,36.0,5.7,2,2,1.0,37,68,0,0,0.0
RN_Ns_40_Norg_12_id_469.txt,False,40,56,28,7,4.0,10,8.857142857142858,33,2.357142857142857,0.0873015873015873,10,7,14,1.8333333333333333,1.4642857142857142,7,14.25,0.7,0.5,0.35714285714285715,0.25,133.13851046562195,11.207448959350586,11.87946614332265,9828,1262,9828,1.0,0.8715913715913716,351.0,45.07142857142857,146,16,0.1095890410958904,226,638,89,42,1.2596153846153846
RN_Ns_40_Norg_12_id_558.txt,True,40,57,30,7,4.285714285714286,8,5.346938775510204,45,3.0,0.10344827586206896,1,10,29,1.5517241379310345,1.4333333333333333,9,21.0,0.75,0.9666666666666667,0.03333333333333333,0.3333333333333333,246.83377122879028,22.051658630371094,11.193433354207356,12180,1940,12180,1.0,0.8407224958949097,406.0,64.66666666666667,149,13,0.087248322147651,286,757,111,25,1.096774193548387
RN_Ns_40_Norg_13_id_313.txt,True,39,56,26,10,2.6,8,5.040000000000001,41,3.1538461538461537,0.12615384615384614,1,5,25,1.64,1.6923076923076923,9,22.192307692307693,0.6666666666666666,0.9615384615384616,0.038461538461538464,0.19230769230769232,183.427312374115,12.664841651916504,14.483190348168144,7800,829,7800,1.0,0.8937179487179487,300.0,31.884615384615383,84,8,0.09523809523809523,201,481,59,17,1.1343283582089552
RN_Ns_40_Norg_13_id_514.txt,True,39,59,33,7,4.714285714285714,7,2.4897959183673466,45,2.727272727272727,0.08522727272727272,6,10,27,1.6666666666666667,1.393939393939394,6,16.151515151515152,0.8461538461538461,0.8181818181818182,0.18181818181818182,0.30303030303030304,336.2611436843872,25.210163593292236,13.338316605524032,16368,2249,16368,1.0,0.8625977517106549,496.0,68.15151515151516,119,14,0.11764705882352941,313,899,102,3,0.9051724137931034
RN_Ns_40_Norg_14_id_2.txt,True,40,52,20,5,4.0,10,10.8,19,1.9,0.1,10,7,10,1.9,1.9,16,16.0,0.5,0.5,0.5,0.35,68.00983428955078,4.972958326339722,13.675930869826631,3420,260,3420,1.0,0.9239766081871346,171.0,13.0,66,11,0.16666666666666666,113,309,29,26,1.375
RN_Ns_40_Norg_14_id_356.txt,True,40,56,25,9,2.7777777777777777,7,3.728395061728395,32,2.56,0.10666666666666667,1,10,24,1.3333333333333333,1.48,8,16.6,0.625,0.96,0.04,0.4,129.39897060394287,6.17753529548645,20.946698709837698,6900,714,6900,1.0,0.8965217391304348,276.0,28.56,64,7,0.109375,163,491,57,0,0.890625
RN_Ns_40_Norg_14_id_369.txt,True,39,58,21,9,2.3333333333333335,5,2.4444444444444446,28,2.6666666666666665,0.13333333333333333,1,3,20,1.4,1.8095238095238095,9,20.428571428571427,0.5384615384615384,0.9523809523809523,0.047619047619047616,0.14285714285714285,87.74551391601562,4.104645013809204,21.377126065911796,3990,394,3990,1.0,0.9012531328320802,190.0,18.761904761904763,41,7,0.17073170731707318,120,307,29,5,0.9444444444444444
RN_Ns_40_Norg_14_id_370.txt,True,40,57,31,6,5.166666666666667,10,9.805555555555555,37,2.3870967741935485,0.07956989247311828,10,11,13,1.7619047619047619,1.5161290322580645,15,15.903225806451612,0.775,0.41935483870967744,0.3225806451612903,0.3548387096774194,289.3205485343933,25.7690167427063,11.227457819719994,13485,1689,13485,1.0,0.874749721913237,435.0,54.483870967741936,496,28,0.056451612903225805,292,835,278,190,1.5294117647058822
RN_Ns_40_Norg_14_id_374.txt,True,40,56,26,7,3.7142857142857144,6,3.9183673469387754,37,2.8461538461538463,0.11384615384615385,1,5,25,1.48,1.7692307692307692,10,21.346153846153847,0.65,0.9615384615384616,0.038461538461538464,0.19230769230769232,120.32758045196533,13.319023370742798,9.034264532959874,7800,1591,7800,1.0,0.796025641025641,300.0,61.19230769230769,134,7,0.05223880597014925,273,551,106,21,1.1238938053097345
RN_Ns_40_Norg_14_id_398.txt,True,40,60,27,7,3.857142857142857,7,6.408163265306122,38,2.814814814814815,0.10826210826210826,1,9,26,1.4615384615384615,1.6666666666666667,13,22.11111111111111,0.675,0.9629629629629629,0.037037037037037035,0.3333333333333333,189.76890063285828,14.449403762817383,13.133337800497356,8775,1528,8775,1.0,0.8258689458689459,325.0,56.592592592592595,128,13,0.1015625,255,600,87,28,1.15
RN_Ns_40_Norg_17_id_564.txt,True,40,58,22,7,3.142857142857143,8,5.551020408163266,33,3.0,0.14285714285714285,1,3,21,1.5714285714285714,2.0,9,16.772727272727273,0.55,0.9545454545454546,0.045454545454545456,0.13636363636363635,76.89861106872559,8.496681451797485,9.050428865078562,4620,838,4620,1.0,0.8186147186147186,210.0,38.09090909090909,39,9,0.23076923076923078,178,370,27,3,0.8333333333333334
RN_Ns_40_Norg_18_id_367.txt,True,40,57,23,6,3.8333333333333335,6,4.138888888888888,28,2.4347826086956523,0.11067193675889328,1,8,22,1.2727272727272727,1.7391304347826086,15,23.217391304347824,0.575,0.9565217391304348,0.043478260869565216,0.34782608695652173,168.54968428611755,14.475870132446289,11.643492428709306,5313,993,5313,1.0,0.8130999435347261,231.0,43.17391304347826,72,5,0.06944444444444445,189,439,55,12,1.1166666666666667
RN_Ns_40_Norg_20_id_396.txt,True,40,56,26,9,2.888888888888889,7,5.432098765432098,35,2.6923076923076925,0.1076923076923077,1,7,25,1.4,1.6538461538461537,10,22.807692307692307,0.65,0.9615384615384616,0.038461538461538464,0.2692307692307692,182.38158679008484,18.720896244049072,9.742139714494684,7800,1492,7800,1.0,0.8087179487179488,300.0,57.38461538461539,114,9,0.07894736842105263,280,533,72,33,1.2962962962962963
RN_Ns_40_Norg_8_id_534.txt,True,40,57,28,9,3.111111111111111,8,6.320987654320988,37,2.642857142857143,0.09788359788359788,1,8,27,1.3703703703703705,1.4642857142857142,11,21.821428571428573,0.7,0.9642857142857143,0.03571428571428571,0.2857142857142857,165.92606902122498,11.973666429519653,13.857582386974967,9828,1506,9828,1.0,0.8467643467643468,351.0,53.785714285714285,100,12,0.12,224,655,81,7,0.946236559139785
RN_Ns_40_Norg_8_id_538.txt,True,40,56,31,10,3.1,8,6.890000000000002,47,3.032258064516129,0.1010752688172043,1,6,30,1.5666666666666667,1.6129032258064515,6,15.290322580645162,0.775,0.967741935483871,0.03225806451612903,0.1935483870967742,231.46534991264343,17.212322235107422,13.447653765192182,13485,1738,13485,1.0,0.8711160548757879,435.0,56.064516129032256,112,11,0.09821428571428571,297,741,87,14,1.030612244897959
RN_Ns_40_Norg_8_id_540.txt,True,38,56,30,9,3.3333333333333335,7,3.3333333333333335,47,3.1333333333333333,0.10804597701149425,1,6,29,1.6206896551724137,1.5,7,19.033333333333335,0.7894736842105263,0.9666666666666667,0.03333333333333333,0.2,226.59588027000427,14.685272216796875,15.430145040881575,12180,1619,12180,1.0,0.8670771756978654,406.0,53.96666666666667,89,7,0.07865168539325842,284,696,76,6,0.9879518072289156
RN_Ns_40_Norg_8_id_541.txt,True,40,57,18,5,3.6,9,8.639999999999999,27,3.0,0.17647058823529413,1,6,17,1.588235294117647,2.1666666666666665,18,28.61111111111111,0.45,0.9444444444444444,0.05555555555555555,0.3333333333333333,73.50506973266602,5.878680229187012,12.503668658098002,2448,415,2448,1.0,0.8304738562091503,136.0,23.055555555555557,31,4,0.12903225806451613,108,255,27,0,0.8709677419354839
RN_Ns_40_Norg_8_id_542.txt,True,39,56,19,6,3.1666666666666665,7,4.805555555555555,24,2.526315789473684,0.14035087719298245,1,7,18,1.3333333333333333,1.894736842105263,12,24.894736842105264,0.48717948717948717,0.9473684210526315,0.05263157894736842,0.3684210526315789,70.3163321018219,7.019236326217651,10.017661300159157,2907,472,2907,1.0,0.8376332989336085,153.0,24.842105263157894,21,4,0.19047619047619047,100,295,16,1,0.85
RN_Ns_40_Norg_8_id_552.txt,True,39,56,27,6,4.5,8,5.583333333333333,47,3.4814814814814814,0.1339031339031339,1,5,26,1.8076923076923077,1.6296296296296295,12,19.77777777777778,0.6923076923076923,0.9629629629629629,0.037037037037037035,0.18518518518518517,183.45741891860962,16.428272008895874,11.167176853370082,8775,1696,8775,1.0,0.8067236467236467,325.0,62.81481481481482,107,20,0.18691588785046728,259,595,85,2,0.8285714285714286
RN_Ns_40_Norg_8_id_554.txt,True,39,58,37,8,4.625,11,10.984375,63,3.4054054054054053,0.0945945945945946,1,5,36,1.75,1.2702702702702702,5,15.513513513513514,0.9487179487179487,0.972972972972973,0.02702702702702703,0.13513513513513514,353.8789358139038,30.94456148147583,11.435900813322055,23310,2977,23310,1.0,0.8722865722865722,630.0,80.45945945945945,502,36,0.07171314741035857,401,1166,372,94,1.142156862745098
RN_Ns_40_Norg_8_id_561.txt,True,40,57,29,10,2.9,6,2.4899999999999998,42,2.896551724137931,0.10344827586206896,1,9,28,1.5,1.4827586206896552,8,21.620689655172413,0.725,0.9655172413793104,0.034482758620689655,0.3103448275862069,228.27198219299316,16.97062397003174,13.451007022257782,10962,1531,10962,1.0,0.8603357051632914,378.0,52.793103448275865,105,9,0.08571428571428572,286,664,83,13,1.0434782608695652
RN_Ns_40_Norg_8_id_563.txt,True,40,56,30,6,5.0,9,11.0,50,3.3333333333333335,0.11494252873563218,1,7,29,1.7241379310344827,1.4666666666666666,8,16.766666666666666,0.75,0.9666666666666667,0.03333333333333333,0.23333333333333334,205.69106912612915,12.976393461227417,15.851173882845037,12180,1415,12180,1.0,0.8838259441707718,406.0,47.166666666666664,148,11,0.07432432432432433,228,757,109,28,1.1416666666666666
RN_Ns_40_Norg_8_id_565.txt,True,40,58,18,5,3.6,8,5.840000000000001,23,2.5555555555555554,0.1503267973856209,1,6,17,1.3529411764705883,2.0555555555555554,19,28.555555555555557,0.45,0.9444444444444444,0.05555555555555555,0.3333333333333333,91.22668123245239,10.729331970214844,8.502549971023562,2448,577,2448,1.0,0.764297385620915,136.0,32.05555555555556,15,4,0.26666666666666666,125,265,11,0,0.7333333333333333
RN_Ns_40_Norg_8_id_567.txt,True,40,58,25,7,3.5714285714285716,8,9.102040816326532,36,2.88,0.12,1,9,24,1.5,1.6,10,15.96,0.625,0.96,0.04,0.36,116.62848019599915,6.369431495666504,18.31065775263433,6900,720,6900,1.0,0.8956521739130435,276.0,28.8,132,12,0.09090909090909091,150,504,112,8,0.967741935483871
RN_Ns_40_Norg_9_id_352.txt,True,39,56,18,9,2.0,4,1.3333333333333333,22,2.4444444444444446,0.1437908496732026,1,4,17,1.2941176470588236,2.1666666666666665,8,24.666666666666668,0.46153846153846156,0.9444444444444444,0.05555555555555555,0.2222222222222222,60.03114581108093,3.060731887817383,19.613330409639154,2448,284,2448,1.0,0.8839869281045751,136.0,15.777777777777779,13,3,0.23076923076923078,120,203,10,0,0.7692307692307693
RN_Ns_40_Norg_9_id_420.txt,True,39,58,22,7,3.142857142857143,8,6.408163265306123,33,3.0,0.14285714285714285,1,3,21,1.5714285714285714,1.7727272727272727,9,21.0,0.5641025641025641,0.9545454545454546,0.045454545454545456,0.13636363636363635,115.90034055709839,6.042232990264893,19.181706621349154,4620,658,4620,1.0,0.8575757575757575,210.0,29.90909090909091,27,6,0.2222222222222222,151,362,20,1,0.8076923076923077
RN_Ns_40_Norg_9_id_462.txt,True,40,58,32,8,4.0,8,7.0,55,3.4375,0.11088709677419355,1,5,31,1.7741935483870968,1.40625,6,20.71875,0.8,0.96875,0.03125,0.15625,366.38145565986633,27.179831981658936,13.479901417606337,14880,1945,14880,1.0,0.8692876344086021,465.0,60.78125,342,23,0.06725146198830409,317,817,244,75,1.1947565543071161
RN_Ns_40_Norg_9_id_481.txt,True,39,57,30,9,3.3333333333333335,7,4.0,43,2.8666666666666667,0.09885057471264368,1,10,29,1.4827586206896552,1.5,8,19.0,0.7692307692307693,0.9666666666666667,0.03333333333333333,0.3333333333333333,284.40375208854675,22.769855260849,12.490362755074555,12180,1714,12180,1.0,0.8592775041050903,406.0,57.13333333333333,248,13,0.05241935483870968,278,733,197,38,1.119047619047619
RN_Ns_40_Norg_9_id_495.txt,True,39,58,24,8,3.0,8,4.75,35,2.9166666666666665,0.12681159420289856,1,5,23,1.5217391304347827,1.6666666666666667,9,17.291666666666668,0.6153846153846154,0.9583333333333334,0.041666666666666664,0.20833333333333334,109.59105730056763,7.04841685295105,15.548322351945423,6072,690,6072,1.0,0.8863636363636364,253.0,28.75,60,9,0.15,163,453,46,5,0.9272727272727272
RN_Ns_40_Norg_9_id_508.txt,True,40,56,35,10,3.5,9,5.05,59,3.3714285714285714,0.09915966386554621,1,7,34,1.7352941176470589,1.2,3,14.4,0.875,0.9714285714285714,0.02857142857142857,0.2,329.65339612960815,18.3192355632782,17.994931884080057,19635,1482,19635,1.0,0.9245225362872421,561.0,42.34285714285714,292,21,0.07191780821917808,276,984,241,30,1.034351145038168
RN_Ns_40_Norg_9_id_546.txt,True,40,59,24,9,2.6666666666666665,7,4.222222222222223,35,2.9166666666666665,0.12681159420289856,1,3,23,1.5217391304347827,1.625,5,18.25,0.6,0.9583333333333334,0.041666666666666664,0.125,119.9690933227539,4.374117612838745,27.427038763343983,6072,286,6072,1.0,0.9528985507246377,253.0,11.916666666666666,47,4,0.0851063829787234,115,392,31,12,1.2285714285714286
