file,dataset,n_species,n_reactions,n_ercs,n_pairs_max,n_pairs_inter_chain,n_pairs_intra_chain,n_complementary_pairs,n_complementary_pairs_inter,n_complementary_pairs_intra,n_pure_complementary_pairs,n_pure_complementary_pairs_inter,n_pure_complementary_pairs_intra,n_fundamental_edges,n_fundamental_edges_inter,n_fundamental_edges_intra,n_producer_ERCs,n_consumer_ERCs,ratio_complementary,ratio_pure,ratio_fundamental,ratio_complementary_inter,ratio_complementary_intra,ratio_fundamental_inter,ratio_fundamental_intra,ratio_producers,ratio_consumers,time_ercs,time_complementarity
BIOMD0000000013.txt,BioMD_metabolic,27,21,16,120,81,39,66,27,39,56,17,39,29,13,16,14,14,0.55,0.4666666666666667,0.24166666666666667,0.3333333333333333,1.0,0.16049382716049382,0.41025641025641024,0.875,0.875,0.02,0.01
BIOMD0000000015.txt,BioMD_metabolic,18,37,26,325,209,116,147,48,99,119,20,99,31,11,20,20,15,0.4523076923076923,0.36615384615384616,0.09538461538461539,0.22966507177033493,0.853448275862069,0.05263157894736842,0.1724137931034483,0.7692307692307693,0.5769230769230769,0.03,0.02
BIOMD0000000017.txt,BioMD_metabolic,19,14,13,78,55,23,29,9,20,27,7,20,15,5,10,7,10,0.3717948717948718,0.34615384615384615,0.19230769230769232,0.16363636363636364,0.8695652173913043,0.09090909090909091,0.43478260869565216,0.5384615384615384,0.7692307692307693,0.03,0.0
BIOMD0000000018.txt,BioMD_metabolic,32,47,18,153,131,22,26,19,7,25,18,7,16,11,5,12,8,0.16993464052287582,0.16339869281045752,0.10457516339869281,0.1450381679389313,0.3181818181818182,0.08396946564885496,0.22727272727272727,0.6666666666666666,0.4444444444444444,0.02,0.01
BIOMD0000000023.txt,BioMD_metabolic,13,11,8,28,18,10,8,1,7,8,1,7,4,0,4,4,3,0.2857142857142857,0.2857142857142857,0.14285714285714285,0.05555555555555555,0.7,0.0,0.4,0.5,0.375,0.02,0.0
BIOMD0000000038.txt,BioMD_metabolic,17,10,10,45,40,5,17,12,5,17,12,5,13,8,5,10,10,0.37777777777777777,0.37777777777777777,0.28888888888888886,0.3,1.0,0.2,1.0,1.0,1.0,0.03,0.0
BIOMD0000000041.txt,BioMD_metabolic,10,9,9,36,24,12,11,4,7,11,4,7,5,1,4,4,5,0.3055555555555556,0.3055555555555556,0.1388888888888889,0.16666666666666666,0.5833333333333334,0.041666666666666664,0.3333333333333333,0.4444444444444444,0.5555555555555556,0.02,0.0
BIOMD0000000042.txt,BioMD_metabolic,15,25,9,36,0,36,28,0,28,28,0,28,7,0,7,7,7,0.7777777777777778,0.7777777777777778,0.19444444444444445,0.0,0.7777777777777778,0.0,0.19444444444444445,0.7777777777777778,0.7777777777777778,0.02,0.01
BIOMD0000000046.txt,BioMD_metabolic,16,15,14,91,78,13,25,21,4,12,8,4,15,12,3,12,10,0.27472527472527475,0.13186813186813187,0.16483516483516483,0.2692307692307692,0.3076923076923077,0.15384615384615385,0.23076923076923078,0.8571428571428571,0.7142857142857143,0.02,0.0
BIOMD0000000050.txt,BioMD_metabolic,14,16,9,36,12,24,27,4,23,27,4,23,10,0,10,7,8,0.75,0.75,0.2777777777777778,0.3333333333333333,0.9583333333333334,0.0,0.4166666666666667,0.7777777777777778,0.8888888888888888,0.02,0.0
BIOMD0000000052.txt,BioMD_metabolic,11,11,5,10,4,6,5,0,5,5,0,5,3,0,3,3,3,0.5,0.5,0.3,0.0,0.8333333333333334,0.0,0.5,0.6,0.6,0.02,0.0
BIOMD0000000061.txt,BioMD_metabolic,25,24,24,276,241,35,60,33,27,51,24,27,22,7,15,17,20,0.21739130434782608,0.18478260869565216,0.07971014492753623,0.13692946058091288,0.7714285714285715,0.029045643153526972,0.42857142857142855,0.7083333333333334,0.8333333333333334,0.02,0.01
BIOMD0000000063.txt,BioMD_metabolic,9,8,5,10,4,6,6,2,4,5,1,4,4,2,2,3,3,0.6,0.5,0.4,0.5,0.6666666666666666,0.5,0.3333333333333333,0.6,0.6,0.02,0.0
BIOMD0000000064.txt,BioMD_metabolic,25,17,15,105,90,15,34,22,12,30,18,12,16,9,7,12,14,0.3238095238095238,0.2857142857142857,0.1523809523809524,0.24444444444444444,0.8,0.1,0.4666666666666667,0.8,0.9333333333333333,0.03,0.01
BIOMD0000000067.txt,BioMD_metabolic,8,13,6,15,2,13,7,0,7,7,0,7,3,0,3,3,3,0.4666666666666667,0.4666666666666667,0.2,0.0,0.5384615384615384,0.0,0.23076923076923078,0.5,0.5,0.05,0.0
BIOMD0000000070.txt,BioMD_metabolic,45,38,35,595,519,76,125,58,67,105,38,67,45,26,19,27,25,0.21008403361344538,0.17647058823529413,0.07563025210084033,0.11175337186897881,0.881578947368421,0.05009633911368015,0.25,0.7714285714285715,0.7142857142857143,0.02,0.02
BIOMD0000000071.txt,BioMD_metabolic,26,14,14,91,84,7,23,17,6,21,15,6,16,11,5,12,12,0.25274725274725274,0.23076923076923078,0.17582417582417584,0.20238095238095238,0.8571428571428571,0.13095238095238096,0.7142857142857143,0.8571428571428571,0.8571428571428571,0.02,0.0
BIOMD0000000081.txt,BioMD_metabolic,23,15,14,91,82,9,19,12,7,18,11,7,11,8,3,8,11,0.2087912087912088,0.1978021978021978,0.12087912087912088,0.14634146341463414,0.7777777777777778,0.0975609756097561,0.3333333333333333,0.5714285714285714,0.7857142857142857,0.02,0.0
BIOMD0000000143.txt,BioMD_metabolic,20,20,15,105,69,36,35,16,19,31,12,19,15,6,9,11,12,0.3333333333333333,0.29523809523809524,0.14285714285714285,0.2318840579710145,0.5277777777777778,0.08695652173913043,0.25,0.7333333333333333,0.8,0.03,0.0
BIOMD0000000172.txt,BioMD_metabolic,25,19,17,136,116,20,31,18,13,24,11,13,15,7,8,14,12,0.22794117647058823,0.17647058823529413,0.11029411764705882,0.15517241379310345,0.65,0.0603448275862069,0.4,0.8235294117647058,0.7058823529411765,0.03,0.0
BIOMD0000000176.txt,BioMD_metabolic,25,19,17,136,116,20,31,18,13,24,11,13,15,7,8,14,12,0.22794117647058823,0.17647058823529413,0.11029411764705882,0.15517241379310345,0.65,0.0603448275862069,0.4,0.8235294117647058,0.7058823529411765,0.02,0.01
BIOMD0000000177.txt,BioMD_metabolic,28,21,18,153,133,20,37,24,13,24,11,13,18,10,8,15,13,0.24183006535947713,0.1568627450980392,0.11764705882352941,0.18045112781954886,0.65,0.07518796992481203,0.4,0.8333333333333334,0.7222222222222222,0.03,0.01
BIOMD0000000190.txt,BioMD_metabolic,11,13,10,45,33,12,15,6,9,13,4,9,8,2,6,5,4,0.3333333333333333,0.28888888888888886,0.17777777777777778,0.18181818181818182,0.75,0.06060606060606061,0.5,0.5,0.4,0.03,0.0
BIOMD0000000206.txt,BioMD_metabolic,9,11,5,10,0,10,6,0,6,6,0,6,3,0,3,3,3,0.6,0.6,0.3,0.0,0.6,0.0,0.3,0.6,0.6,0.02,0.0
BIOMD0000000211.txt,BioMD_metabolic,27,21,21,210,192,18,41,25,16,35,19,16,24,12,12,16,18,0.19523809523809524,0.16666666666666666,0.11428571428571428,0.13020833333333334,0.8888888888888888,0.0625,0.6666666666666666,0.7619047619047619,0.8571428571428571,0.02,0.0
BIOMD0000000212.txt,BioMD_metabolic,31,18,18,153,140,13,36,26,10,34,24,10,22,12,10,12,11,0.23529411764705882,0.2222222222222222,0.1437908496732026,0.18571428571428572,0.7692307692307693,0.08571428571428572,0.7692307692307693,0.6666666666666666,0.6111111111111112,0.02,0.0
BIOMD0000000213.txt,BioMD_metabolic,14,12,11,55,38,17,31,18,13,30,17,13,6,2,4,6,5,0.5636363636363636,0.5454545454545454,0.10909090909090909,0.47368421052631576,0.7647058823529411,0.05263157894736842,0.23529411764705882,0.5454545454545454,0.45454545454545453,0.02,0.0
BIOMD0000000218.txt,BioMD_metabolic,13,14,9,36,5,31,29,0,29,29,0,29,7,0,7,7,6,0.8055555555555556,0.8055555555555556,0.19444444444444445,0.0,0.9354838709677419,0.0,0.22580645161290322,0.7777777777777778,0.6666666666666666,0.03,0.0
BIOMD0000000219.txt,BioMD_metabolic,13,15,9,36,1,35,33,0,33,33,0,33,8,0,8,7,7,0.9166666666666666,0.9166666666666666,0.2222222222222222,0.0,0.9428571428571428,0.0,0.22857142857142856,0.7777777777777778,0.7777777777777778,0.02,0.0
BIOMD0000000221.txt,BioMD_metabolic,12,11,8,28,0,28,26,0,26,26,0,26,6,0,6,6,6,0.9285714285714286,0.9285714285714286,0.21428571428571427,0.0,0.9285714285714286,0.0,0.21428571428571427,0.75,0.75,0.02,0.0
BIOMD0000000222.txt,BioMD_metabolic,12,11,8,28,0,28,26,0,26,26,0,26,6,0,6,6,6,0.9285714285714286,0.9285714285714286,0.21428571428571427,0.0,0.9285714285714286,0.0,0.21428571428571427,0.75,0.75,0.0,0.0
BIOMD0000000232.txt,BioMD_metabolic,14,12,10,45,23,22,17,8,9,14,5,9,7,2,5,6,6,0.37777777777777777,0.3111111111111111,0.15555555555555556,0.34782608695652173,0.4090909090909091,0.08695652173913043,0.22727272727272727,0.6,0.6,0.02,0.0
BIOMD0000000236.txt,BioMD_metabolic,7,4,4,6,5,1,3,2,1,3,2,1,3,2,1,3,3,0.5,0.5,0.5,0.4,1.0,0.4,1.0,0.75,0.75,0.03,0.0
BIOMD0000000245.txt,BioMD_metabolic,11,20,16,120,87,33,30,3,27,29,2,27,13,0,13,8,7,0.25,0.24166666666666667,0.10833333333333334,0.034482758620689655,0.8181818181818182,0.0,0.3939393939393939,0.5,0.4375,0.03,0.0
BIOMD0000000247.txt,BioMD_metabolic,31,25,23,253,200,53,92,44,48,83,35,48,25,9,16,20,20,0.36363636363636365,0.32806324110671936,0.09881422924901186,0.22,0.9056603773584906,0.045,0.3018867924528302,0.8695652173913043,0.8695652173913043,0.02,0.01
BIOMD0000000248.txt,BioMD_metabolic,9,5,5,10,4,6,3,1,2,3,1,2,3,1,2,3,2,0.3,0.3,0.3,0.25,0.3333333333333333,0.25,0.3333333333333333,0.6,0.4,0.02,0.0
BIOMD0000000253.txt,BioMD_metabolic,6,4,4,6,0,6,6,0,6,6,0,6,3,0,3,3,3,1.0,1.0,0.5,0.0,1.0,0.0,0.5,0.75,0.75,0.02,0.0
BIOMD0000000259.txt,BioMD_metabolic,17,29,4,6,3,3,3,0,3,3,0,3,3,0,3,1,3,0.5,0.5,0.5,0.0,1.0,0.0,1.0,0.25,0.75,0.02,0.0
BIOMD0000000260.txt,BioMD_metabolic,17,29,4,6,3,3,3,0,3,3,0,3,3,0,3,1,3,0.5,0.5,0.5,0.0,1.0,0.0,1.0,0.25,0.75,0.02,0.0
BIOMD0000000261.txt,BioMD_metabolic,17,29,4,6,3,3,3,0,3,3,0,3,3,0,3,1,3,0.5,0.5,0.5,0.0,1.0,0.0,1.0,0.25,0.75,0.0,0.0
BIOMD0000000268.txt,BioMD_metabolic,43,61,42,861,738,123,123,52,71,117,46,71,40,10,30,32,24,0.14285714285714285,0.13588850174216027,0.04645760743321719,0.07046070460704607,0.5772357723577236,0.013550135501355014,0.24390243902439024,0.7619047619047619,0.5714285714285714,0.02,0.03
BIOMD0000000281.txt,BioMD_metabolic,32,22,20,190,187,3,42,39,3,33,30,3,33,30,3,20,18,0.22105263157894736,0.1736842105263158,0.1736842105263158,0.20855614973262032,1.0,0.16042780748663102,1.0,1.0,0.9,0.02,0.0
BIOMD0000000292.txt,BioMD_metabolic,6,4,4,6,2,4,5,1,4,4,0,4,3,1,2,3,3,0.8333333333333334,0.6666666666666666,0.5,0.5,1.0,0.5,0.5,0.75,0.75,0.02,0.0
BIOMD0000000328.txt,BioMD_metabolic,18,29,5,10,4,6,0,0,0,0,0,0,0,0,0,0,0,0.0,0.0,0.0,0.0,0.0,0.0,0.0,0.0,0.0,0.03,0.0
BIOMD0000000384.txt,BioMD_metabolic,6,4,4,6,4,2,2,0,2,2,0,2,2,0,2,2,1,0.3333333333333333,0.3333333333333333,0.3333333333333333,0.0,1.0,0.0,1.0,0.5,0.25,0.02,0.0
BIOMD0000000388.txt,BioMD_metabolic,8,7,5,10,4,6,6,0,6,6,0,6,4,0,4,3,4,0.6,0.6,0.4,0.0,1.0,0.0,0.6666666666666666,0.6,0.8,0.02,0.0
BIOMD0000000389.txt,BioMD_metabolic,22,18,14,91,72,19,33,16,17,26,9,17,17,8,9,11,12,0.3626373626373626,0.2857142857142857,0.18681318681318682,0.2222222222222222,0.8947368421052632,0.1111111111111111,0.47368421052631576,0.7857142857142857,0.8571428571428571,0.02,0.0
BIOMD0000000390.txt,BioMD_metabolic,11,6,6,15,10,5,11,7,4,8,4,4,6,4,2,4,5,0.7333333333333333,0.5333333333333333,0.4,0.7,0.8,0.4,0.4,0.6666666666666666,0.8333333333333334,0.02,0.0
BIOMD0000000391.txt,BioMD_metabolic,22,21,18,153,130,23,61,41,20,42,22,20,35,21,14,16,15,0.39869281045751637,0.27450980392156865,0.22875816993464052,0.3153846153846154,0.8695652173913043,0.16153846153846155,0.6086956521739131,0.8888888888888888,0.8333333333333334,0.02,0.01
BIOMD0000000392.txt,BioMD_metabolic,47,27,25,300,288,12,59,47,12,53,41,12,43,33,10,23,22,0.19666666666666666,0.17666666666666667,0.14333333333333334,0.16319444444444445,1.0,0.11458333333333333,0.8333333333333334,0.92,0.88,0.02,0.01
BIOMD0000000393.txt,BioMD_metabolic,53,36,32,496,476,20,76,58,18,61,43,18,54,40,14,28,27,0.1532258064516129,0.12298387096774194,0.10887096774193548,0.12184873949579832,0.9,0.08403361344537816,0.7,0.875,0.84375,0.03,0.02
BIOMD0000000436.txt,BioMD_metabolic,13,22,16,120,33,87,86,4,82,83,1,82,11,0,11,7,9,0.7166666666666667,0.6916666666666667,0.09166666666666666,0.12121212121212122,0.9425287356321839,0.0,0.12643678160919541,0.4375,0.5625,0.02,0.01
BIOMD0000000454.txt,BioMD_metabolic,8,4,4,6,6,0,0,0,0,0,0,0,0,0,0,0,0,0.0,0.0,0.0,0.0,0.0,0.0,0.0,0.0,0.0,0.03,0.0
BIOMD0000000455.txt,BioMD_metabolic,9,5,5,10,8,2,0,0,0,0,0,0,0,0,0,0,0,0.0,0.0,0.0,0.0,0.0,0.0,0.0,0.0,0.0,0.02,0.0
BIOMD0000000456.txt,BioMD_metabolic,11,6,6,15,14,1,1,0,1,1,0,1,1,0,1,1,1,0.06666666666666667,0.06666666666666667,0.06666666666666667,0.0,1.0,0.0,1.0,0.16666666666666666,0.16666666666666666,0.02,0.0
BIOMD0000000498.txt,BioMD_metabolic,21,44,9,36,13,23,0,0,0,0,0,0,0,0,0,0,0,0.0,0.0,0.0,0.0,0.0,0.0,0.0,0.0,0.0,0.02,0.01
BIOMD0000000540.txt,BioMD_metabolic,22,11,11,55,46,9,9,0,9,9,0,9,9,0,9,2,7,0.16363636363636364,0.16363636363636364,0.16363636363636364,0.0,1.0,0.0,1.0,0.18181818181818182,0.6363636363636364,0.03,0.0
BIOMD0000000602.txt,BioMD_metabolic,56,42,21,210,198,12,20,19,1,11,10,1,8,8,0,4,3,0.09523809523809523,0.05238095238095238,0.0380952380952381,0.09595959595959595,0.08333333333333333,0.04040404040404041,0.0,0.19047619047619047,0.14285714285714285,0.02,0.01
BIOMD0000000627.txt,BioMD_metabolic,65,64,52,1326,1228,98,129,52,77,119,42,77,50,17,33,36,38,0.09728506787330317,0.08974358974358974,0.03770739064856712,0.04234527687296417,0.7857142857142857,0.013843648208469055,0.336734693877551,0.6923076923076923,0.7307692307692307,0.02,0.04
BIOMD0000000633.txt,BioMD_metabolic,30,35,11,55,38,17,9,2,7,9,2,7,7,1,6,6,7,0.16363636363636364,0.16363636363636364,0.12727272727272726,0.05263157894736842,0.4117647058823529,0.02631578947368421,0.35294117647058826,0.5454545454545454,0.6363636363636364,0.03,0.02
BIOMD0000000639.txt,BioMD_metabolic,17,10,8,28,15,13,6,2,4,6,2,4,4,1,3,4,4,0.21428571428571427,0.21428571428571427,0.14285714285714285,0.13333333333333333,0.3076923076923077,0.06666666666666667,0.23076923076923078,0.5,0.5,0.02,0.0
BIOMD0000000689.txt,BioMD_metabolic,17,10,8,28,15,13,6,2,4,6,2,4,4,1,3,4,4,0.21428571428571427,0.21428571428571427,0.14285714285714285,0.13333333333333333,0.3076923076923077,0.06666666666666667,0.23076923076923078,0.5,0.5,0.0,0.0
BIOMD0000000690.txt,BioMD_metabolic,17,10,8,28,15,13,6,2,4,6,2,4,4,1,3,4,4,0.21428571428571427,0.21428571428571427,0.14285714285714285,0.13333333333333333,0.3076923076923077,0.06666666666666667,0.23076923076923078,0.5,0.5,0.0,0.0
BIOMD0000000691.txt,BioMD_metabolic,17,18,13,78,58,20,18,12,6,12,6,6,12,6,6,6,10,0.23076923076923078,0.15384615384615385,0.15384615384615385,0.20689655172413793,0.3,0.10344827586206896,0.3,0.46153846153846156,0.7692307692307693,0.02,0.0
BIOMD0000000725.txt,BioMD_metabolic,51,31,29,406,396,10,0,0,0,0,0,0,0,0,0,0,0,0.0,0.0,0.0,0.0,0.0,0.0,0.0,0.0,0.0,0.03,0.02
BIOMD0000000961.txt,BioMD_metabolic,48,40,32,496,446,50,68,43,25,50,25,25,27,14,13,22,19,0.13709677419354838,0.10080645161290322,0.05443548387096774,0.09641255605381166,0.5,0.03139013452914798,0.26,0.6875,0.59375,0.02,0.02
BIOMD0000001055.txt,BioMD_metabolic,19,30,9,36,14,22,10,0,10,10,0,10,4,0,4,3,4,0.2777777777777778,0.2777777777777778,0.1111111111111111,0.0,0.45454545454545453,0.0,0.18181818181818182,0.3333333333333333,0.4444444444444444,0.02,0.0
BIOMD0000000005.txt,BioMD_cell_cycle,8,9,6,15,3,12,3,0,3,3,0,3,2,0,2,2,2,0.2,0.2,0.13333333333333333,0.0,0.25,0.0,0.16666666666666666,0.3333333333333333,0.3333333333333333,0.02,0.0
BIOMD0000000007.txt,BioMD_cell_cycle,19,25,12,66,50,16,0,0,0,0,0,0,0,0,0,0,0,0.0,0.0,0.0,0.0,0.0,0.0,0.0,0.0,0.0,0.02,0.0
BIOMD0000000056.txt,BioMD_cell_cycle,46,94,33,528,424,104,37,6,31,37,6,31,20,3,17,15,12,0.07007575757575757,0.07007575757575757,0.03787878787878788,0.014150943396226415,0.2980769230769231,0.007075471698113208,0.16346153846153846,0.45454545454545453,0.36363636363636365,0.02,0.05
BIOMD0000000069.txt,BioMD_cell_cycle,10,7,6,15,13,2,3,1,2,3,1,2,3,1,2,2,3,0.2,0.2,0.2,0.07692307692307693,1.0,0.07692307692307693,1.0,0.3333333333333333,0.5,0.03,0.0
BIOMD0000000107.txt,BioMD_cell_cycle,14,23,11,55,36,19,5,0,5,5,0,5,5,0,5,4,4,0.09090909090909091,0.09090909090909091,0.09090909090909091,0.0,0.2631578947368421,0.0,0.2631578947368421,0.36363636363636365,0.36363636363636365,0.02,0.0
BIOMD0000000109.txt,BioMD_cell_cycle,49,138,19,171,119,52,6,0,6,6,0,6,4,0,4,4,3,0.03508771929824561,0.03508771929824561,0.023391812865497075,0.0,0.11538461538461539,0.0,0.07692307692307693,0.21052631578947367,0.15789473684210525,0.03,0.03
BIOMD0000000110.txt,BioMD_cell_cycle,13,22,7,21,11,10,3,0,3,3,0,3,3,0,3,1,3,0.14285714285714285,0.14285714285714285,0.14285714285714285,0.0,0.3,0.0,0.3,0.14285714285714285,0.42857142857142855,0.03,0.0
BIOMD0000000111.txt,BioMD_cell_cycle,10,19,6,15,3,12,4,0,4,4,0,4,2,0,2,1,2,0.26666666666666666,0.26666666666666666,0.13333333333333333,0.0,0.3333333333333333,0.0,0.16666666666666666,0.16666666666666666,0.3333333333333333,0.02,0.0
BIOMD0000000144.txt,BioMD_cell_cycle,18,54,6,15,6,9,0,0,0,0,0,0,0,0,0,0,0,0.0,0.0,0.0,0.0,0.0,0.0,0.0,0.0,0.0,0.02,0.01
BIOMD0000000168.txt,BioMD_cell_cycle,7,10,10,45,22,23,0,0,0,0,0,0,0,0,0,0,0,0.0,0.0,0.0,0.0,0.0,0.0,0.0,0.0,0.0,0.03,0.0
BIOMD0000000195.txt,BioMD_cell_cycle,10,20,8,28,9,19,4,0,4,4,0,4,2,0,2,1,2,0.14285714285714285,0.14285714285714285,0.07142857142857142,0.0,0.21052631578947367,0.0,0.10526315789473684,0.125,0.25,0.02,0.0
BIOMD0000000196.txt,BioMD_cell_cycle,11,13,9,36,22,14,7,3,4,7,3,4,5,2,3,4,4,0.19444444444444445,0.19444444444444445,0.1388888888888889,0.13636363636363635,0.2857142857142857,0.09090909090909091,0.21428571428571427,0.4444444444444444,0.4444444444444444,0.02,0.0
BIOMD0000000207.txt,BioMD_cell_cycle,6,6,6,15,11,4,4,2,2,4,2,2,2,0,2,2,2,0.26666666666666666,0.26666666666666666,0.13333333333333333,0.18181818181818182,0.5,0.0,0.5,0.3333333333333333,0.3333333333333333,0.03,0.0
BIOMD0000000265.txt,BioMD_cell_cycle,23,52,18,153,78,75,7,0,7,7,0,7,3,0,3,3,2,0.0457516339869281,0.0457516339869281,0.0196078431372549,0.0,0.09333333333333334,0.0,0.04,0.16666666666666666,0.1111111111111111,0.02,0.03
BIOMD0000000406.txt,BioMD_cell_cycle,49,51,51,1275,1255,20,140,121,19,69,50,19,121,104,17,41,38,0.10980392156862745,0.05411764705882353,0.09490196078431372,0.09641434262948208,0.95,0.08286852589641434,0.85,0.803921568627451,0.7450980392156863,0.02,0.03
BIOMD0000000409.txt,BioMD_cell_cycle,24,31,26,325,282,43,57,24,33,45,12,33,28,11,17,19,14,0.1753846153846154,0.13846153846153847,0.08615384615384615,0.0851063829787234,0.7674418604651163,0.03900709219858156,0.3953488372093023,0.7307692307692307,0.5384615384615384,0.02,0.01
BIOMD0000000697.txt,BioMD_cell_cycle,14,30,9,36,13,23,3,0,3,3,0,3,1,0,1,1,1,0.08333333333333333,0.08333333333333333,0.027777777777777776,0.0,0.13043478260869565,0.0,0.043478260869565216,0.1111111111111111,0.1111111111111111,0.02,0.0
BIOMD0000000699.txt,BioMD_cell_cycle,24,48,25,300,235,65,39,11,28,28,0,28,13,2,11,10,9,0.13,0.09333333333333334,0.043333333333333335,0.04680851063829787,0.4307692307692308,0.00851063829787234,0.16923076923076924,0.4,0.36,0.03,0.01
BIOMD0000000700.txt,BioMD_cell_cycle,23,49,25,300,205,95,72,18,54,55,1,54,16,2,14,13,12,0.24,0.18333333333333332,0.05333333333333334,0.08780487804878048,0.5684210526315789,0.00975609756097561,0.14736842105263157,0.52,0.48,0.02,0.02
BIOMD0000000701.txt,BioMD_cell_cycle,24,48,25,300,235,65,39,11,28,28,0,28,13,2,11,10,9,0.13,0.09333333333333334,0.043333333333333335,0.04680851063829787,0.4307692307692308,0.00851063829787234,0.16923076923076924,0.4,0.36,0.0,0.01
BIOMD0000000702.txt,BioMD_cell_cycle,24,48,25,300,235,65,39,11,28,28,0,28,13,2,11,10,9,0.13,0.09333333333333334,0.043333333333333335,0.04680851063829787,0.4307692307692308,0.00851063829787234,0.16923076923076924,0.4,0.36,0.0,0.02
BIOMD0000000718.txt,BioMD_cell_cycle,16,29,18,153,110,43,13,4,9,13,4,9,10,3,7,10,6,0.08496732026143791,0.08496732026143791,0.06535947712418301,0.03636363636363636,0.20930232558139536,0.02727272727272727,0.16279069767441862,0.5555555555555556,0.3333333333333333,0.02,0.01
BIOMD0000000719.txt,BioMD_cell_cycle,6,9,5,10,3,7,2,0,2,2,0,2,2,0,2,2,1,0.2,0.2,0.2,0.0,0.2857142857142857,0.0,0.2857142857142857,0.4,0.2,0.02,0.0
BIOMD0000000720.txt,BioMD_cell_cycle,9,25,12,66,15,51,10,0,10,10,0,10,3,0,3,3,2,0.15151515151515152,0.15151515151515152,0.045454545454545456,0.0,0.19607843137254902,0.0,0.058823529411764705,0.25,0.16666666666666666,0.03,0.0
BIOMD0000000723.txt,BioMD_cell_cycle,25,73,21,210,134,76,17,0,17,17,0,17,4,0,4,3,4,0.08095238095238096,0.08095238095238096,0.01904761904761905,0.0,0.2236842105263158,0.0,0.05263157894736842,0.14285714285714285,0.19047619047619047,0.03,0.02
BIOMD0000000918.txt,BioMD_cell_cycle,8,7,6,15,7,8,0,0,0,0,0,0,0,0,0,0,0,0.0,0.0,0.0,0.0,0.0,0.0,0.0,0.0,0.0,0.03,0.0
BIOMD0000000934.txt,BioMD_cell_cycle,13,19,4,6,1,5,0,0,0,0,0,0,0,0,0,0,0,0.0,0.0,0.0,0.0,0.0,0.0,0.0,0.0,0.0,0.03,0.0
BIOMD0000000939.txt,BioMD_cell_cycle,56,126,44,946,765,181,92,31,61,74,13,61,18,4,14,14,13,0.09725158562367865,0.07822410147991543,0.019027484143763214,0.040522875816993466,0.3370165745856354,0.00522875816993464,0.07734806629834254,0.3181818181818182,0.29545454545454547,0.03,0.11
BIOMD0000000941.txt,BioMD_cell_cycle,8,12,9,36,16,20,11,4,7,7,0,7,4,1,3,4,3,0.3055555555555556,0.19444444444444445,0.1111111111111111,0.25,0.35,0.0625,0.15,0.4444444444444444,0.3333333333333333,0.03,0.0
BIOMD0000000942.txt,BioMD_cell_cycle,14,15,14,91,70,21,17,11,6,14,8,6,12,6,6,7,6,0.18681318681318682,0.15384615384615385,0.13186813186813187,0.15714285714285714,0.2857142857142857,0.08571428571428572,0.2857142857142857,0.5,0.42857142857142855,0.03,0.0
BIOMD0000000943.txt,BioMD_cell_cycle,43,83,44,946,778,168,47,12,35,46,11,35,21,6,15,18,11,0.049682875264270614,0.048625792811839326,0.022198731501057084,0.015424164524421594,0.20833333333333334,0.007712082262210797,0.08928571428571429,0.4090909090909091,0.25,0.02,0.06
BIOMD0000000952.txt,BioMD_cell_cycle,13,15,9,36,23,13,2,0,2,2,0,2,2,0,2,2,1,0.05555555555555555,0.05555555555555555,0.05555555555555555,0.0,0.15384615384615385,0.0,0.15384615384615385,0.2222222222222222,0.1111111111111111,0.03,0.0
BIOMD0000000954.txt,BioMD_cell_cycle,24,36,28,378,319,59,45,35,10,13,3,10,30,23,7,12,13,0.11904761904761904,0.03439153439153439,0.07936507936507936,0.109717868338558,0.1694915254237288,0.07210031347962383,0.11864406779661017,0.42857142857142855,0.4642857142857143,0.03,0.03
BIOMD0000001044.txt,BioMD_cell_cycle,16,39,4,6,2,4,1,0,1,1,0,1,1,0,1,1,1,0.16666666666666666,0.16666666666666666,0.16666666666666666,0.0,0.25,0.0,0.25,0.25,0.25,0.03,0.0
BIOMD0000000021.txt,BioMD_circadian,10,24,5,10,4,6,0,0,0,0,0,0,0,0,0,0,0,0.0,0.0,0.0,0.0,0.0,0.0,0.0,0.0,0.0,0.02,0.0
BIOMD0000000022.txt,BioMD_circadian,13,32,12,66,48,18,13,6,7,13,6,7,3,0,3,3,3,0.19696969696969696,0.19696969696969696,0.045454545454545456,0.125,0.3888888888888889,0.0,0.16666666666666666,0.25,0.25,0.04,0.01
BIOMD0000000035.txt,BioMD_circadian,10,16,9,36,20,16,13,2,11,13,2,11,5,0,5,5,3,0.3611111111111111,0.3611111111111111,0.1388888888888889,0.1,0.6875,0.0,0.3125,0.5555555555555556,0.3333333333333333,0.04,0.0
BIOMD0000000055.txt,BioMD_circadian,13,32,4,6,0,6,0,0,0,0,0,0,0,0,0,0,0,0.0,0.0,0.0,0.0,0.0,0.0,0.0,0.0,0.0,0.04,0.01
BIOMD0000000073.txt,BioMD_circadian,16,48,9,36,21,15,1,0,1,1,0,1,1,0,1,1,1,0.027777777777777776,0.027777777777777776,0.027777777777777776,0.0,0.06666666666666667,0.0,0.06666666666666667,0.1111111111111111,0.1111111111111111,0.04,0.01
BIOMD0000000074.txt,BioMD_circadian,19,57,9,36,21,15,1,0,1,1,0,1,1,0,1,1,1,0.027777777777777776,0.027777777777777776,0.027777777777777776,0.0,0.06666666666666667,0.0,0.06666666666666667,0.1111111111111111,0.1111111111111111,0.04,0.01
BIOMD0000000078.txt,BioMD_circadian,16,48,9,36,21,15,1,0,1,1,0,1,1,0,1,1,1,0.027777777777777776,0.027777777777777776,0.027777777777777776,0.0,0.06666666666666667,0.0,0.06666666666666667,0.1111111111111111,0.1111111111111111,0.0,0.01
BIOMD0000000083.txt,BioMD_circadian,19,57,9,36,21,15,1,0,1,1,0,1,1,0,1,1,1,0.027777777777777776,0.027777777777777776,0.027777777777777776,0.0,0.06666666666666667,0.0,0.06666666666666667,0.1111111111111111,0.1111111111111111,0.03,0.01
BIOMD0000000089.txt,BioMD_circadian,16,36,11,55,18,37,12,0,12,12,0,12,4,0,4,4,4,0.21818181818181817,0.21818181818181817,0.07272727272727272,0.0,0.32432432432432434,0.0,0.10810810810810811,0.36363636363636365,0.36363636363636365,0.04,0.02
BIOMD0000000090.txt,BioMD_circadian,26,21,20,190,167,23,38,24,14,35,21,14,22,11,11,14,15,0.2,0.18421052631578946,0.11578947368421053,0.1437125748502994,0.6086956521739131,0.0658682634730539,0.4782608695652174,0.7,0.75,0.04,0.01
BIOMD0000000095.txt,BioMD_circadian,19,46,4,6,0,6,0,0,0,0,0,0,0,0,0,0,0,0.0,0.0,0.0,0.0,0.0,0.0,0.0,0.0,0.0,0.04,0.01
BIOMD0000000096.txt,BioMD_circadian,19,46,4,6,0,6,0,0,0,0,0,0,0,0,0,0,0,0.0,0.0,0.0,0.0,0.0,0.0,0.0,0.0,0.0,0.0,0.01
BIOMD0000000097.txt,BioMD_circadian,19,46,4,6,0,6,0,0,0,0,0,0,0,0,0,0,0,0.0,0.0,0.0,0.0,0.0,0.0,0.0,0.0,0.0,0.0,0.01
BIOMD0000000099.txt,BioMD_circadian,7,14,4,6,0,6,2,0,2,2,0,2,1,0,1,1,1,0.3333333333333333,0.3333333333333333,0.16666666666666666,0.0,0.3333333333333333,0.0,0.16666666666666666,0.25,0.25,0.04,0.0
BIOMD0000000122.txt,BioMD_circadian,14,17,9,36,26,10,9,2,7,9,2,7,6,2,4,4,4,0.25,0.25,0.16666666666666666,0.07692307692307693,0.7,0.07692307692307693,0.4,0.4444444444444444,0.4444444444444444,0.06,0.01
BIOMD0000000145.txt,BioMD_circadian,6,11,5,10,3,7,2,0,2,2,0,2,1,0,1,1,1,0.2,0.2,0.1,0.0,0.2857142857142857,0.0,0.14285714285714285,0.2,0.2,0.04,0.0
BIOMD0000000160.txt,BioMD_circadian,25,41,26,325,282,43,36,0,36,36,0,36,24,0,24,14,11,0.11076923076923077,0.11076923076923077,0.07384615384615385,0.0,0.8372093023255814,0.0,0.5581395348837209,0.5384615384615384,0.4230769230769231,0.04,0.01
BIOMD0000000171.txt,BioMD_circadian,10,26,5,10,4,6,0,0,0,0,0,0,0,0,0,0,0,0.0,0.0,0.0,0.0,0.0,0.0,0.0,0.0,0.0,0.03,0.0
BIOMD0000000214.txt,BioMD_circadian,12,24,13,78,44,34,29,0,29,29,0,29,10,0,10,9,10,0.3717948717948718,0.3717948717948718,0.1282051282051282,0.0,0.8529411764705882,0.0,0.29411764705882354,0.6923076923076923,0.7692307692307693,0.03,0.01
BIOMD0000000229.txt,BioMD_circadian,7,14,6,15,3,12,3,0,3,3,0,3,2,0,2,2,1,0.2,0.2,0.13333333333333333,0.0,0.25,0.0,0.16666666666666666,0.3333333333333333,0.16666666666666666,0.03,0.0
BIOMD0000000246.txt,BioMD_circadian,20,41,16,120,73,47,27,1,26,27,1,26,10,0,10,7,10,0.225,0.225,0.08333333333333333,0.0136986301369863,0.5531914893617021,0.0,0.2127659574468085,0.4375,0.625,0.03,0.01
BIOMD0000000273.txt,BioMD_circadian,19,38,23,253,171,82,33,0,33,33,0,33,13,0,13,12,8,0.13043478260869565,0.13043478260869565,0.05138339920948617,0.0,0.4024390243902439,0.0,0.15853658536585366,0.5217391304347826,0.34782608695652173,0.03,0.01
BIOMD0000000308.txt,BioMD_circadian,6,6,6,15,11,4,6,2,4,5,1,4,6,2,4,4,3,0.4,0.3333333333333333,0.4,0.18181818181818182,1.0,0.18181818181818182,1.0,0.6666666666666666,0.5,0.02,0.0
BIOMD0000000350.txt,BioMD_circadian,14,30,9,36,16,20,9,0,9,9,0,9,4,0,4,4,4,0.25,0.25,0.1111111111111111,0.0,0.45,0.0,0.2,0.4444444444444444,0.4444444444444444,0.03,0.01
BIOMD0000000411.txt,BioMD_circadian,10,13,9,36,26,10,10,3,7,10,3,7,6,0,6,4,4,0.2777777777777778,0.2777777777777778,0.16666666666666666,0.11538461538461539,0.7,0.0,0.6,0.4444444444444444,0.4444444444444444,0.03,0.0
BIOMD0000000631.txt,BioMD_circadian,12,33,14,91,48,43,11,0,11,11,0,11,5,0,5,5,3,0.12087912087912088,0.12087912087912088,0.054945054945054944,0.0,0.2558139534883721,0.0,0.11627906976744186,0.35714285714285715,0.21428571428571427,0.03,0.01
BIOMD0000000975.txt,BioMD_circadian,16,48,9,36,21,15,1,0,1,1,0,1,1,0,1,1,1,0.027777777777777776,0.027777777777777776,0.027777777777777776,0.0,0.06666666666666667,0.0,0.06666666666666667,0.1111111111111111,0.1111111111111111,0.02,0.01
BIOMD0000001006.txt,BioMD_circadian,9,21,5,10,4,6,1,0,1,1,0,1,1,0,1,1,1,0.1,0.1,0.1,0.0,0.16666666666666666,0.0,0.16666666666666666,0.2,0.2,0.03,0.0
BIOMD0000000001.txt,BioMD_signaling,12,17,11,55,18,37,37,0,37,37,0,37,15,0,15,9,10,0.6727272727272727,0.6727272727272727,0.2727272727272727,0.0,1.0,0.0,0.40540540540540543,0.8181818181818182,0.9090909090909091,0.03,0.0
BIOMD0000000002.txt,BioMD_signaling,13,17,17,136,75,61,67,12,55,55,0,55,15,2,13,15,10,0.49264705882352944,0.40441176470588236,0.11029411764705882,0.16,0.9016393442622951,0.02666666666666667,0.21311475409836064,0.8823529411764706,0.5882352941176471,0.03,0.01
BIOMD0000000009.txt,BioMD_signaling,22,20,20,190,164,26,55,29,26,37,11,26,26,12,14,20,20,0.2894736842105263,0.19473684210526315,0.1368421052631579,0.17682926829268292,1.0,0.07317073170731707,0.5384615384615384,1.0,1.0,0.03,0.01
BIOMD0000000010.txt,BioMD_signaling,8,10,8,28,16,12,12,0,12,12,0,12,8,0,8,5,5,0.42857142857142855,0.42857142857142855,0.2857142857142857,0.0,1.0,0.0,0.6666666666666666,0.625,0.625,0.03,0.0
BIOMD0000000011.txt,BioMD_signaling,22,30,10,45,41,4,0,0,0,0,0,0,0,0,0,0,0,0.0,0.0,0.0,0.0,0.0,0.0,0.0,0.0,0.0,0.03,0.0
BIOMD0000000026.txt,BioMD_signaling,11,10,10,45,24,21,33,12,21,22,1,21,12,4,8,10,10,0.7333333333333333,0.4888888888888889,0.26666666666666666,0.5,1.0,0.16666666666666666,0.38095238095238093,1.0,1.0,0.03,0.0
BIOMD0000000028.txt,BioMD_signaling,16,17,16,120,90,30,49,19,30,30,0,30,20,7,13,16,16,0.4083333333333333,0.25,0.16666666666666666,0.2111111111111111,1.0,0.07777777777777778,0.43333333333333335,1.0,1.0,0.02,0.0
BIOMD0000000030.txt,BioMD_signaling,18,20,18,153,111,42,65,23,42,43,1,42,24,8,16,18,18,0.42483660130718953,0.28104575163398693,0.1568627450980392,0.2072072072072072,1.0,0.07207207207207207,0.38095238095238093,1.0,1.0,0.03,0.01
BIOMD0000000032.txt,BioMD_signaling,37,47,25,300,268,32,31,11,20,28,8,20,22,6,16,15,11,0.10333333333333333,0.09333333333333334,0.07333333333333333,0.041044776119402986,0.625,0.022388059701492536,0.5,0.6,0.44,0.04,0.01
BIOMD0000000037.txt,BioMD_signaling,12,12,7,21,17,4,4,2,2,4,2,2,4,2,2,3,3,0.19047619047619047,0.19047619047619047,0.19047619047619047,0.11764705882352941,0.5,0.11764705882352941,0.5,0.42857142857142855,0.42857142857142855,0.03,0.0
BIOMD0000000048.txt,BioMD_signaling,23,25,15,105,73,32,25,8,17,17,0,17,9,2,7,7,7,0.23809523809523808,0.1619047619047619,0.08571428571428572,0.1095890410958904,0.53125,0.0273972602739726,0.21875,0.4666666666666667,0.4666666666666667,0.03,0.01
BIOMD0000000084.txt,BioMD_signaling,8,8,7,21,15,6,5,0,5,5,0,5,5,0,5,3,3,0.23809523809523808,0.23809523809523808,0.23809523809523808,0.0,0.8333333333333334,0.0,0.8333333333333334,0.42857142857142855,0.42857142857142855,0.03,0.0
BIOMD0000000093.txt,BioMD_signaling,34,46,32,496,377,119,112,35,77,92,15,77,20,4,16,20,15,0.22580645161290322,0.18548387096774194,0.04032258064516129,0.09283819628647215,0.6470588235294118,0.010610079575596816,0.13445378151260504,0.625,0.46875,0.03,0.02
BIOMD0000000094.txt,BioMD_signaling,34,45,35,595,504,91,143,70,73,112,39,73,28,8,20,27,18,0.24033613445378152,0.18823529411764706,0.047058823529411764,0.1388888888888889,0.8021978021978022,0.015873015873015872,0.21978021978021978,0.7714285714285715,0.5142857142857142,0.03,0.02
BIOMD0000000112.txt,BioMD_signaling,10,8,8,28,14,14,19,5,14,17,3,14,8,2,6,6,8,0.6785714285714286,0.6071428571428571,0.2857142857142857,0.35714285714285715,1.0,0.14285714285714285,0.42857142857142855,0.75,1.0,0.02,0.0
BIOMD0000000125.txt,BioMD_signaling,5,7,5,10,2,8,6,0,6,6,0,6,2,0,2,1,2,0.6,0.6,0.2,0.0,0.75,0.0,0.25,0.2,0.4,0.04,0.0
BIOMD0000000137.txt,BioMD_signaling,21,20,14,91,61,30,18,1,17,18,1,17,9,1,8,5,7,0.1978021978021978,0.1978021978021978,0.0989010989010989,0.01639344262295082,0.5666666666666667,0.01639344262295082,0.26666666666666666,0.35714285714285715,0.5,0.03,0.0
BIOMD0000000139.txt,BioMD_signaling,24,45,4,6,1,5,0,0,0,0,0,0,0,0,0,0,0,0.0,0.0,0.0,0.0,0.0,0.0,0.0,0.0,0.0,0.04,0.01
BIOMD0000000140.txt,BioMD_signaling,24,45,4,6,1,5,0,0,0,0,0,0,0,0,0,0,0,0.0,0.0,0.0,0.0,0.0,0.0,0.0,0.0,0.0,0.03,0.0
BIOMD0000000146.txt,BioMD_signaling,36,34,22,231,209,22,20,6,14,18,4,14,13,3,10,11,10,0.08658008658008658,0.07792207792207792,0.05627705627705628,0.028708133971291867,0.6363636363636364,0.014354066985645933,0.45454545454545453,0.5,0.45454545454545453,0.03,0.01
BIOMD0000000162.txt,BioMD_signaling,32,45,30,435,401,34,52,48,4,51,47,4,42,40,2,11,14,0.11954022988505747,0.11724137931034483,0.09655172413793103,0.11970074812967581,0.11764705882352941,0.09975062344139651,0.058823529411764705,0.36666666666666664,0.4666666666666667,0.03,0.01
BIOMD0000000163.txt,BioMD_signaling,16,26,4,6,1,5,0,0,0,0,0,0,0,0,0,0,0,0.0,0.0,0.0,0.0,0.0,0.0,0.0,0.0,0.0,0.03,0.0
BIOMD0000000165.txt,BioMD_signaling,37,30,24,276,232,44,42,25,17,40,23,17,22,13,9,16,14,0.15217391304347827,0.14492753623188406,0.07971014492753623,0.10775862068965517,0.38636363636363635,0.05603448275862069,0.20454545454545456,0.6666666666666666,0.5833333333333334,0.03,0.01
BIOMD0000000200.txt,BioMD_signaling,21,34,23,253,158,95,64,0,64,64,0,64,23,0,23,18,9,0.25296442687747034,0.25296442687747034,0.09090909090909091,0.0,0.6736842105263158,0.0,0.24210526315789474,0.782608695652174,0.391304347826087,0.05,0.01
BIOMD0000000201.txt,BioMD_signaling,25,33,16,120,84,36,16,1,15,16,1,15,10,1,9,8,6,0.13333333333333333,0.13333333333333333,0.08333333333333333,0.011904761904761904,0.4166666666666667,0.011904761904761904,0.25,0.5,0.375,0.03,0.01
BIOMD0000000226.txt,BioMD_signaling,24,24,19,171,143,28,43,21,22,37,15,22,17,4,13,15,11,0.25146198830409355,0.21637426900584794,0.09941520467836257,0.14685314685314685,0.7857142857142857,0.027972027972027972,0.4642857142857143,0.7894736842105263,0.5789473684210527,0.02,0.01
BIOMD0000000230.txt,BioMD_signaling,26,64,19,171,127,44,12,0,12,12,0,12,6,0,6,4,4,0.07017543859649122,0.07017543859649122,0.03508771929824561,0.0,0.2727272727272727,0.0,0.13636363636363635,0.21052631578947367,0.21052631578947367,0.03,0.02
BIOMD0000000243.txt,BioMD_signaling,23,23,23,253,235,18,29,11,18,23,5,18,24,11,13,13,19,0.11462450592885376,0.09090909090909091,0.09486166007905138,0.04680851063829787,1.0,0.04680851063829787,0.7222222222222222,0.5652173913043478,0.8260869565217391,0.04,0.01
BIOMD0000000262.txt,BioMD_signaling,11,11,9,36,27,9,9,1,8,9,1,8,7,0,7,5,5,0.25,0.25,0.19444444444444445,0.037037037037037035,0.8888888888888888,0.0,0.7777777777777778,0.5555555555555556,0.5555555555555556,0.02,0.0
BIOMD0000000263.txt,BioMD_signaling,11,11,9,36,27,9,9,1,8,9,1,8,7,0,7,5,5,0.25,0.25,0.19444444444444445,0.037037037037037035,0.8888888888888888,0.0,0.7777777777777778,0.5555555555555556,0.5555555555555556,0.03,0.0
BIOMD0000000264.txt,BioMD_signaling,14,15,13,78,64,14,14,4,10,12,2,10,8,0,8,6,6,0.1794871794871795,0.15384615384615385,0.10256410256410256,0.0625,0.7142857142857143,0.0,0.5714285714285714,0.46153846153846156,0.46153846153846156,0.03,0.0
BIOMD0000000270.txt,BioMD_signaling,33,42,35,595,502,93,98,7,91,96,5,91,37,3,34,27,24,0.16470588235294117,0.16134453781512606,0.06218487394957983,0.013944223107569721,0.978494623655914,0.00597609561752988,0.3655913978494624,0.7714285714285715,0.6857142857142857,0.03,0.02
BIOMD0000000313.txt,BioMD_signaling,16,16,14,91,70,21,20,6,14,18,4,14,11,5,6,9,7,0.21978021978021978,0.1978021978021978,0.12087912087912088,0.08571428571428572,0.6666666666666666,0.07142857142857142,0.2857142857142857,0.6428571428571429,0.5,0.03,0.01
BIOMD0000000314.txt,BioMD_signaling,12,12,11,55,43,12,14,6,8,11,3,8,9,5,4,8,6,0.2545454545454545,0.2,0.16363636363636364,0.13953488372093023,0.6666666666666666,0.11627906976744186,0.3333333333333333,0.7272727272727273,0.5454545454545454,0.03,0.0
BIOMD0000000351.txt,BioMD_signaling,6,12,6,15,3,12,6,1,5,5,0,5,2,0,2,1,2,0.4,0.3333333333333333,0.13333333333333333,0.3333333333333333,0.4166666666666667,0.0,0.16666666666666666,0.16666666666666666,0.3333333333333333,0.02,0.0
BIOMD0000000352.txt,BioMD_signaling,6,12,6,15,3,12,6,1,5,5,0,5,2,0,2,1,2,0.4,0.3333333333333333,0.13333333333333333,0.3333333333333333,0.4166666666666667,0.0,0.16666666666666666,0.16666666666666666,0.3333333333333333,0.0,0.0
BIOMD0000000355.txt,BioMD_signaling,8,17,8,28,17,11,9,0,9,9,0,9,5,0,5,3,5,0.32142857142857145,0.32142857142857145,0.17857142857142858,0.0,0.8181818181818182,0.0,0.45454545454545453,0.375,0.625,0.03,0.0
BIOMD0000000394.txt,BioMD_signaling,23,10,10,45,44,1,3,2,1,3,2,1,3,2,1,3,3,0.06666666666666667,0.06666666666666667,0.06666666666666667,0.045454545454545456,1.0,0.045454545454545456,1.0,0.3,0.3,0.03,0.0
BIOMD0000000395.txt,BioMD_signaling,22,12,12,66,60,6,14,8,6,13,7,6,9,5,4,8,8,0.21212121212121213,0.19696969696969696,0.13636363636363635,0.13333333333333333,1.0,0.08333333333333333,0.6666666666666666,0.6666666666666666,0.6666666666666666,0.03,0.0
BIOMD0000000396.txt,BioMD_signaling,36,16,16,120,117,3,14,12,2,14,12,2,14,12,2,10,11,0.11666666666666667,0.11666666666666667,0.11666666666666667,0.10256410256410256,0.6666666666666666,0.10256410256410256,0.6666666666666666,0.625,0.6875,0.03,0.0
BIOMD0000000398.txt,BioMD_signaling,27,12,12,66,62,4,4,1,3,4,1,3,4,1,3,4,4,0.06060606060606061,0.06060606060606061,0.06060606060606061,0.016129032258064516,0.75,0.016129032258064516,0.75,0.3333333333333333,0.3333333333333333,0.03,0.0
BIOMD0000000408.txt,BioMD_signaling,10,9,9,36,24,12,11,4,7,11,4,7,5,1,4,4,5,0.3055555555555556,0.3055555555555556,0.1388888888888889,0.16666666666666666,0.5833333333333334,0.041666666666666664,0.3333333333333333,0.4444444444444444,0.5555555555555556,0.03,0.0
BIOMD0000000410.txt,BioMD_signaling,53,91,23,253,185,68,44,7,37,44,7,37,17,2,15,13,13,0.17391304347826086,0.17391304347826086,0.06719367588932806,0.03783783783783784,0.5441176470588235,0.010810810810810811,0.22058823529411764,0.5652173913043478,0.5652173913043478,0.03,0.08
BIOMD0000000423.txt,BioMD_signaling,9,11,7,21,9,12,7,0,7,7,0,7,4,0,4,2,3,0.3333333333333333,0.3333333333333333,0.19047619047619047,0.0,0.5833333333333334,0.0,0.3333333333333333,0.2857142857142857,0.42857142857142855,0.05,0.0
BIOMD0000000432.txt,BioMD_signaling,11,10,7,21,14,7,0,0,0,0,0,0,0,0,0,0,0,0.0,0.0,0.0,0.0,0.0,0.0,0.0,0.0,0.0,0.03,0.0
BIOMD0000000433.txt,BioMD_signaling,11,10,7,21,14,7,0,0,0,0,0,0,0,0,0,0,0,0.0,0.0,0.0,0.0,0.0,0.0,0.0,0.0,0.0,0.0,0.0
BIOMD0000000435.txt,BioMD_signaling,4,8,4,6,3,3,0,0,0,0,0,0,0,0,0,0,0,0.0,0.0,0.0,0.0,0.0,0.0,0.0,0.0,0.0,0.03,0.0
BIOMD0000000440.txt,BioMD_signaling,11,10,6,15,15,0,0,0,0,0,0,0,0,0,0,0,0,0.0,0.0,0.0,0.0,0.0,0.0,0.0,0.0,0.0,0.03,0.0
BIOMD0000000441.txt,BioMD_signaling,11,10,6,15,15,0,0,0,0,0,0,0,0,0,0,0,0,0.0,0.0,0.0,0.0,0.0,0.0,0.0,0.0,0.0,0.0,0.0
BIOMD0000000464.txt,BioMD_signaling,14,10,8,28,22,6,0,0,0,0,0,0,0,0,0,0,0,0.0,0.0,0.0,0.0,0.0,0.0,0.0,0.0,0.0,0.03,0.0
BIOMD0000000545.txt,BioMD_signaling,12,10,8,28,26,2,0,0,0,0,0,0,0,0,0,0,0,0.0,0.0,0.0,0.0,0.0,0.0,0.0,0.0,0.0,0.03,0.0
BIOMD0000000594.txt,BioMD_signaling,29,120,5,10,4,6,0,0,0,0,0,0,0,0,0,0,0,0.0,0.0,0.0,0.0,0.0,0.0,0.0,0.0,0.0,0.02,0.01
BIOMD0000000600.txt,BioMD_signaling,18,29,11,55,39,16,5,0,5,5,0,5,3,0,3,3,2,0.09090909090909091,0.09090909090909091,0.05454545454545454,0.0,0.3125,0.0,0.1875,0.2727272727272727,0.18181818181818182,0.03,0.01
BIOMD0000000613.txt,BioMD_signaling,30,58,4,6,3,3,0,0,0,0,0,0,0,0,0,0,0,0.0,0.0,0.0,0.0,0.0,0.0,0.0,0.0,0.0,0.02,0.01
BIOMD0000000647.txt,BioMD_signaling,11,11,4,6,5,1,0,0,0,0,0,0,0,0,0,0,0,0.0,0.0,0.0,0.0,0.0,0.0,0.0,0.0,0.0,0.03,0.0
BIOMD0000000652_manyOrgs.txt,BioMD_signaling,95,126,109,5886,5633,253,281,152,129,254,125,129,106,41,65,71,38,0.04774040095141013,0.043153244988107374,0.018008834522595992,0.026983845197940705,0.5098814229249012,0.007278537191549796,0.25691699604743085,0.6513761467889908,0.3486238532110092,0.03,0.23
BIOMD0000000658.txt,BioMD_signaling,16,17,9,36,20,16,7,1,6,7,1,6,5,1,4,4,3,0.19444444444444445,0.19444444444444445,0.1388888888888889,0.05,0.375,0.05,0.25,0.4444444444444444,0.3333333333333333,0.04,0.0
BIOMD0000000664.txt,BioMD_signaling,8,15,11,55,28,27,12,0,12,12,0,12,3,0,3,3,2,0.21818181818181817,0.21818181818181817,0.05454545454545454,0.0,0.4444444444444444,0.0,0.1111111111111111,0.2727272727272727,0.18181818181818182,0.03,0.0
BIOMD0000000724.txt,BioMD_signaling,31,28,22,231,218,13,27,14,13,22,9,13,20,12,8,17,20,0.11688311688311688,0.09523809523809523,0.08658008658008658,0.06422018348623854,1.0,0.05504587155963303,0.6153846153846154,0.7727272727272727,0.9090909090909091,0.03,0.01
BIOMD0000000786.txt,BioMD_signaling,16,32,14,91,48,43,19,0,19,19,0,19,7,0,7,7,5,0.2087912087912088,0.2087912087912088,0.07692307692307693,0.0,0.4418604651162791,0.0,0.16279069767441862,0.5,0.35714285714285715,0.03,0.01
BIOMD0000000794.txt,BioMD_signaling,17,32,15,105,52,53,28,6,22,26,4,22,7,1,6,7,5,0.26666666666666666,0.24761904761904763,0.06666666666666667,0.11538461538461539,0.41509433962264153,0.019230769230769232,0.11320754716981132,0.4666666666666667,0.3333333333333333,0.03,0.01
BIOMD0000000803.txt,BioMD_signaling,9,8,4,6,4,2,0,0,0,0,0,0,0,0,0,0,0,0.0,0.0,0.0,0.0,0.0,0.0,0.0,0.0,0.0,0.03,0.0
BIOMD0000000818.txt,BioMD_signaling,10,10,10,45,37,8,8,2,6,8,2,6,6,0,6,5,5,0.17777777777777778,0.17777777777777778,0.13333333333333333,0.05405405405405406,0.75,0.0,0.75,0.5,0.5,0.03,0.0
BIOMD0000000823.txt,BioMD_signaling,15,18,16,120,83,37,20,0,20,20,0,20,14,0,14,8,8,0.16666666666666666,0.16666666666666666,0.11666666666666667,0.0,0.5405405405405406,0.0,0.3783783783783784,0.5,0.5,0.03,0.0
BIOMD0000000826.txt,BioMD_signaling,13,25,17,136,87,49,26,2,24,25,1,24,10,2,8,9,5,0.19117647058823528,0.18382352941176472,0.07352941176470588,0.022988505747126436,0.4897959183673469,0.022988505747126436,0.16326530612244897,0.5294117647058824,0.29411764705882354,0.03,0.01
BIOMD0000000829.txt,BioMD_signaling,13,28,5,10,3,7,0,0,0,0,0,0,0,0,0,0,0,0.0,0.0,0.0,0.0,0.0,0.0,0.0,0.0,0.0,0.03,0.0
BIOMD0000000832.txt,BioMD_signaling,20,26,18,153,132,21,13,6,7,12,5,7,8,1,7,7,6,0.08496732026143791,0.0784313725490196,0.05228758169934641,0.045454545454545456,0.3333333333333333,0.007575757575757576,0.3333333333333333,0.3888888888888889,0.3333333333333333,0.03,0.01
BIOMD0000000861.txt,BioMD_signaling,26,36,28,378,246,132,100,21,79,84,5,79,27,8,19,19,17,0.26455026455026454,0.2222222222222222,0.07142857142857142,0.08536585365853659,0.5984848484848485,0.032520325203252036,0.14393939393939395,0.6785714285714286,0.6071428571428571,0.03,0.02
BIOMD0000000959.txt,BioMD_signaling,41,75,11,55,17,38,7,0,7,7,0,7,3,0,3,2,3,0.12727272727272726,0.12727272727272726,0.05454545454545454,0.0,0.18421052631578946,0.0,0.07894736842105263,0.18181818181818182,0.2727272727272727,0.03,0.04
BIOMD0000000968.txt,BioMD_signaling,9,7,5,10,7,3,5,3,2,4,2,2,4,2,2,4,2,0.5,0.4,0.4,0.42857142857142855,0.6666666666666666,0.2857142857142857,0.6666666666666666,0.8,0.4,0.03,0.0
BIOMD0000000985.txt,BioMD_signaling,7,9,6,15,3,12,8,0,8,8,0,8,4,0,4,4,3,0.5333333333333333,0.5333333333333333,0.26666666666666666,0.0,0.6666666666666666,0.0,0.3333333333333333,0.6666666666666666,0.5,0.02,0.0
BIOMD0000000989.txt,BioMD_signaling,23,65,8,28,4,24,10,0,10,10,0,10,3,0,3,3,3,0.35714285714285715,0.35714285714285715,0.10714285714285714,0.0,0.4166666666666667,0.0,0.125,0.375,0.375,0.03,0.01
BIOMD0000000990.txt,BioMD_signaling,23,65,8,28,4,24,10,0,10,10,0,10,3,0,3,3,3,0.35714285714285715,0.35714285714285715,0.10714285714285714,0.0,0.4166666666666667,0.0,0.125,0.375,0.375,0.0,0.01
BIOMD0000000994.txt,BioMD_signaling,23,66,8,28,4,24,10,0,10,10,0,10,3,0,3,3,3,0.35714285714285715,0.35714285714285715,0.10714285714285714,0.0,0.4166666666666667,0.0,0.125,0.375,0.375,0.03,0.01
BIOMD0000000995.txt,BioMD_signaling,23,66,8,28,4,24,10,0,10,10,0,10,3,0,3,3,3,0.35714285714285715,0.35714285714285715,0.10714285714285714,0.0,0.4166666666666667,0.0,0.125,0.375,0.375,0.0,0.01
BIOMD0000000996.txt,BioMD_signaling,23,66,8,28,4,24,10,0,10,10,0,10,3,0,3,3,3,0.35714285714285715,0.35714285714285715,0.10714285714285714,0.0,0.4166666666666667,0.0,0.125,0.375,0.375,0.03,0.02
BIOMD0000000997.txt,BioMD_signaling,23,65,8,28,4,24,10,0,10,10,0,10,3,0,3,3,3,0.35714285714285715,0.35714285714285715,0.10714285714285714,0.0,0.4166666666666667,0.0,0.125,0.375,0.375,0.0,0.01
BIOMD0000000998.txt,BioMD_signaling,23,66,8,28,4,24,10,0,10,10,0,10,3,0,3,3,3,0.35714285714285715,0.35714285714285715,0.10714285714285714,0.0,0.4166666666666667,0.0,0.125,0.375,0.375,0.03,0.01
BIOMD0000000999.txt,BioMD_signaling,23,66,8,28,4,24,10,0,10,10,0,10,3,0,3,3,3,0.35714285714285715,0.35714285714285715,0.10714285714285714,0.0,0.4166666666666667,0.0,0.125,0.375,0.375,0.0,0.02
BIOMD0000001000.txt,BioMD_signaling,23,66,8,28,4,24,10,0,10,10,0,10,3,0,3,3,3,0.35714285714285715,0.35714285714285715,0.10714285714285714,0.0,0.4166666666666667,0.0,0.125,0.375,0.375,0.03,0.01
BIOMD0000001001.txt,BioMD_signaling,23,66,8,28,4,24,10,0,10,10,0,10,3,0,3,3,3,0.35714285714285715,0.35714285714285715,0.10714285714285714,0.0,0.4166666666666667,0.0,0.125,0.375,0.375,0.03,0.01
BIOMD0000001002.txt,BioMD_signaling,23,66,8,28,4,24,10,0,10,10,0,10,3,0,3,3,3,0.35714285714285715,0.35714285714285715,0.10714285714285714,0.0,0.4166666666666667,0.0,0.125,0.375,0.375,0.03,0.01
BIOMD0000001003.txt,BioMD_signaling,23,66,8,28,4,24,10,0,10,10,0,10,3,0,3,3,3,0.35714285714285715,0.35714285714285715,0.10714285714285714,0.0,0.4166666666666667,0.0,0.125,0.375,0.375,0.0,0.01
BIOMD0000000065.txt,BioMD_gene_regulation,9,16,5,10,0,10,4,0,4,4,0,4,2,0,2,2,2,0.4,0.4,0.2,0.0,0.4,0.0,0.2,0.4,0.4,0.02,0.0
BIOMD0000000105.txt,BioMD_gene_regulation,39,94,83,3403,2780,623,1059,530,529,594,65,529,60,27,33,44,24,0.31119600352630034,0.17455186600058772,0.01763150161622098,0.1906474820143885,0.8491171749598716,0.009712230215827337,0.052969502407704656,0.5301204819277109,0.2891566265060241,0.03,0.18
BIOMD0000000317.txt,BioMD_gene_regulation,4,6,4,6,3,3,3,0,3,3,0,3,3,0,3,1,3,0.5,0.5,0.5,0.0,1.0,0.0,1.0,0.25,0.75,0.03,0.0
BIOMD0000000483.txt,BioMD_gene_regulation,8,8,6,15,11,4,0,0,0,0,0,0,0,0,0,0,0,0.0,0.0,0.0,0.0,0.0,0.0,0.0,0.0,0.0,0.02,0.0
BIOMD0000000530.txt,BioMD_gene_regulation,10,17,10,45,28,17,0,0,0,0,0,0,0,0,0,0,0,0.0,0.0,0.0,0.0,0.0,0.0,0.0,0.0,0.0,0.02,0.0
BIOMD0000000539.txt,BioMD_gene_regulation,6,11,5,10,0,10,0,0,0,0,0,0,0,0,0,0,0,0.0,0.0,0.0,0.0,0.0,0.0,0.0,0.0,0.0,0.03,0.0
BIOMD0000000586.txt,BioMD_gene_regulation,10,23,4,6,0,6,0,0,0,0,0,0,0,0,0,0,0,0.0,0.0,0.0,0.0,0.0,0.0,0.0,0.0,0.0,0.03,0.0
BIOMD0000000256.txt,BioMD_apoptosis,27,56,34,561,363,198,164,34,130,136,6,130,20,0,20,14,15,0.29233511586452765,0.24242424242424243,0.035650623885918005,0.09366391184573003,0.6565656565656566,0.0,0.10101010101010101,0.4117647058823529,0.4411764705882353,0.02,0.03
BIOMD0000000407.txt,BioMD_apoptosis,47,88,18,153,56,97,48,0,48,48,0,48,9,0,9,8,9,0.3137254901960784,0.3137254901960784,0.058823529411764705,0.0,0.4948453608247423,0.0,0.09278350515463918,0.4444444444444444,0.5,0.03,0.06
BIOMD0000000523.txt,BioMD_apoptosis,16,13,9,36,15,21,0,0,0,0,0,0,0,0,0,0,0,0.0,0.0,0.0,0.0,0.0,0.0,0.0,0.0,0.0,0.03,0.0
BIOMD0000000524.txt,BioMD_apoptosis,16,13,9,36,15,21,0,0,0,0,0,0,0,0,0,0,0,0.0,0.0,0.0,0.0,0.0,0.0,0.0,0.0,0.0,0.0,0.0
BIOMD0000000525.txt,BioMD_apoptosis,16,19,10,45,19,26,0,0,0,0,0,0,0,0,0,0,0,0.0,0.0,0.0,0.0,0.0,0.0,0.0,0.0,0.0,0.02,0.0
BIOMD0000000526.txt,BioMD_apoptosis,16,19,10,45,19,26,0,0,0,0,0,0,0,0,0,0,0,0.0,0.0,0.0,0.0,0.0,0.0,0.0,0.0,0.0,0.0,0.0
BIOMD0000000812.txt,BioMD_apoptosis,5,9,4,6,1,5,2,0,2,2,0,2,2,0,2,1,2,0.3333333333333333,0.3333333333333333,0.3333333333333333,0.0,0.4,0.0,0.4,0.25,0.5,0.03,0.0
BIOMD0000000528.txt,BioMD_immune,13,12,7,21,11,10,0,0,0,0,0,0,0,0,0,0,0,0.0,0.0,0.0,0.0,0.0,0.0,0.0,0.0,0.0,0.03,0.0
BIOMD0000000529.txt,BioMD_immune,13,12,7,21,11,10,0,0,0,0,0,0,0,0,0,0,0,0.0,0.0,0.0,0.0,0.0,0.0,0.0,0.0,0.0,0.0,0.0
BIOMD0000000710.txt,BioMD_immune,7,16,4,6,0,6,2,0,2,2,0,2,1,0,1,1,1,0.3333333333333333,0.3333333333333333,0.16666666666666666,0.0,0.3333333333333333,0.0,0.16666666666666666,0.25,0.25,0.03,0.0
BIOMD0000000711.txt,BioMD_immune,11,26,14,91,63,28,21,0,21,21,0,21,11,0,11,7,5,0.23076923076923078,0.23076923076923078,0.12087912087912088,0.0,0.75,0.0,0.39285714285714285,0.5,0.35714285714285715,0.03,0.01
BIOMD0000000731.txt,BioMD_immune,18,25,22,231,184,47,47,11,36,42,6,36,26,1,25,11,12,0.20346320346320346,0.18181818181818182,0.11255411255411256,0.059782608695652176,0.7659574468085106,0.005434782608695652,0.5319148936170213,0.5,0.5454545454545454,0.02,0.01
BIOMD0000000848.txt,BioMD_immune,9,21,4,6,0,6,2,0,2,2,0,2,1,0,1,1,1,0.3333333333333333,0.3333333333333333,0.16666666666666666,0.0,0.3333333333333333,0.0,0.16666666666666666,0.25,0.25,0.02,0.0
BIOMD0000000889.txt,BioMD_immune,12,20,9,36,16,20,5,0,5,5,0,5,2,0,2,2,2,0.1388888888888889,0.1388888888888889,0.05555555555555555,0.0,0.25,0.0,0.1,0.2222222222222222,0.2222222222222222,0.03,0.0
BIOMD0000000924.txt,BioMD_immune,6,11,8,28,12,16,7,0,7,7,0,7,5,0,5,4,3,0.25,0.25,0.17857142857142858,0.0,0.4375,0.0,0.3125,0.5,0.375,0.02,0.0
BIOMD0000001004.txt,BioMD_immune,10,18,8,28,14,14,1,0,1,1,0,1,1,0,1,1,1,0.03571428571428571,0.03571428571428571,0.03571428571428571,0.0,0.07142857142857142,0.0,0.07142857142857142,0.125,0.125,0.03,0.0
BIOMD0000001015.txt,BioMD_immune,8,9,5,10,6,4,4,0,4,4,0,4,4,0,4,1,4,0.4,0.4,0.4,0.0,1.0,0.0,1.0,0.2,0.8,0.02,0.0
BIOMD0000001016.txt,BioMD_immune,8,9,5,10,0,10,5,0,5,5,0,5,2,0,2,2,2,0.5,0.5,0.2,0.0,0.5,0.0,0.2,0.4,0.4,0.03,0.0
BIOMD0000001017.txt,BioMD_immune,13,15,7,21,5,16,13,4,9,13,4,9,4,1,3,3,4,0.6190476190476191,0.6190476190476191,0.19047619047619047,0.8,0.5625,0.2,0.1875,0.42857142857142855,0.5714285714285714,0.03,0.0
BIOMD0000001018.txt,BioMD_immune,18,25,11,55,13,42,36,5,31,36,5,31,8,1,7,5,8,0.6545454545454545,0.6545454545454545,0.14545454545454545,0.38461538461538464,0.7380952380952381,0.07692307692307693,0.16666666666666666,0.45454545454545453,0.7272727272727273,0.03,0.0
BIOMD0000001035.txt,BioMD_immune,4,8,4,6,1,5,5,0,5,5,0,5,4,0,4,3,3,0.8333333333333334,0.8333333333333334,0.6666666666666666,0.0,1.0,0.0,0.8,0.75,0.75,0.03,0.0
BIOMD0000000053.txt,BioMD_other,6,12,4,6,1,5,5,1,4,4,0,4,3,0,3,2,3,0.8333333333333334,0.6666666666666666,0.5,1.0,0.8,0.0,0.6,0.5,0.75,0.03,0.0
BIOMD0000000066.txt,BioMD_other,11,7,7,21,16,5,5,4,1,2,1,1,5,4,1,4,5,0.23809523809523808,0.09523809523809523,0.23809523809523808,0.25,0.2,0.25,0.2,0.5714285714285714,0.7142857142857143,0.03,0.0
BIOMD0000000072.txt,BioMD_other,7,7,6,15,6,9,5,1,4,5,1,4,5,1,4,3,3,0.3333333333333333,0.3333333333333333,0.3333333333333333,0.16666666666666666,0.4444444444444444,0.16666666666666666,0.4444444444444444,0.5,0.5,0.02,0.0
BIOMD0000000075.txt,BioMD_other,11,8,8,28,23,5,10,6,4,8,4,4,7,3,4,5,6,0.35714285714285715,0.2857142857142857,0.25,0.2608695652173913,0.8,0.13043478260869565,0.8,0.625,0.75,0.03,0.0
BIOMD0000000077.txt,BioMD_other,7,5,5,10,6,4,5,2,3,5,2,3,3,1,2,3,3,0.5,0.5,0.3,0.3333333333333333,0.75,0.16666666666666666,0.5,0.6,0.6,0.03,0.0
BIOMD0000000080.txt,BioMD_other,10,6,6,15,7,8,10,2,8,10,2,8,6,2,4,5,4,0.6666666666666666,0.6666666666666666,0.4,0.2857142857142857,1.0,0.2857142857142857,0.5,0.8333333333333334,0.6666666666666666,0.03,0.0
BIOMD0000000082.txt,BioMD_other,10,6,6,15,7,8,10,2,8,10,2,8,6,2,4,5,4,0.6666666666666666,0.6666666666666666,0.4,0.2857142857142857,1.0,0.2857142857142857,0.5,0.8333333333333334,0.6666666666666666,0.03,0.0
BIOMD0000000085.txt,BioMD_other,17,17,17,136,108,28,37,14,23,26,3,23,13,1,12,13,9,0.27205882352941174,0.19117647058823528,0.09558823529411764,0.12962962962962962,0.8214285714285714,0.009259259259259259,0.42857142857142855,0.7647058823529411,0.5294117647058824,0.03,0.01
BIOMD0000000086.txt,BioMD_other,17,24,24,276,228,48,82,42,40,40,0,40,22,6,16,21,12,0.2971014492753623,0.14492753623188406,0.07971014492753623,0.18421052631578946,0.8333333333333334,0.02631578947368421,0.3333333333333333,0.875,0.5,0.03,0.01
BIOMD0000000091.txt,BioMD_other,16,23,12,66,49,17,16,7,9,14,5,9,7,3,4,5,4,0.24242424242424243,0.21212121212121213,0.10606060606060606,0.14285714285714285,0.5294117647058824,0.061224489795918366,0.23529411764705882,0.4166666666666667,0.3333333333333333,0.03,0.0
BIOMD0000000106.txt,BioMD_other,24,32,28,378,322,56,74,34,40,67,27,40,31,11,20,18,15,0.19576719576719576,0.17724867724867724,0.082010582010582,0.10559006211180125,0.7142857142857143,0.034161490683229816,0.35714285714285715,0.6428571428571429,0.5357142857142857,0.04,0.01
BIOMD0000000121.txt,BioMD_other,5,5,4,6,0,6,6,0,6,6,0,6,3,0,3,3,3,1.0,1.0,0.5,0.0,1.0,0.0,0.5,0.75,0.75,0.03,0.0
BIOMD0000000123.txt,BioMD_other,14,17,9,36,26,10,9,2,7,9,2,7,6,2,4,4,4,0.25,0.25,0.16666666666666666,0.07692307692307693,0.7,0.07692307692307693,0.4,0.4444444444444444,0.4444444444444444,0.04,0.0
BIOMD0000000147.txt,BioMD_other,24,51,4,6,1,5,0,0,0,0,0,0,0,0,0,0,0,0.0,0.0,0.0,0.0,0.0,0.0,0.0,0.0,0.0,0.03,0.01
BIOMD0000000164.txt,BioMD_other,26,29,28,378,342,36,62,41,21,48,27,21,26,12,14,20,16,0.164021164021164,0.12698412698412698,0.06878306878306878,0.11988304093567251,0.5833333333333334,0.03508771929824561,0.3888888888888889,0.7142857142857143,0.5714285714285714,0.02,0.01
BIOMD0000000167.txt,BioMD_other,9,7,6,15,10,5,3,0,3,3,0,3,2,0,2,2,2,0.2,0.2,0.13333333333333333,0.0,0.6,0.0,0.4,0.3333333333333333,0.3333333333333333,0.03,0.0
BIOMD0000000173.txt,BioMD_other,26,26,24,276,238,38,55,31,24,47,23,24,14,5,9,9,12,0.19927536231884058,0.17028985507246377,0.050724637681159424,0.13025210084033614,0.631578947368421,0.02100840336134454,0.23684210526315788,0.375,0.5,0.03,0.01
BIOMD0000000178.txt,BioMD_other,5,4,4,6,0,6,6,0,6,6,0,6,3,0,3,3,3,1.0,1.0,0.5,0.0,1.0,0.0,0.5,0.75,0.75,0.03,0.0
BIOMD0000000186.txt,BioMD_other,11,9,7,21,17,4,10,8,2,5,3,2,5,4,1,3,3,0.47619047619047616,0.23809523809523808,0.23809523809523808,0.47058823529411764,0.5,0.23529411764705882,0.25,0.42857142857142855,0.42857142857142855,0.03,0.0
BIOMD0000000187.txt,BioMD_other,11,9,8,28,23,5,16,13,3,8,5,3,8,6,2,5,5,0.5714285714285714,0.2857142857142857,0.2857142857142857,0.5652173913043478,0.6,0.2608695652173913,0.4,0.625,0.625,0.03,0.0
BIOMD0000000188.txt,BioMD_other,18,20,11,55,21,34,10,0,10,10,0,10,3,0,3,3,2,0.18181818181818182,0.18181818181818182,0.05454545454545454,0.0,0.29411764705882354,0.0,0.08823529411764706,0.2727272727272727,0.18181818181818182,0.03,0.0
BIOMD0000000189.txt,BioMD_other,16,14,6,15,0,15,7,0,7,7,0,7,2,0,2,2,2,0.4666666666666667,0.4666666666666667,0.13333333333333333,0.0,0.4666666666666667,0.0,0.13333333333333333,0.3333333333333333,0.3333333333333333,0.03,0.0
BIOMD0000000191.txt,BioMD_other,3,5,4,6,1,5,4,0,4,4,0,4,2,0,2,2,2,0.6666666666666666,0.6666666666666666,0.3333333333333333,0.0,0.8,0.0,0.4,0.5,0.5,0.03,0.0
BIOMD0000000192.txt,BioMD_other,13,9,9,36,31,5,14,10,4,13,9,4,8,5,3,7,8,0.3888888888888889,0.3611111111111111,0.2222222222222222,0.3225806451612903,0.8,0.16129032258064516,0.6,0.7777777777777778,0.8888888888888888,0.03,0.0
BIOMD0000000193.txt,BioMD_other,8,6,5,10,6,4,6,4,2,2,0,2,3,2,1,2,2,0.6,0.2,0.3,0.6666666666666666,0.5,0.3333333333333333,0.25,0.4,0.4,0.03,0.0
BIOMD0000000198.txt,BioMD_other,10,7,7,21,14,7,8,1,7,8,1,7,5,1,4,5,5,0.38095238095238093,0.38095238095238093,0.23809523809523808,0.07142857142857142,1.0,0.07142857142857142,0.5714285714285714,0.7142857142857143,0.7142857142857143,0.03,0.0
BIOMD0000000199.txt,BioMD_other,14,10,10,45,35,10,22,14,8,10,2,8,10,6,4,10,8,0.4888888888888889,0.2222222222222222,0.2222222222222222,0.4,0.8,0.17142857142857143,0.4,1.0,0.8,0.03,0.0
BIOMD0000000202.txt,BioMD_other,9,15,8,28,19,9,6,0,6,6,0,6,5,0,5,4,3,0.21428571428571427,0.21428571428571427,0.17857142857142858,0.0,0.6666666666666666,0.0,0.5555555555555556,0.5,0.375,0.03,0.0
BIOMD0000000203.txt,BioMD_other,12,10,10,45,31,14,14,2,12,14,2,12,12,0,12,5,5,0.3111111111111111,0.3111111111111111,0.26666666666666666,0.06451612903225806,0.8571428571428571,0.0,0.8571428571428571,0.5,0.5,0.02,0.0
BIOMD0000000204.txt,BioMD_other,12,10,10,45,31,14,14,2,12,14,2,12,12,0,12,5,5,0.3111111111111111,0.3111111111111111,0.26666666666666666,0.06451612903225806,0.8571428571428571,0.0,0.8571428571428571,0.5,0.5,0.0,0.0
BIOMD0000000209.txt,BioMD_other,16,12,12,66,46,20,20,0,20,20,0,20,20,0,20,6,6,0.30303030303030304,0.30303030303030304,0.30303030303030304,0.0,1.0,0.0,1.0,0.5,0.5,0.02,0.0
BIOMD0000000210.txt,BioMD_other,15,12,12,66,49,17,17,0,17,17,0,17,17,0,17,6,6,0.25757575757575757,0.25757575757575757,0.25757575757575757,0.0,1.0,0.0,1.0,0.5,0.5,0.03,0.0
BIOMD0000000215.txt,BioMD_other,7,14,6,15,4,11,2,0,2,2,0,2,1,0,1,1,1,0.13333333333333333,0.13333333333333333,0.06666666666666667,0.0,0.18181818181818182,0.0,0.09090909090909091,0.16666666666666666,0.16666666666666666,0.03,0.0
BIOMD0000000217.txt,BioMD_other,20,16,12,66,43,23,17,8,9,13,4,9,9,2,7,6,6,0.25757575757575757,0.19696969696969696,0.13636363636363635,0.18604651162790697,0.391304347826087,0.046511627906976744,0.30434782608695654,0.5,0.5,0.03,0.01
BIOMD0000000228.txt,BioMD_other,9,22,12,66,46,20,18,0,18,18,0,18,11,0,11,7,7,0.2727272727272727,0.2727272727272727,0.16666666666666666,0.0,0.9,0.0,0.55,0.5833333333333334,0.5833333333333334,0.03,0.0
BIOMD0000000237.txt,BioMD_other,26,31,26,325,297,28,50,30,20,36,16,20,32,16,16,19,17,0.15384615384615385,0.11076923076923077,0.09846153846153846,0.10101010101010101,0.7142857142857143,0.05387205387205387,0.5714285714285714,0.7307692307692307,0.6538461538461539,0.03,0.02
BIOMD0000000237_manyOrgs.txt,BioMD_other,26,31,20,190,168,22,18,10,8,15,7,8,12,6,6,8,10,0.09473684210526316,0.07894736842105263,0.06315789473684211,0.05952380952380952,0.36363636363636365,0.03571428571428571,0.2727272727272727,0.4,0.5,0.03,0.01
BIOMD0000000242.txt,BioMD_other,6,12,9,36,9,27,1,0,1,1,0,1,1,0,1,1,1,0.027777777777777776,0.027777777777777776,0.027777777777777776,0.0,0.037037037037037035,0.0,0.037037037037037035,0.1111111111111111,0.1111111111111111,0.02,0.0
BIOMD0000000249.txt,BioMD_other,9,20,13,78,38,40,37,5,32,35,3,32,12,0,12,10,8,0.47435897435897434,0.44871794871794873,0.15384615384615385,0.13157894736842105,0.8,0.0,0.3,0.7692307692307693,0.6153846153846154,0.03,0.0
BIOMD0000000251.txt,BioMD_other,10,9,6,15,6,9,0,0,0,0,0,0,0,0,0,0,0,0.0,0.0,0.0,0.0,0.0,0.0,0.0,0.0,0.0,0.03,0.0
BIOMD0000000257.txt,BioMD_other,11,11,11,55,37,18,27,12,15,25,10,15,12,3,9,8,9,0.4909090909090909,0.45454545454545453,0.21818181818181817,0.32432432432432434,0.8333333333333334,0.08108108108108109,0.5,0.7272727272727273,0.8181818181818182,0.03,0.0
BIOMD0000000269.txt,BioMD_other,15,22,17,136,97,39,28,2,26,27,1,26,12,1,11,9,6,0.20588235294117646,0.19852941176470587,0.08823529411764706,0.020618556701030927,0.6666666666666666,0.010309278350515464,0.28205128205128205,0.5294117647058824,0.35294117647058826,0.03,0.01
BIOMD0000000275.txt,BioMD_other,5,9,5,10,0,10,0,0,0,0,0,0,0,0,0,0,0,0.0,0.0,0.0,0.0,0.0,0.0,0.0,0.0,0.0,0.03,0.0
BIOMD0000000284.txt,BioMD_other,9,8,8,28,21,7,11,4,7,11,4,7,7,2,5,6,7,0.39285714285714285,0.39285714285714285,0.25,0.19047619047619047,1.0,0.09523809523809523,0.7142857142857143,0.75,0.875,0.03,0.0
BIOMD0000000285.txt,BioMD_other,27,72,14,91,59,32,14,1,13,13,0,13,5,1,4,5,2,0.15384615384615385,0.14285714285714285,0.054945054945054944,0.01694915254237288,0.40625,0.01694915254237288,0.125,0.35714285714285715,0.14285714285714285,0.04,0.02
BIOMD0000000287.txt,BioMD_other,22,37,22,231,161,70,42,0,42,42,0,42,13,0,13,11,7,0.18181818181818182,0.18181818181818182,0.05627705627705628,0.0,0.6,0.0,0.18571428571428572,0.5,0.3181818181818182,0.04,0.01
BIOMD0000000289.txt,BioMD_other,5,12,5,10,2,8,5,0,5,5,0,5,2,0,2,2,2,0.5,0.5,0.2,0.0,0.625,0.0,0.25,0.4,0.4,0.03,0.0
BIOMD0000000290.txt,BioMD_other,5,12,5,10,2,8,5,0,5,5,0,5,2,0,2,2,2,0.5,0.5,0.2,0.0,0.625,0.0,0.25,0.4,0.4,0.0,0.0
BIOMD0000000294.txt,BioMD_other,11,26,15,105,55,50,47,5,42,44,2,42,15,0,15,12,10,0.44761904761904764,0.41904761904761906,0.14285714285714285,0.09090909090909091,0.84,0.0,0.3,0.8,0.6666666666666666,0.03,0.01
BIOMD0000000296.txt,BioMD_other,6,8,5,10,4,6,6,0,6,6,0,6,4,0,4,3,4,0.6,0.6,0.4,0.0,1.0,0.0,0.6666666666666666,0.6,0.8,0.03,0.0
BIOMD0000000297.txt,BioMD_other,19,51,11,55,25,30,11,0,11,11,0,11,4,0,4,4,4,0.2,0.2,0.07272727272727272,0.0,0.36666666666666664,0.0,0.13333333333333333,0.36363636363636365,0.36363636363636365,0.03,0.01
BIOMD0000000300.txt,BioMD_other,9,10,4,6,3,3,0,0,0,0,0,0,0,0,0,0,0,0.0,0.0,0.0,0.0,0.0,0.0,0.0,0.0,0.0,0.03,0.0
BIOMD0000000301.txt,BioMD_other,8,15,8,28,8,20,8,0,8,8,0,8,3,0,3,3,3,0.2857142857142857,0.2857142857142857,0.10714285714285714,0.0,0.4,0.0,0.15,0.375,0.375,0.03,0.0
BIOMD0000000306.txt,BioMD_other,5,8,4,6,1,5,3,0,3,3,0,3,1,0,1,1,1,0.5,0.5,0.16666666666666666,0.0,0.6,0.0,0.2,0.25,0.25,0.02,0.0
BIOMD0000000307.txt,BioMD_other,5,5,5,10,5,5,5,1,4,5,1,4,3,1,2,2,3,0.5,0.5,0.3,0.2,0.8,0.2,0.4,0.4,0.6,0.03,0.0
BIOMD0000000315.txt,BioMD_other,20,27,12,66,46,20,24,11,13,22,9,13,8,2,6,6,6,0.36363636363636365,0.3333333333333333,0.12121212121212122,0.2391304347826087,0.65,0.043478260869565216,0.3,0.5,0.5,0.02,0.0
BIOMD0000000320.txt,BioMD_other,9,14,7,21,14,7,7,0,7,7,0,7,5,0,5,5,4,0.3333333333333333,0.3333333333333333,0.23809523809523808,0.0,1.0,0.0,0.7142857142857143,0.7142857142857143,0.5714285714285714,0.03,0.0
BIOMD0000000325.txt,BioMD_other,6,10,6,15,7,8,8,2,6,7,1,6,4,0,4,3,3,0.5333333333333333,0.4666666666666667,0.26666666666666666,0.2857142857142857,0.75,0.0,0.5,0.5,0.5,0.02,0.0
BIOMD0000000326.txt,BioMD_other,71,91,42,861,759,102,99,40,59,89,30,59,34,4,30,26,22,0.11498257839721254,0.10336817653890824,0.03948896631823461,0.052700922266139656,0.5784313725490197,0.005270092226613966,0.29411764705882354,0.6190476190476191,0.5238095238095238,0.03,0.06
BIOMD0000000327.txt,BioMD_other,8,11,4,6,1,5,1,0,1,1,0,1,1,0,1,1,1,0.16666666666666666,0.16666666666666666,0.16666666666666666,0.0,0.2,0.0,0.2,0.25,0.25,0.03,0.0
BIOMD0000000335.txt,BioMD_other,34,31,29,406,397,9,60,52,8,37,29,8,47,40,7,19,18,0.1477832512315271,0.09113300492610837,0.11576354679802955,0.1309823677581864,0.8888888888888888,0.10075566750629723,0.7777777777777778,0.6551724137931034,0.6206896551724138,0.02,0.01
BIOMD0000000336.txt,BioMD_other,18,20,20,190,180,10,24,17,7,19,12,7,20,14,6,16,7,0.12631578947368421,0.1,0.10526315789473684,0.09444444444444444,0.7,0.07777777777777778,0.6,0.8,0.35,0.03,0.01
BIOMD0000000338.txt,BioMD_other,52,115,68,2278,2014,264,222,100,122,157,35,122,51,0,51,29,28,0.09745390693590869,0.06892010535557506,0.022388059701492536,0.04965243296921549,0.4621212121212121,0.0,0.19318181818181818,0.4264705882352941,0.4117647058823529,0.03,0.1
BIOMD0000000339.txt,BioMD_other,52,115,68,2278,2014,264,222,100,122,157,35,122,51,0,51,29,28,0.09745390693590869,0.06892010535557506,0.022388059701492536,0.04965243296921549,0.4621212121212121,0.0,0.19318181818181818,0.4264705882352941,0.4117647058823529,0.0,0.1
BIOMD0000000340.txt,BioMD_other,52,116,64,2016,1759,257,211,83,128,154,26,128,51,0,51,27,28,0.10466269841269842,0.0763888888888889,0.025297619047619048,0.04718590108015918,0.4980544747081712,0.0,0.19844357976653695,0.421875,0.4375,0.03,0.1
BIOMD0000000342.txt,BioMD_other,21,29,13,78,53,25,8,0,8,8,0,8,4,0,4,4,3,0.10256410256410256,0.10256410256410256,0.05128205128205128,0.0,0.32,0.0,0.16,0.3076923076923077,0.23076923076923078,0.03,0.01
BIOMD0000000347.txt,BioMD_other,26,36,28,378,246,132,100,21,79,84,5,79,27,8,19,19,17,0.26455026455026454,0.2222222222222222,0.07142857142857142,0.08536585365853659,0.5984848484848485,0.032520325203252036,0.14393939393939395,0.6785714285714286,0.6071428571428571,0.0,0.02
BIOMD0000000356.txt,BioMD_other,32,64,21,210,184,26,26,3,23,23,0,23,21,1,20,11,11,0.12380952380952381,0.10952380952380952,0.1,0.016304347826086956,0.8846153846153846,0.005434782608695652,0.7692307692307693,0.5238095238095238,0.5238095238095238,0.03,0.01
BIOMD0000000357.txt,BioMD_other,9,8,7,21,9,12,12,0,12,12,0,12,6,0,6,5,6,0.5714285714285714,0.5714285714285714,0.2857142857142857,0.0,1.0,0.0,0.5,0.7142857142857143,0.8571428571428571,0.03,0.0
BIOMD0000000358.txt,BioMD_other,12,8,7,21,15,6,8,3,5,7,2,5,6,1,5,4,3,0.38095238095238093,0.3333333333333333,0.2857142857142857,0.2,0.8333333333333334,0.06666666666666667,0.8333333333333334,0.5714285714285714,0.42857142857142855,0.03,0.0
BIOMD0000000359.txt,BioMD_other,9,8,8,28,16,12,22,11,11,14,3,11,8,3,5,6,6,0.7857142857142857,0.5,0.2857142857142857,0.6875,0.9166666666666666,0.1875,0.4166666666666667,0.75,0.75,0.03,0.0
BIOMD0000000360.txt,BioMD_other,9,8,7,21,13,8,16,9,7,13,6,7,7,3,4,6,5,0.7619047619047619,0.6190476190476191,0.3333333333333333,0.6923076923076923,0.875,0.23076923076923078,0.5,0.8571428571428571,0.7142857142857143,0.03,0.0
BIOMD0000000361.txt,BioMD_other,8,5,5,10,7,3,10,7,3,7,4,3,5,3,2,4,4,1.0,0.7,0.5,1.0,1.0,0.42857142857142855,0.6666666666666666,0.8,0.8,0.03,0.0
BIOMD0000000362.txt,BioMD_other,34,33,31,465,455,10,69,60,9,39,30,9,52,44,8,21,19,0.14838709677419354,0.08387096774193549,0.11182795698924732,0.13186813186813187,0.9,0.0967032967032967,0.8,0.6774193548387096,0.6129032258064516,0.03,0.02
BIOMD0000000364.txt,BioMD_other,13,16,13,78,46,32,32,2,30,30,0,30,10,2,8,9,10,0.41025641025641024,0.38461538461538464,0.1282051282051282,0.043478260869565216,0.9375,0.043478260869565216,0.25,0.6923076923076923,0.7692307692307693,0.03,0.0
BIOMD0000000365.txt,BioMD_other,30,33,23,253,198,55,59,11,48,48,0,48,27,11,16,20,9,0.233201581027668,0.18972332015810275,0.1067193675889328,0.05555555555555555,0.8727272727272727,0.05555555555555555,0.2909090909090909,0.8695652173913043,0.391304347826087,0.03,0.01
BIOMD0000000366.txt,BioMD_other,12,8,7,21,15,6,8,3,5,7,2,5,6,1,5,4,3,0.38095238095238093,0.3333333333333333,0.2857142857142857,0.2,0.8333333333333334,0.06666666666666667,0.8333333333333334,0.5714285714285714,0.42857142857142855,0.0,0.0
BIOMD0000000380.txt,BioMD_other,16,8,7,21,18,3,10,8,2,7,5,2,9,7,2,7,6,0.47619047619047616,0.3333333333333333,0.42857142857142855,0.4444444444444444,0.6666666666666666,0.3888888888888889,0.6666666666666666,1.0,0.8571428571428571,0.03,0.0
BIOMD0000000404.txt,BioMD_other,28,35,34,561,534,27,50,41,9,27,18,9,28,22,6,19,21,0.08912655971479501,0.0481283422459893,0.049910873440285206,0.07677902621722846,0.3333333333333333,0.04119850187265917,0.2222222222222222,0.5588235294117647,0.6176470588235294,0.03,0.01
BIOMD0000000429.txt,BioMD_other,15,16,14,91,72,19,0,0,0,0,0,0,0,0,0,0,0,0.0,0.0,0.0,0.0,0.0,0.0,0.0,0.0,0.0,0.02,0.0
BIOMD0000000438.txt,BioMD_other,10,7,7,21,16,5,0,0,0,0,0,0,0,0,0,0,0,0.0,0.0,0.0,0.0,0.0,0.0,0.0,0.0,0.0,0.03,0.0
BIOMD0000000447.txt,BioMD_other,13,32,5,10,6,4,0,0,0,0,0,0,0,0,0,0,0,0.0,0.0,0.0,0.0,0.0,0.0,0.0,0.0,0.0,0.07,0.0
BIOMD0000000462.txt,BioMD_other,6,8,4,6,3,3,0,0,0,0,0,0,0,0,0,0,0,0.0,0.0,0.0,0.0,0.0,0.0,0.0,0.0,0.0,0.03,0.0
BIOMD0000000495.txt,BioMD_other,11,17,9,36,12,24,0,0,0,0,0,0,0,0,0,0,0,0.0,0.0,0.0,0.0,0.0,0.0,0.0,0.0,0.0,0.03,0.0
BIOMD0000000517.txt,BioMD_other,4,9,5,10,2,8,0,0,0,0,0,0,0,0,0,0,0,0.0,0.0,0.0,0.0,0.0,0.0,0.0,0.0,0.0,0.03,0.0
BIOMD0000000518.txt,BioMD_other,4,9,5,10,2,8,0,0,0,0,0,0,0,0,0,0,0,0.0,0.0,0.0,0.0,0.0,0.0,0.0,0.0,0.0,0.0,0.0
BIOMD0000000547.txt,BioMD_other,12,14,10,45,24,21,0,0,0,0,0,0,0,0,0,0,0,0.0,0.0,0.0,0.0,0.0,0.0,0.0,0.0,0.0,0.02,0.0
BIOMD0000000578.txt,BioMD_other,76,96,45,990,862,128,126,41,85,116,31,85,42,5,37,34,24,0.12727272727272726,0.11717171717171718,0.04242424242424243,0.04756380510440835,0.6640625,0.00580046403712297,0.2890625,0.7555555555555555,0.5333333333333333,0.04,0.09
BIOMD0000000584.txt,BioMD_other,14,14,12,66,50,16,0,0,0,0,0,0,0,0,0,0,0,0.0,0.0,0.0,0.0,0.0,0.0,0.0,0.0,0.0,0.03,0.0
BIOMD0000000603.txt,BioMD_other,29,58,41,820,672,148,141,66,75,91,16,75,21,6,15,14,14,0.1719512195121951,0.11097560975609756,0.025609756097560974,0.09821428571428571,0.5067567567567568,0.008928571428571428,0.10135135135135136,0.34146341463414637,0.34146341463414637,0.04,0.05
BIOMD0000000604.txt,BioMD_other,29,54,38,703,574,129,115,52,63,79,16,63,17,5,12,11,12,0.16358463726884778,0.112375533428165,0.02418207681365576,0.09059233449477352,0.4883720930232558,0.008710801393728223,0.09302325581395349,0.2894736842105263,0.3157894736842105,0.04,0.05
BIOMD0000000605.txt,BioMD_other,29,58,41,820,672,148,141,66,75,91,16,75,21,6,15,14,14,0.1719512195121951,0.11097560975609756,0.025609756097560974,0.09821428571428571,0.5067567567567568,0.008928571428571428,0.10135135135135136,0.34146341463414637,0.34146341463414637,0.0,0.05
BIOMD0000000606.txt,BioMD_other,29,54,40,780,641,139,132,61,71,87,16,71,19,6,13,12,13,0.16923076923076924,0.11153846153846154,0.02435897435897436,0.09516380655226209,0.5107913669064749,0.0093603744149766,0.09352517985611511,0.3,0.325,0.03,0.04
BIOMD0000000607.txt,BioMD_other,29,58,41,820,672,148,141,66,75,91,16,75,21,6,15,14,14,0.1719512195121951,0.11097560975609756,0.025609756097560974,0.09821428571428571,0.5067567567567568,0.008928571428571428,0.10135135135135136,0.34146341463414637,0.34146341463414637,0.03,0.04
BIOMD0000000610.txt,BioMD_other,29,58,41,820,672,148,141,66,75,91,16,75,21,6,15,14,14,0.1719512195121951,0.11097560975609756,0.025609756097560974,0.09821428571428571,0.5067567567567568,0.008928571428571428,0.10135135135135136,0.34146341463414637,0.34146341463414637,0.0,0.04
BIOMD0000000625.txt,BioMD_other,19,38,20,190,118,72,37,0,37,37,0,37,17,0,17,8,10,0.19473684210526315,0.19473684210526315,0.08947368421052632,0.0,0.5138888888888888,0.0,0.2361111111111111,0.4,0.5,0.03,0.01
BIOMD0000000626.txt,BioMD_other,6,6,5,10,6,4,0,0,0,0,0,0,0,0,0,0,0,0.0,0.0,0.0,0.0,0.0,0.0,0.0,0.0,0.0,0.03,0.0
BIOMD0000000632.txt,BioMD_other,9,14,8,28,16,12,0,0,0,0,0,0,0,0,0,0,0,0.0,0.0,0.0,0.0,0.0,0.0,0.0,0.0,0.0,0.03,0.0
BIOMD0000000637.txt,BioMD_other,12,22,11,55,27,28,6,3,3,3,0,3,1,1,0,1,1,0.10909090909090909,0.05454545454545454,0.01818181818181818,0.1111111111111111,0.10714285714285714,0.037037037037037035,0.0,0.09090909090909091,0.09090909090909091,0.03,0.0
BIOMD0000000638.txt,BioMD_other,21,48,26,325,244,81,25,17,8,8,0,8,5,4,1,4,4,0.07692307692307693,0.024615384615384615,0.015384615384615385,0.06967213114754098,0.09876543209876543,0.01639344262295082,0.012345679012345678,0.15384615384615385,0.15384615384615385,0.03,0.02
BIOMD0000000660.txt,BioMD_other,17,35,6,15,4,11,3,0,3,3,0,3,1,0,1,1,1,0.2,0.2,0.06666666666666667,0.0,0.2727272727272727,0.0,0.09090909090909091,0.16666666666666666,0.16666666666666666,0.03,0.01
BIOMD0000000661.txt,BioMD_other,7,17,4,6,1,5,1,0,1,1,0,1,1,0,1,1,1,0.16666666666666666,0.16666666666666666,0.16666666666666666,0.0,0.2,0.0,0.2,0.25,0.25,0.03,0.0
BIOMD0000000662.txt,BioMD_other,5,10,6,15,6,9,7,0,7,7,0,7,4,0,4,3,3,0.4666666666666667,0.4666666666666667,0.26666666666666666,0.0,0.7777777777777778,0.0,0.4444444444444444,0.5,0.5,0.03,0.0
BIOMD0000000665.txt,BioMD_other,8,13,6,15,2,13,4,0,4,4,0,4,2,0,2,2,1,0.26666666666666666,0.26666666666666666,0.13333333333333333,0.0,0.3076923076923077,0.0,0.15384615384615385,0.3333333333333333,0.16666666666666666,0.03,0.0
BIOMD0000000668.txt,BioMD_other,10,10,10,45,25,20,20,0,20,20,0,20,8,0,8,8,8,0.4444444444444444,0.4444444444444444,0.17777777777777778,0.0,1.0,0.0,0.4,0.8,0.8,0.04,0.0
BIOMD0000000676.txt,BioMD_other,20,17,10,45,8,37,28,0,28,28,0,28,11,0,11,7,8,0.6222222222222222,0.6222222222222222,0.24444444444444444,0.0,0.7567567567567568,0.0,0.2972972972972973,0.7,0.8,0.03,0.0
BIOMD0000000683.txt,BioMD_other,4,9,4,6,1,5,2,0,2,2,0,2,2,0,2,1,2,0.3333333333333333,0.3333333333333333,0.3333333333333333,0.0,0.4,0.0,0.4,0.25,0.5,0.03,0.0
BIOMD0000000687.txt,BioMD_other,15,25,12,66,9,57,38,0,38,38,0,38,9,0,9,9,8,0.5757575757575758,0.5757575757575758,0.13636363636363635,0.0,0.6666666666666666,0.0,0.15789473684210525,0.75,0.6666666666666666,0.03,0.01
BIOMD0000000688.txt,BioMD_other,16,30,12,66,9,57,38,0,38,38,0,38,9,0,9,9,8,0.5757575757575758,0.5757575757575758,0.13636363636363635,0.0,0.6666666666666666,0.0,0.15789473684210525,0.75,0.6666666666666666,0.03,0.01
BIOMD0000000692.txt,BioMD_other,8,5,5,10,0,10,10,0,10,10,0,10,4,0,4,4,4,1.0,1.0,0.4,0.0,1.0,0.0,0.4,0.8,0.8,0.03,0.0
BIOMD0000000695.txt,BioMD_other,11,35,10,45,22,23,19,0,19,19,0,19,7,0,7,6,6,0.4222222222222222,0.4222222222222222,0.15555555555555556,0.0,0.8260869565217391,0.0,0.30434782608695654,0.6,0.6,0.03,0.01
BIOMD0000000698.txt,BioMD_other,7,9,4,6,1,5,3,0,3,3,0,3,1,0,1,1,1,0.5,0.5,0.16666666666666666,0.0,0.6,0.0,0.2,0.25,0.25,0.03,0.0
BIOMD0000000703.txt,BioMD_other,9,22,13,78,39,39,9,0,9,9,0,9,4,0,4,4,2,0.11538461538461539,0.11538461538461539,0.05128205128205128,0.0,0.23076923076923078,0.0,0.10256410256410256,0.3076923076923077,0.15384615384615385,0.03,0.0
BIOMD0000000704.txt,BioMD_other,16,33,9,36,11,25,13,0,13,13,0,13,5,0,5,4,4,0.3611111111111111,0.3611111111111111,0.1388888888888889,0.0,0.52,0.0,0.2,0.4444444444444444,0.4444444444444444,0.03,0.01
BIOMD0000000707.txt,BioMD_other,5,10,5,10,2,8,2,0,2,2,0,2,1,0,1,1,1,0.2,0.2,0.1,0.0,0.25,0.0,0.125,0.2,0.2,0.03,0.0
BIOMD0000000721.txt,BioMD_other,5,10,7,21,9,12,10,2,8,9,1,8,3,1,2,3,3,0.47619047619047616,0.42857142857142855,0.14285714285714285,0.2222222222222222,0.6666666666666666,0.1111111111111111,0.16666666666666666,0.42857142857142855,0.42857142857142855,0.02,0.0
BIOMD0000000726.txt,BioMD_other,8,23,5,10,1,9,5,0,5,5,0,5,3,0,3,2,3,0.5,0.5,0.3,0.0,0.5555555555555556,0.0,0.3333333333333333,0.4,0.6,0.02,0.0
BIOMD0000000732.txt,BioMD_other,5,6,5,10,5,5,5,1,4,4,0,4,3,1,2,3,3,0.5,0.4,0.3,0.2,0.8,0.2,0.4,0.6,0.6,0.03,0.0
BIOMD0000000734.txt,BioMD_other,23,47,15,105,63,42,28,4,24,24,0,24,15,4,11,10,9,0.26666666666666666,0.22857142857142856,0.14285714285714285,0.06349206349206349,0.5714285714285714,0.06349206349206349,0.2619047619047619,0.6666666666666666,0.6,0.03,0.01
BIOMD0000000735.txt,BioMD_other,23,47,15,105,63,42,28,4,24,24,0,24,15,4,11,10,9,0.26666666666666666,0.22857142857142856,0.14285714285714285,0.06349206349206349,0.5714285714285714,0.06349206349206349,0.2619047619047619,0.6666666666666666,0.6,0.0,0.01
BIOMD0000000736.txt,BioMD_other,12,22,7,21,7,14,8,0,8,8,0,8,5,0,5,3,5,0.38095238095238093,0.38095238095238093,0.23809523809523808,0.0,0.5714285714285714,0.0,0.35714285714285715,0.42857142857142855,0.7142857142857143,0.03,0.0
BIOMD0000000737.txt,BioMD_other,12,22,7,21,7,14,8,0,8,8,0,8,5,0,5,3,5,0.38095238095238093,0.38095238095238093,0.23809523809523808,0.0,0.5714285714285714,0.0,0.35714285714285715,0.42857142857142855,0.7142857142857143,0.0,0.0
BIOMD0000000738.txt,BioMD_other,12,22,7,21,7,14,8,0,8,8,0,8,5,0,5,3,5,0.38095238095238093,0.38095238095238093,0.23809523809523808,0.0,0.5714285714285714,0.0,0.35714285714285715,0.42857142857142855,0.7142857142857143,0.0,0.0
BIOMD0000000739.txt,BioMD_other,24,23,22,231,197,34,81,52,29,58,29,29,36,23,13,18,16,0.35064935064935066,0.2510822510822511,0.15584415584415584,0.2639593908629442,0.8529411764705882,0.116751269035533,0.38235294117647056,0.8181818181818182,0.7272727272727273,0.03,0.01
BIOMD0000000747.txt,BioMD_other,33,28,28,378,340,38,73,40,33,66,33,33,27,6,21,20,16,0.1931216931216931,0.1746031746031746,0.07142857142857142,0.11764705882352941,0.868421052631579,0.01764705882352941,0.5526315789473685,0.7142857142857143,0.5714285714285714,0.03,0.01
BIOMD0000000755.txt,BioMD_other,9,7,7,21,6,15,13,0,13,13,0,13,4,0,4,4,4,0.6190476190476191,0.6190476190476191,0.19047619047619047,0.0,0.8666666666666667,0.0,0.26666666666666666,0.5714285714285714,0.5714285714285714,0.03,0.0
BIOMD0000000759.txt,BioMD_other,6,19,5,10,4,6,3,0,3,3,0,3,2,0,2,2,2,0.3,0.3,0.2,0.0,0.5,0.0,0.3333333333333333,0.4,0.4,0.03,0.0
BIOMD0000000764.txt,BioMD_other,4,9,4,6,1,5,2,0,2,2,0,2,2,0,2,1,2,0.3333333333333333,0.3333333333333333,0.3333333333333333,0.0,0.4,0.0,0.4,0.25,0.5,0.03,0.0
BIOMD0000000766.txt,BioMD_other,5,11,4,6,2,4,2,0,2,2,0,2,1,0,1,1,1,0.3333333333333333,0.3333333333333333,0.16666666666666666,0.0,0.5,0.0,0.25,0.25,0.25,0.02,0.0
BIOMD0000000768.txt,BioMD_other,5,13,5,10,5,5,4,0,4,4,0,4,3,0,3,2,3,0.4,0.4,0.3,0.0,0.8,0.0,0.6,0.4,0.6,0.02,0.0
BIOMD0000000772.txt,BioMD_other,4,7,4,6,3,3,3,0,3,3,0,3,3,0,3,2,2,0.5,0.5,0.5,0.0,1.0,0.0,1.0,0.5,0.5,0.03,0.0
BIOMD0000000777.txt,BioMD_other,3,8,5,10,6,4,2,0,2,2,0,2,2,0,2,2,1,0.2,0.2,0.2,0.0,0.5,0.0,0.5,0.4,0.2,0.03,0.0
BIOMD0000000789.txt,BioMD_other,4,5,4,6,0,6,2,0,2,2,0,2,1,0,1,1,1,0.3333333333333333,0.3333333333333333,0.16666666666666666,0.0,0.3333333333333333,0.0,0.16666666666666666,0.25,0.25,0.02,0.0
BIOMD0000000800.txt,BioMD_other,3,6,4,6,3,3,3,0,3,3,0,3,3,0,3,1,3,0.5,0.5,0.5,0.0,1.0,0.0,1.0,0.25,0.75,0.02,0.0
BIOMD0000000802.txt,BioMD_other,4,8,5,10,4,6,4,0,4,4,0,4,2,0,2,2,2,0.4,0.4,0.2,0.0,0.6666666666666666,0.0,0.3333333333333333,0.4,0.4,0.02,0.0
BIOMD0000000816.txt,BioMD_other,7,16,4,6,0,6,0,0,0,0,0,0,0,0,0,0,0,0.0,0.0,0.0,0.0,0.0,0.0,0.0,0.0,0.0,0.02,0.0
BIOMD0000000827.txt,BioMD_other,10,9,9,36,31,5,3,0,3,3,0,3,3,0,3,3,3,0.08333333333333333,0.08333333333333333,0.08333333333333333,0.0,0.6,0.0,0.6,0.3333333333333333,0.3333333333333333,0.02,0.0
BIOMD0000000830.txt,BioMD_other,7,7,4,6,0,6,5,0,5,5,0,5,2,0,2,2,2,0.8333333333333334,0.8333333333333334,0.3333333333333333,0.0,0.8333333333333334,0.0,0.3333333333333333,0.5,0.5,0.03,0.0
BIOMD0000000837.txt,BioMD_other,8,17,11,55,30,25,6,0,6,6,0,6,3,0,3,3,2,0.10909090909090909,0.10909090909090909,0.05454545454545454,0.0,0.24,0.0,0.12,0.2727272727272727,0.18181818181818182,0.02,0.0
BIOMD0000000843.txt,BioMD_other,10,15,5,10,4,6,0,0,0,0,0,0,0,0,0,0,0,0.0,0.0,0.0,0.0,0.0,0.0,0.0,0.0,0.0,0.02,0.0
BIOMD0000000849.txt,BioMD_other,21,23,12,66,56,10,5,0,5,5,0,5,5,0,5,4,3,0.07575757575757576,0.07575757575757576,0.07575757575757576,0.0,0.5,0.0,0.5,0.3333333333333333,0.25,0.02,0.0
BIOMD0000000856.txt,BioMD_other,22,26,21,210,181,29,35,13,22,33,11,22,19,7,12,10,10,0.16666666666666666,0.15714285714285714,0.09047619047619047,0.0718232044198895,0.7586206896551724,0.03867403314917127,0.41379310344827586,0.47619047619047616,0.47619047619047616,0.03,0.01
BIOMD0000000860.txt,BioMD_other,4,5,4,6,1,5,4,0,4,4,0,4,2,0,2,2,2,0.6666666666666666,0.6666666666666666,0.3333333333333333,0.0,0.8,0.0,0.4,0.5,0.5,0.03,0.0
BIOMD0000000862.txt,BioMD_other,9,11,7,21,13,8,6,0,6,6,0,6,4,0,4,4,2,0.2857142857142857,0.2857142857142857,0.19047619047619047,0.0,0.75,0.0,0.5,0.5714285714285714,0.2857142857142857,0.03,0.0
BIOMD0000000863.txt,BioMD_other,6,13,7,21,8,13,5,0,5,5,0,5,3,0,3,3,3,0.23809523809523808,0.23809523809523808,0.14285714285714285,0.0,0.38461538461538464,0.0,0.23076923076923078,0.42857142857142855,0.42857142857142855,0.03,0.0
BIOMD0000000864.txt,BioMD_other,7,9,6,15,7,8,6,0,6,6,0,6,4,0,4,3,2,0.4,0.4,0.26666666666666666,0.0,0.75,0.0,0.5,0.5,0.3333333333333333,0.03,0.0
BIOMD0000000865.txt,BioMD_other,4,8,5,10,5,5,4,0,4,4,0,4,3,0,3,2,3,0.4,0.4,0.3,0.0,0.8,0.0,0.6,0.4,0.6,0.02,0.0
BIOMD0000000866.txt,BioMD_other,4,4,4,6,3,3,3,1,2,3,1,2,2,0,2,2,2,0.5,0.5,0.3333333333333333,0.3333333333333333,0.6666666666666666,0.0,0.6666666666666666,0.5,0.5,0.03,0.0
BIOMD0000000868.txt,BioMD_other,5,5,5,10,5,5,5,1,4,5,1,4,3,0,3,3,3,0.5,0.5,0.3,0.2,0.8,0.0,0.6,0.6,0.6,0.03,0.0
BIOMD0000000869.txt,BioMD_other,5,7,6,15,7,8,9,3,6,7,1,6,3,0,3,3,3,0.6,0.4666666666666667,0.2,0.42857142857142855,0.75,0.0,0.375,0.5,0.5,0.03,0.0
BIOMD0000000870.txt,BioMD_other,7,9,8,28,16,12,13,3,10,11,1,10,5,0,5,5,5,0.4642857142857143,0.39285714285714285,0.17857142857142858,0.1875,0.8333333333333334,0.0,0.4166666666666667,0.625,0.625,0.03,0.0
BIOMD0000000871.txt,BioMD_other,8,13,4,6,0,6,3,0,3,3,0,3,2,0,2,2,2,0.5,0.5,0.3333333333333333,0.0,0.5,0.0,0.3333333333333333,0.5,0.5,0.03,0.0
BIOMD0000000872.txt,BioMD_other,7,18,8,28,8,20,5,0,5,5,0,5,1,0,1,1,1,0.17857142857142858,0.17857142857142858,0.03571428571428571,0.0,0.25,0.0,0.05,0.125,0.125,0.03,0.0
BIOMD0000000873.txt,BioMD_other,42,38,33,528,337,191,232,44,188,228,40,188,35,9,26,29,29,0.4393939393939394,0.4318181818181818,0.06628787878787878,0.13056379821958458,0.9842931937172775,0.026706231454005934,0.13612565445026178,0.8787878787878788,0.8787878787878788,0.03,0.03
BIOMD0000000877.txt,BioMD_other,4,9,4,6,1,5,2,0,2,2,0,2,2,0,2,1,2,0.3333333333333333,0.3333333333333333,0.3333333333333333,0.0,0.4,0.0,0.4,0.25,0.5,0.0,0.0
BIOMD0000000896.txt,BioMD_other,9,15,6,15,3,12,3,0,3,3,0,3,2,0,2,2,2,0.2,0.2,0.13333333333333333,0.0,0.25,0.0,0.16666666666666666,0.3333333333333333,0.3333333333333333,0.02,0.0
BIOMD0000000899.txt,BioMD_other,12,8,8,28,21,7,9,2,7,9,2,7,8,1,7,3,5,0.32142857142857145,0.32142857142857145,0.2857142857142857,0.09523809523809523,1.0,0.047619047619047616,1.0,0.375,0.625,0.02,0.0
BIOMD0000000902.txt,BioMD_other,4,7,4,6,3,3,3,0,3,3,0,3,3,0,3,2,2,0.5,0.5,0.5,0.0,1.0,0.0,1.0,0.5,0.5,0.03,0.0
BIOMD0000000908.txt,BioMD_other,7,13,5,10,1,9,4,0,4,4,0,4,2,0,2,1,2,0.4,0.4,0.2,0.0,0.4444444444444444,0.0,0.2222222222222222,0.2,0.4,0.02,0.0
BIOMD0000000914.txt,BioMD_other,5,9,4,6,0,6,0,0,0,0,0,0,0,0,0,0,0,0.0,0.0,0.0,0.0,0.0,0.0,0.0,0.0,0.0,0.02,0.0
BIOMD0000000915.txt,BioMD_other,9,8,8,28,0,28,28,0,28,28,0,28,7,0,7,7,7,1.0,1.0,0.25,0.0,1.0,0.0,0.25,0.875,0.875,0.02,0.0
BIOMD0000000925.txt,BioMD_other,16,16,14,91,57,34,15,3,12,12,0,12,9,2,7,8,5,0.16483516483516483,0.13186813186813187,0.0989010989010989,0.05263157894736842,0.35294117647058826,0.03508771929824561,0.20588235294117646,0.5714285714285714,0.35714285714285715,0.03,0.0
BIOMD0000000948.txt,BioMD_other,6,6,5,10,4,6,2,0,2,2,0,2,2,0,2,2,2,0.2,0.2,0.2,0.0,0.3333333333333333,0.0,0.3333333333333333,0.4,0.4,0.04,0.0
BIOMD0000000951.txt,BioMD_other,34,33,31,465,455,10,69,60,9,39,30,9,52,44,8,21,19,0.14838709677419354,0.08387096774193549,0.11182795698924732,0.13186813186813187,0.9,0.0967032967032967,0.8,0.6774193548387096,0.6129032258064516,0.0,0.01
BIOMD0000000953.txt,BioMD_other,22,29,20,190,148,42,29,16,13,23,10,13,15,7,8,10,6,0.15263157894736842,0.12105263157894737,0.07894736842105263,0.10810810810810811,0.30952380952380953,0.0472972972972973,0.19047619047619047,0.5,0.3,0.03,0.01
BIOMD0000000955.txt,BioMD_other,8,13,6,15,1,14,14,0,14,14,0,14,6,0,6,5,5,0.9333333333333333,0.9333333333333333,0.4,0.0,1.0,0.0,0.42857142857142855,0.8333333333333334,0.8333333333333334,0.03,0.0
BIOMD0000000958.txt,BioMD_other,8,12,5,10,1,9,9,0,9,9,0,9,5,0,5,4,4,0.9,0.9,0.5,0.0,1.0,0.0,0.5555555555555556,0.8,0.8,0.03,0.0
BIOMD0000000960.txt,BioMD_other,8,11,5,10,2,8,7,0,7,7,0,7,3,0,3,2,3,0.7,0.7,0.3,0.0,0.875,0.0,0.375,0.4,0.6,0.03,0.0
BIOMD0000000964.txt,BioMD_other,6,14,6,15,4,11,6,0,6,6,0,6,5,0,5,3,4,0.4,0.4,0.3333333333333333,0.0,0.5454545454545454,0.0,0.45454545454545453,0.5,0.6666666666666666,0.02,0.0
BIOMD0000000969.txt,BioMD_other,28,32,12,66,46,20,8,0,8,8,0,8,8,0,8,4,4,0.12121212121212122,0.12121212121212122,0.12121212121212122,0.0,0.4,0.0,0.4,0.3333333333333333,0.3333333333333333,0.02,0.0
BIOMD0000000971.txt,BioMD_other,8,13,7,21,10,11,11,0,11,11,0,11,7,0,7,4,6,0.5238095238095238,0.5238095238095238,0.3333333333333333,0.0,1.0,0.0,0.6363636363636364,0.5714285714285714,0.8571428571428571,0.02,0.0
BIOMD0000000972.txt,BioMD_other,8,13,7,21,10,11,11,0,11,11,0,11,7,0,7,4,6,0.5238095238095238,0.5238095238095238,0.3333333333333333,0.0,1.0,0.0,0.6363636363636364,0.5714285714285714,0.8571428571428571,0.0,0.0
BIOMD0000000977.txt,BioMD_other,6,15,7,21,8,13,13,0,13,13,0,13,6,0,6,5,6,0.6190476190476191,0.6190476190476191,0.2857142857142857,0.0,1.0,0.0,0.46153846153846156,0.7142857142857143,0.8571428571428571,0.02,0.0
BIOMD0000000979.txt,BioMD_other,5,4,4,6,0,6,6,0,6,6,0,6,3,0,3,3,3,1.0,1.0,0.5,0.0,1.0,0.0,0.5,0.75,0.75,0.02,0.0
BIOMD0000000980.txt,BioMD_other,5,4,4,6,0,6,6,0,6,6,0,6,3,0,3,3,3,1.0,1.0,0.5,0.0,1.0,0.0,0.5,0.75,0.75,0.0,0.0
BIOMD0000000981.txt,BioMD_other,10,15,11,55,26,29,29,5,24,25,1,24,9,1,8,7,7,0.5272727272727272,0.45454545454545453,0.16363636363636364,0.19230769230769232,0.8275862068965517,0.038461538461538464,0.27586206896551724,0.6363636363636364,0.6363636363636364,0.02,0.0
BIOMD0000000983.txt,BioMD_other,7,10,6,15,6,9,7,0,7,7,0,7,5,0,5,3,4,0.4666666666666667,0.4666666666666667,0.3333333333333333,0.0,0.7777777777777778,0.0,0.5555555555555556,0.5,0.6666666666666666,0.03,0.0
BIOMD0000000988.txt,BioMD_other,13,18,9,36,4,32,32,0,32,32,0,32,9,0,9,7,8,0.8888888888888888,0.8888888888888888,0.25,0.0,1.0,0.0,0.28125,0.7777777777777778,0.8888888888888888,0.02,0.0
BIOMD0000000991.txt,BioMD_other,8,10,5,10,1,9,9,0,9,9,0,9,5,0,5,4,4,0.9,0.9,0.5,0.0,1.0,0.0,0.5555555555555556,0.8,0.8,0.03,0.0
BIOMD0000001014.txt,BioMD_other,4,7,4,6,0,6,0,0,0,0,0,0,0,0,0,0,0,0.0,0.0,0.0,0.0,0.0,0.0,0.0,0.0,0.0,0.03,0.0
BIOMD0000001021.txt,BioMD_other,6,9,7,21,14,7,7,0,7,7,0,7,7,0,7,3,4,0.3333333333333333,0.3333333333333333,0.3333333333333333,0.0,1.0,0.0,1.0,0.42857142857142855,0.5714285714285714,0.02,0.0
BIOMD0000001027.txt,BioMD_other,20,33,6,15,0,15,12,0,12,12,0,12,4,0,4,4,4,0.8,0.8,0.26666666666666666,0.0,0.8,0.0,0.26666666666666666,0.6666666666666666,0.6666666666666666,0.03,0.01
BIOMD0000001028.txt,BioMD_other,21,35,6,15,0,15,12,0,12,12,0,12,4,0,4,4,4,0.8,0.8,0.26666666666666666,0.0,0.8,0.0,0.26666666666666666,0.6666666666666666,0.6666666666666666,0.03,0.01
BIOMD0000001029.txt,BioMD_other,21,35,6,15,0,15,12,0,12,12,0,12,4,0,4,4,4,0.8,0.8,0.26666666666666666,0.0,0.8,0.0,0.26666666666666666,0.6666666666666666,0.6666666666666666,0.0,0.01
BIOMD0000001033.txt,BioMD_other,6,13,8,28,15,13,11,4,7,7,0,7,5,3,2,4,4,0.39285714285714285,0.25,0.17857142857142858,0.26666666666666666,0.5384615384615384,0.2,0.15384615384615385,0.5,0.5,0.05,0.0
BIOMD0000001039.txt,BioMD_other,20,33,6,15,0,15,12,0,12,12,0,12,4,0,4,4,4,0.8,0.8,0.26666666666666666,0.0,0.8,0.0,0.26666666666666666,0.6666666666666666,0.6666666666666666,0.0,0.01
bigg_e_coli_core.txt,BiGG,72,141,49,1176,1004,172,47,34,13,30,17,13,21,17,4,15,8,0.039965986394557826,0.025510204081632654,0.017857142857142856,0.03386454183266932,0.0755813953488372,0.01693227091633466,0.023255813953488372,0.30612244897959184,0.16326530612244897,0.02,0.12
bigg_iAB_RBC_283.txt,BiGG,342,645,161,12880,11197,1683,1162,290,872,962,90,872,157,56,101,92,100,0.09021739130434783,0.07468944099378882,0.01218944099378882,0.025899794587836027,0.5181224004753416,0.005001339644547647,0.06001188354129531,0.5714285714285714,0.6211180124223602,0.02,9.05
bigg_iIS312.txt,BiGG,606,806,300,44850,43272,1578,588,164,424,539,115,424,157,97,60,107,89,0.013110367892976588,0.01201783723522854,0.003500557413600892,0.0037899796635237565,0.26869455006337134,0.002241634313181734,0.03802281368821293,0.3566666666666667,0.2966666666666667,0.03,10.25
bigg_iIS312_Amastigote.txt,BiGG,606,784,305,46360,44807,1553,665,249,416,604,188,416,172,111,61,114,101,0.014344262295081968,0.013028472821397756,0.0037100949094046594,0.0055571674068783895,0.2678686413393432,0.002477291494632535,0.039278815196394076,0.3737704918032787,0.33114754098360655,0.03,10.68
bigg_iIS312_Epimastigote.txt,BiGG,606,804,302,45451,43864,1587,577,153,424,530,106,424,157,97,60,107,89,0.01269499020923632,0.011660909550944974,0.0034542694330157754,0.0034880539850446835,0.26717076244486454,0.0022113806310414008,0.03780718336483932,0.3543046357615894,0.2947019867549669,0.03,12.99
bigg_iIS312_Trypomastigote.txt,BiGG,606,791,307,46971,45368,1603,567,168,399,517,118,399,158,98,60,109,91,0.012071278022609695,0.011006791424495966,0.003363777650039386,0.003703050608358314,0.24890829694323144,0.0021601128548756833,0.037429819089207735,0.3550488599348534,0.2964169381107492,0.03,11.29
bigg_iSB619.txt,BiGG,655,959,579,167331,162357,4974,6398,4515,1883,4144,2261,1883,1332,1161,171,361,244,0.03823559292659459,0.02476528557171116,0.00796027036233573,0.027809087381511114,0.3785685564937676,0.007150908183817144,0.03437876960193004,0.6234887737478411,0.4214162348877375,0.03,18.19
central_ecoli.txt,Other,92,168,23,253,170,83,39,1,38,39,1,38,13,0,13,9,10,0.1541501976284585,0.1541501976284585,0.05138339920948617,0.0058823529411764705,0.4578313253012048,0.0,0.1566265060240964,0.391304347826087,0.43478260869565216,0.02,0.13
