file,n_species,n_reactions,n_ercs,n_pairs_max,n_triples_max,n_basic_pairs,n_maximal_pairs,n_fundamental_pairs,n_basic_targets,n_maximal_targets,n_fundamental_targets,ratio_basic,ratio_maximal,ratio_fundamental,target_ratio_basic,target_ratio_maximal,target_ratio_fundamental,syn3_computed,n_basic_3syn_triples,n_maximal_3syn_triples,n_fundamental_3syn_triples,n_basic_3syn_targets,n_maximal_3syn_targets,n_fundamental_3syn_targets,ratio_3syn_basic,ratio_3syn_fundamental,time_ercs,time_synergies,dataset
BIOMD0000000001.txt,12,17,11,55,165,0,0,0,0,0,0,0.0,0.0,0.0,0.0,0.0,0.0,True,0,0,0,0,0,0,0.0,0.0,0.01,0.0,
BIOMD0000000002.txt,13,17,17,136,680,30,30,6,7,6,6,0.2205882352941176,0.2205882352941176,0.0441176470588235,0.4117647058823529,0.3529411764705882,0.3529411764705882,True,0,0,0,0,0,0,0.0,0.0,0.01,0.01,
BIOMD0000000005.txt,8,9,6,15,20,2,2,1,1,1,1,0.1333333333333333,0.1333333333333333,0.0666666666666666,0.1666666666666666,0.1666666666666666,0.1666666666666666,True,0,0,0,0,0,0,0.0,0.0,0.0,0.0,
BIOMD0000000007.txt,19,25,12,66,220,5,5,2,2,2,2,0.0757575757575757,0.0757575757575757,0.0303030303030303,0.1666666666666666,0.1666666666666666,0.1666666666666666,True,0,0,0,0,0,0,0.0,0.0,0.01,0.0,
BIOMD0000000009.txt,22,20,20,190,1140,81,81,9,10,6,6,0.4263157894736842,0.4263157894736842,0.0473684210526315,0.5,0.3,0.3,True,0,0,0,0,0,0,0.0,0.0,0.01,0.02,
BIOMD0000000010.txt,8,10,8,28,56,13,13,3,3,3,3,0.4642857142857143,0.4642857142857143,0.1071428571428571,0.375,0.375,0.375,True,0,0,0,0,0,0,0.0,0.0,0.0,0.0,
BIOMD0000000011.txt,22,30,10,45,120,18,18,7,6,4,4,0.4,0.4,0.1555555555555555,0.6,0.4,0.4,True,0,0,0,0,0,0,0.0,0.0,0.01,0.0,
BIOMD0000000013.txt,27,21,16,120,560,20,20,8,4,3,3,0.1666666666666666,0.1666666666666666,0.0666666666666666,0.25,0.1875,0.1875,True,16,16,10,1,1,1,0.0285714285714285,0.0178571428571428,0.01,0.01,
BIOMD0000000015.txt,18,37,26,325,2600,86,86,28,14,12,12,0.2646153846153846,0.2646153846153846,0.0861538461538461,0.5384615384615384,0.4615384615384615,0.4615384615384615,True,131,131,16,7,7,7,0.0503846153846153,0.0061538461538461,0.02,0.21,
BIOMD0000000017.txt,19,14,13,78,286,18,18,11,5,5,5,0.2307692307692307,0.2307692307692307,0.141025641025641,0.3846153846153846,0.3846153846153846,0.3846153846153846,True,3,3,3,1,1,1,0.0104895104895104,0.0104895104895104,0.01,0.01,
BIOMD0000000018.txt,32,47,18,153,816,14,14,8,4,4,4,0.0915032679738562,0.0915032679738562,0.0522875816993464,0.2222222222222222,0.2222222222222222,0.2222222222222222,True,13,13,5,2,2,2,0.0159313725490196,0.0061274509803921,0.1,0.1,
BIOMD0000000021.txt,10,24,5,10,10,4,4,1,1,1,1,0.4,0.4,0.1,0.2,0.2,0.2,True,0,0,0,0,0,0,0.0,0.0,0.01,0.0,
BIOMD0000000022.txt,13,32,12,66,220,10,10,2,2,2,2,0.1515151515151515,0.1515151515151515,0.0303030303030303,0.1666666666666666,0.1666666666666666,0.1666666666666666,True,0,0,0,0,0,0,0.0,0.0,0.01,0.0,
BIOMD0000000023.txt,13,11,8,28,56,5,5,3,2,2,2,0.1785714285714285,0.1785714285714285,0.1071428571428571,0.25,0.25,0.25,True,0,0,0,0,0,0,0.0,0.0,0.05,0.0,
BIOMD0000000026.txt,11,10,10,45,120,23,23,1,4,2,2,0.5111111111111111,0.5111111111111111,0.0222222222222222,0.4,0.2,0.2,True,0,0,0,0,0,0,0.0,0.0,0.01,0.0,
BIOMD0000000028.txt,16,17,16,120,560,63,63,6,6,3,3,0.525,0.525,0.05,0.375,0.1875,0.1875,True,0,0,0,0,0,0,0.0,0.0,0.01,0.02,
BIOMD0000000030.txt,18,20,18,153,816,76,76,4,6,2,2,0.4967320261437908,0.4967320261437908,0.0261437908496732,0.3333333333333333,0.1111111111111111,0.1111111111111111,True,0,0,0,0,0,0,0.0,0.0,0.01,0.02,
BIOMD0000000032.txt,37,47,25,300,2300,89,89,21,14,13,13,0.2966666666666667,0.2966666666666667,0.07,0.56,0.52,0.52,True,0,0,0,0,0,0,0.0,0.0,0.04,0.12,
BIOMD0000000035.txt,10,16,9,36,84,13,13,2,2,2,2,0.3611111111111111,0.3611111111111111,0.0555555555555555,0.2222222222222222,0.2222222222222222,0.2222222222222222,True,0,0,0,0,0,0,0.0,0.0,0.01,0.0,
BIOMD0000000037.txt,12,12,7,21,35,3,3,2,2,2,2,0.1428571428571428,0.1428571428571428,0.0952380952380952,0.2857142857142857,0.2857142857142857,0.2857142857142857,True,0,0,0,0,0,0,0.0,0.0,0.0,0.0,
BIOMD0000000038.txt,17,10,10,45,120,12,12,3,3,3,3,0.2666666666666666,0.2666666666666666,0.0666666666666666,0.3,0.3,0.3,True,0,0,0,0,0,0,0.0,0.0,0.0,0.0,
BIOMD0000000041.txt,10,9,9,36,84,5,5,3,3,3,3,0.1388888888888889,0.1388888888888889,0.0833333333333333,0.3333333333333333,0.3333333333333333,0.3333333333333333,True,0,0,0,0,0,0,0.0,0.0,0.0,0.0,
BIOMD0000000042.txt,15,25,9,36,84,0,0,0,0,0,0,0.0,0.0,0.0,0.0,0.0,0.0,True,0,0,0,0,0,0,0.0,0.0,0.02,0.0,
BIOMD0000000046.txt,16,15,14,91,364,51,51,18,9,9,9,0.5604395604395604,0.5604395604395604,0.1978021978021978,0.6428571428571429,0.6428571428571429,0.6428571428571429,True,0,0,0,0,0,0,0.0,0.0,0.01,0.01,
BIOMD0000000048.txt,23,25,15,105,455,47,47,12,8,8,8,0.4476190476190476,0.4476190476190476,0.1142857142857142,0.5333333333333333,0.5333333333333333,0.5333333333333333,True,0,0,0,0,0,0,0.0,0.0,0.02,0.02,
BIOMD0000000050.txt,14,16,9,36,84,0,0,0,0,0,0,0.0,0.0,0.0,0.0,0.0,0.0,True,0,0,0,0,0,0,0.0,0.0,0.0,0.0,
BIOMD0000000052.txt,11,11,5,10,10,1,1,1,1,1,1,0.1,0.1,0.1,0.2,0.2,0.2,True,0,0,0,0,0,0,0.0,0.0,0.0,0.0,
BIOMD0000000053.txt,6,12,4,6,4,1,1,1,1,1,1,0.1666666666666666,0.1666666666666666,0.1666666666666666,0.25,0.25,0.25,True,0,0,0,0,0,0,0.0,0.0,0.0,0.0,
BIOMD0000000055.txt,13,32,4,6,4,0,0,0,0,0,0,0.0,0.0,0.0,0.0,0.0,0.0,True,0,0,0,0,0,0,0.0,0.0,0.03,0.0,
BIOMD0000000056.txt,46,94,33,528,5456,75,75,11,10,10,10,0.1420454545454545,0.1420454545454545,0.0208333333333333,0.303030303030303,0.303030303030303,0.303030303030303,True,0,0,0,0,0,0,0.0,0.0,0.11,0.18,
BIOMD0000000061.txt,25,24,24,276,2024,45,45,9,9,8,8,0.1630434782608695,0.1630434782608695,0.0326086956521739,0.375,0.3333333333333333,0.3333333333333333,True,0,0,0,0,0,0,0.0,0.0,0.01,0.05,
BIOMD0000000063.txt,9,8,5,10,10,3,3,1,2,1,1,0.3,0.3,0.1,0.4,0.2,0.2,True,0,0,0,0,0,0,0.0,0.0,0.0,0.0,
BIOMD0000000064.txt,25,17,15,105,455,22,22,10,7,7,7,0.2095238095238095,0.2095238095238095,0.0952380952380952,0.4666666666666667,0.4666666666666667,0.4666666666666667,True,4,4,2,1,1,1,0.0087912087912087,0.0043956043956043,0.01,0.01,
BIOMD0000000065.txt,9,16,5,10,10,0,0,0,0,0,0,0.0,0.0,0.0,0.0,0.0,0.0,True,0,0,0,0,0,0,0.0,0.0,0.01,0.0,
BIOMD0000000066.txt,11,7,7,21,35,5,5,3,4,4,4,0.238095238095238,0.238095238095238,0.1428571428571428,0.5714285714285714,0.5714285714285714,0.5714285714285714,True,0,0,0,0,0,0,0.0,0.0,0.0,0.0,
BIOMD0000000067.txt,8,13,6,15,20,1,1,1,1,1,1,0.0666666666666666,0.0666666666666666,0.0666666666666666,0.1666666666666666,0.1666666666666666,0.1666666666666666,True,0,0,0,0,0,0,0.0,0.0,0.0,0.0,
BIOMD0000000069.txt,10,7,6,15,20,2,2,2,1,1,1,0.1333333333333333,0.1333333333333333,0.1333333333333333,0.1666666666666666,0.1666666666666666,0.1666666666666666,True,0,0,0,0,0,0,0.0,0.0,0.0,0.0,
BIOMD0000000070.txt,45,38,35,595,6545,80,80,36,13,13,13,0.134453781512605,0.134453781512605,0.0605042016806722,0.3714285714285714,0.3714285714285714,0.3714285714285714,True,92,92,14,4,4,4,0.0140565317035905,0.002139037433155,0.03,0.27,
BIOMD0000000071.txt,26,14,14,91,364,8,8,8,4,4,4,0.0879120879120879,0.0879120879120879,0.0879120879120879,0.2857142857142857,0.2857142857142857,0.2857142857142857,True,7,7,4,3,3,3,0.0192307692307692,0.0109890109890109,0.0,0.01,
BIOMD0000000072.txt,7,7,6,15,20,2,2,1,1,1,1,0.1333333333333333,0.1333333333333333,0.0666666666666666,0.1666666666666666,0.1666666666666666,0.1666666666666666,True,0,0,0,0,0,0,0.0,0.0,0.0,0.0,
BIOMD0000000073.txt,16,48,9,36,84,4,4,1,1,1,1,0.1111111111111111,0.1111111111111111,0.0277777777777777,0.1111111111111111,0.1111111111111111,0.1111111111111111,True,0,0,0,0,0,0,0.0,0.0,0.02,0.0,
BIOMD0000000074.txt,19,57,9,36,84,4,4,1,1,1,1,0.1111111111111111,0.1111111111111111,0.0277777777777777,0.1111111111111111,0.1111111111111111,0.1111111111111111,True,0,0,0,0,0,0,0.0,0.0,0.03,0.0,
BIOMD0000000075.txt,11,8,8,28,56,12,12,8,4,4,4,0.4285714285714285,0.4285714285714285,0.2857142857142857,0.5,0.5,0.5,True,0,0,0,0,0,0,0.0,0.0,0.0,0.0,
BIOMD0000000077.txt,7,5,5,10,10,0,0,0,0,0,0,0.0,0.0,0.0,0.0,0.0,0.0,True,0,0,0,0,0,0,0.0,0.0,0.0,0.0,
BIOMD0000000078.txt,16,48,9,36,84,4,4,1,1,1,1,0.1111111111111111,0.1111111111111111,0.0277777777777777,0.1111111111111111,0.1111111111111111,0.1111111111111111,True,0,0,0,0,0,0,0.0,0.0,0.01,0.0,
BIOMD0000000080.txt,10,6,6,15,20,1,1,1,1,1,1,0.0666666666666666,0.0666666666666666,0.0666666666666666,0.1666666666666666,0.1666666666666666,0.1666666666666666,True,0,0,0,0,0,0,0.0,0.0,0.0,0.0,
BIOMD0000000081.txt,23,15,14,91,364,6,6,6,3,3,3,0.0659340659340659,0.0659340659340659,0.0659340659340659,0.2142857142857142,0.2142857142857142,0.2142857142857142,True,0,0,0,0,0,0,0.0,0.0,0.0,0.01,
BIOMD0000000082.txt,10,6,6,15,20,1,1,1,1,1,1,0.0666666666666666,0.0666666666666666,0.0666666666666666,0.1666666666666666,0.1666666666666666,0.1666666666666666,True,0,0,0,0,0,0,0.0,0.0,0.0,0.0,
BIOMD0000000083.txt,19,57,9,36,84,4,4,1,1,1,1,0.1111111111111111,0.1111111111111111,0.0277777777777777,0.1111111111111111,0.1111111111111111,0.1111111111111111,True,0,0,0,0,0,0,0.0,0.0,0.03,0.0,
BIOMD0000000084.txt,8,8,7,21,35,8,8,3,3,3,3,0.3809523809523809,0.3809523809523809,0.1428571428571428,0.4285714285714285,0.4285714285714285,0.4285714285714285,True,0,0,0,0,0,0,0.0,0.0,0.0,0.0,
BIOMD0000000085.txt,17,17,17,136,680,48,48,16,9,9,9,0.3529411764705882,0.3529411764705882,0.1176470588235294,0.5294117647058824,0.5294117647058824,0.5294117647058824,True,0,0,0,0,0,0,0.0,0.0,0.0,0.01,
BIOMD0000000086.txt,17,24,24,276,2024,135,135,47,16,16,16,0.4891304347826087,0.4891304347826087,0.1702898550724637,0.6666666666666666,0.6666666666666666,0.6666666666666666,True,0,0,0,0,0,0,0.0,0.0,0.01,0.07,
BIOMD0000000089.txt,16,36,11,55,165,18,18,1,1,1,1,0.3272727272727272,0.3272727272727272,0.0181818181818181,0.0909090909090909,0.0909090909090909,0.0909090909090909,True,0,0,0,0,0,0,0.0,0.0,0.03,0.0,
BIOMD0000000090.txt,26,21,20,190,1140,43,43,16,9,9,9,0.2263157894736842,0.2263157894736842,0.0842105263157894,0.45,0.45,0.45,True,1,1,1,1,1,1,0.0008771929824561,0.0008771929824561,0.0,0.03,
BIOMD0000000091.txt,16,23,12,66,220,24,24,8,6,6,6,0.3636363636363636,0.3636363636363636,0.1212121212121212,0.5,0.5,0.5,True,0,0,0,0,0,0,0.0,0.0,0.01,0.0,
BIOMD0000000093.txt,34,46,32,496,4960,182,182,29,15,15,15,0.3669354838709677,0.3669354838709677,0.0584677419354838,0.46875,0.46875,0.46875,True,0,0,0,0,0,0,0.0,0.0,0.05,0.18,
BIOMD0000000094.txt,34,45,35,595,6545,215,215,36,18,18,18,0.361344537815126,0.361344537815126,0.0605042016806722,0.5142857142857142,0.5142857142857142,0.5142857142857142,True,0,0,0,0,0,0,0.0,0.0,0.06,0.23,
BIOMD0000000095.txt,19,46,4,6,4,0,0,0,0,0,0,0.0,0.0,0.0,0.0,0.0,0.0,True,0,0,0,0,0,0,0.0,0.0,0.04,0.0,
BIOMD0000000096.txt,19,46,4,6,4,0,0,0,0,0,0,0.0,0.0,0.0,0.0,0.0,0.0,True,0,0,0,0,0,0,0.0,0.0,0.05,0.0,
BIOMD0000000097.txt,19,46,4,6,4,0,0,0,0,0,0,0.0,0.0,0.0,0.0,0.0,0.0,True,0,0,0,0,0,0,0.0,0.0,0.05,0.0,
BIOMD0000000099.txt,7,14,4,6,4,0,0,0,0,0,0,0.0,0.0,0.0,0.0,0.0,0.0,True,0,0,0,0,0,0,0.0,0.0,0.01,0.0,
BIOMD0000000105.txt,39,94,83,3403,91881,2518,2518,159,69,69,69,0.7399353511607405,0.7399353511607405,0.0467234792829856,0.8313253012048193,0.8313253012048193,0.8313253012048193,True,0,0,0,0,0,0,0.0,0.0,0.21,7.54,
BIOMD0000000106.txt,24,32,28,378,3276,105,105,26,12,12,12,0.2777777777777778,0.2777777777777778,0.0687830687830687,0.4285714285714285,0.4285714285714285,0.4285714285714285,True,19,19,6,3,3,3,0.0057997557997558,0.0018315018315018,0.01,0.08,
BIOMD0000000107.txt,14,23,11,55,165,18,18,4,4,4,4,0.3272727272727272,0.3272727272727272,0.0727272727272727,0.3636363636363636,0.3636363636363636,0.3636363636363636,True,0,0,0,0,0,0,0.0,0.0,0.0,0.0,
BIOMD0000000109.txt,49,138,19,171,969,51,51,7,7,7,7,0.2982456140350877,0.2982456140350877,0.0409356725146198,0.3684210526315789,0.3684210526315789,0.3684210526315789,True,0,0,0,0,0,0,0.0,0.0,0.14,0.03,
BIOMD0000000110.txt,13,22,7,21,35,0,0,0,0,0,0,0.0,0.0,0.0,0.0,0.0,0.0,True,0,0,0,0,0,0,0.0,0.0,0.01,0.0,
BIOMD0000000111.txt,10,19,6,15,20,1,1,1,1,1,1,0.0666666666666666,0.0666666666666666,0.0666666666666666,0.1666666666666666,0.1666666666666666,0.1666666666666666,True,0,0,0,0,0,0,0.0,0.0,0.01,0.0,
BIOMD0000000112.txt,10,8,8,28,56,8,8,2,2,2,2,0.2857142857142857,0.2857142857142857,0.0714285714285714,0.25,0.25,0.25,True,0,0,0,0,0,0,0.0,0.0,0.0,0.0,
BIOMD0000000121.txt,5,5,4,6,4,0,0,0,0,0,0,0.0,0.0,0.0,0.0,0.0,0.0,True,0,0,0,0,0,0,0.0,0.0,0.0,0.0,
BIOMD0000000122.txt,14,17,9,36,84,10,10,3,4,2,2,0.2777777777777778,0.2777777777777778,0.0833333333333333,0.4444444444444444,0.2222222222222222,0.2222222222222222,True,0,0,0,0,0,0,0.0,0.0,0.0,0.0,
BIOMD0000000123.txt,14,17,9,36,84,10,10,3,4,2,2,0.2777777777777778,0.2777777777777778,0.0833333333333333,0.4444444444444444,0.2222222222222222,0.2222222222222222,True,0,0,0,0,0,0,0.0,0.0,0.01,0.0,
BIOMD0000000125.txt,5,7,5,10,10,0,0,0,0,0,0,0.0,0.0,0.0,0.0,0.0,0.0,True,0,0,0,0,0,0,0.0,0.0,0.0,0.0,
BIOMD0000000137.txt,21,20,14,91,364,0,0,0,0,0,0,0.0,0.0,0.0,0.0,0.0,0.0,True,0,0,0,0,0,0,0.0,0.0,0.02,0.01,
BIOMD0000000139.txt,24,45,4,6,4,1,1,1,1,1,1,0.1666666666666666,0.1666666666666666,0.1666666666666666,0.25,0.25,0.25,True,0,0,0,0,0,0,0.0,0.0,0.04,0.0,
BIOMD0000000140.txt,24,45,4,6,4,1,1,1,1,1,1,0.1666666666666666,0.1666666666666666,0.1666666666666666,0.25,0.25,0.25,True,0,0,0,0,0,0,0.0,0.0,0.05,0.0,
BIOMD0000000143.txt,20,20,15,105,455,21,21,6,3,3,3,0.2,0.2,0.0571428571428571,0.2,0.2,0.2,True,0,0,0,0,0,0,0.0,0.0,0.01,0.01,
BIOMD0000000144.txt,18,54,6,15,20,4,4,1,1,1,1,0.2666666666666666,0.2666666666666666,0.0666666666666666,0.1666666666666666,0.1666666666666666,0.1666666666666666,True,0,0,0,0,0,0,0.0,0.0,0.06,0.0,
BIOMD0000000145.txt,6,11,5,10,10,0,0,0,0,0,0,0.0,0.0,0.0,0.0,0.0,0.0,True,0,0,0,0,0,0,0.0,0.0,0.0,0.0,
BIOMD0000000146.txt,36,34,22,231,1540,40,40,10,8,8,8,0.1731601731601731,0.1731601731601731,0.0432900432900432,0.3636363636363636,0.3636363636363636,0.3636363636363636,True,0,0,0,0,0,0,0.0,0.0,0.02,0.04,
BIOMD0000000147.txt,24,51,4,6,4,1,1,1,1,1,1,0.1666666666666666,0.1666666666666666,0.1666666666666666,0.25,0.25,0.25,True,0,0,0,0,0,0,0.0,0.0,0.05,0.0,
BIOMD0000000160.txt,25,41,26,325,2600,28,28,4,4,4,4,0.0861538461538461,0.0861538461538461,0.0123076923076923,0.1538461538461538,0.1538461538461538,0.1538461538461538,True,0,0,0,0,0,0,0.0,0.0,0.01,0.06,
BIOMD0000000162.txt,32,45,30,435,4060,144,144,119,19,19,19,0.3310344827586207,0.3310344827586207,0.2735632183908046,0.6333333333333333,0.6333333333333333,0.6333333333333333,True,1,1,1,1,1,1,0.0002463054187192,0.0002463054187192,0.02,0.14,
BIOMD0000000163.txt,16,26,4,6,4,1,1,1,1,1,1,0.1666666666666666,0.1666666666666666,0.1666666666666666,0.25,0.25,0.25,True,0,0,0,0,0,0,0.0,0.0,0.02,0.0,
BIOMD0000000164.txt,26,29,28,378,3276,82,82,30,14,14,14,0.2169312169312169,0.2169312169312169,0.0793650793650793,0.5,0.5,0.5,True,0,0,0,0,0,0,0.0,0.0,0.01,0.07,
BIOMD0000000165.txt,37,30,24,276,2024,38,38,20,9,9,9,0.1376811594202898,0.1376811594202898,0.072463768115942,0.375,0.375,0.375,True,6,6,3,1,1,1,0.0029644268774703,0.0014822134387351,0.01,0.05,
BIOMD0000000167.txt,9,7,6,15,20,0,0,0,0,0,0,0.0,0.0,0.0,0.0,0.0,0.0,True,0,0,0,0,0,0,0.0,0.0,0.0,0.0,
BIOMD0000000168.txt,7,10,10,45,120,14,14,3,3,3,3,0.3111111111111111,0.3111111111111111,0.0666666666666666,0.3,0.3,0.3,True,4,4,1,1,1,1,0.0333333333333333,0.0083333333333333,0.0,0.0,
BIOMD0000000171.txt,10,26,5,10,10,4,4,1,1,1,1,0.4,0.4,0.1,0.2,0.2,0.2,True,0,0,0,0,0,0,0.0,0.0,0.01,0.0,
BIOMD0000000172.txt,25,19,17,136,680,39,39,7,7,6,6,0.2867647058823529,0.2867647058823529,0.0514705882352941,0.4117647058823529,0.3529411764705882,0.3529411764705882,True,0,0,0,0,0,0,0.0,0.0,0.01,0.02,
BIOMD0000000173.txt,26,26,24,276,2024,64,64,16,10,10,10,0.2318840579710145,0.2318840579710145,0.0579710144927536,0.4166666666666667,0.4166666666666667,0.4166666666666667,True,0,0,0,0,0,0,0.0,0.0,0.01,0.05,
BIOMD0000000176.txt,25,19,17,136,680,39,39,7,7,6,6,0.2867647058823529,0.2867647058823529,0.0514705882352941,0.4117647058823529,0.3529411764705882,0.3529411764705882,True,0,0,0,0,0,0,0.0,0.0,0.01,0.01,
BIOMD0000000177.txt,28,21,18,153,816,51,51,10,8,7,7,0.3333333333333333,0.3333333333333333,0.065359477124183,0.4444444444444444,0.3888888888888889,0.3888888888888889,True,0,0,0,0,0,0,0.0,0.0,0.01,0.02,
BIOMD0000000178.txt,5,4,4,6,4,0,0,0,0,0,0,0.0,0.0,0.0,0.0,0.0,0.0,True,0,0,0,0,0,0,0.0,0.0,0.0,0.0,
BIOMD0000000186.txt,11,9,7,21,35,11,11,7,5,4,4,0.5238095238095238,0.5238095238095238,0.3333333333333333,0.7142857142857143,0.5714285714285714,0.5714285714285714,True,0,0,0,0,0,0,0.0,0.0,0.0,0.0,
BIOMD0000000187.txt,11,9,8,28,56,16,16,10,6,6,6,0.5714285714285714,0.5714285714285714,0.3571428571428571,0.75,0.75,0.75,True,0,0,0,0,0,0,0.0,0.0,0.0,0.0,
BIOMD0000000188.txt,18,20,11,55,165,11,11,2,2,2,2,0.2,0.2,0.0363636363636363,0.1818181818181818,0.1818181818181818,0.1818181818181818,True,0,0,0,0,0,0,0.0,0.0,0.01,0.0,
BIOMD0000000189.txt,16,14,6,15,20,0,0,0,0,0,0,0.0,0.0,0.0,0.0,0.0,0.0,True,0,0,0,0,0,0,0.0,0.0,0.01,0.0,
BIOMD0000000190.txt,11,13,10,45,120,11,11,5,3,3,3,0.2444444444444444,0.2444444444444444,0.1111111111111111,0.3,0.3,0.3,True,2,2,1,1,1,1,0.0166666666666666,0.0083333333333333,0.0,0.0,
BIOMD0000000191.txt,3,5,4,6,4,1,1,1,1,1,1,0.1666666666666666,0.1666666666666666,0.1666666666666666,0.25,0.25,0.25,True,0,0,0,0,0,0,0.0,0.0,0.0,0.0,
BIOMD0000000192.txt,13,9,9,36,84,8,8,5,4,4,4,0.2222222222222222,0.2222222222222222,0.1388888888888889,0.4444444444444444,0.4444444444444444,0.4444444444444444,True,0,0,0,0,0,0,0.0,0.0,0.0,0.0,
BIOMD0000000193.txt,8,6,5,10,10,5,5,3,3,2,2,0.5,0.5,0.3,0.6,0.4,0.4,True,0,0,0,0,0,0,0.0,0.0,0.0,0.0,
BIOMD0000000195.txt,10,20,8,28,56,1,1,1,1,1,1,0.0357142857142857,0.0357142857142857,0.0357142857142857,0.125,0.125,0.125,True,0,0,0,0,0,0,0.0,0.0,0.01,0.0,
BIOMD0000000196.txt,11,13,9,36,84,12,12,6,4,3,3,0.3333333333333333,0.3333333333333333,0.1666666666666666,0.4444444444444444,0.3333333333333333,0.3333333333333333,True,0,0,0,0,0,0,0.0,0.0,0.0,0.0,
BIOMD0000000198.txt,10,7,7,21,35,1,1,1,1,1,1,0.0476190476190476,0.0476190476190476,0.0476190476190476,0.1428571428571428,0.1428571428571428,0.1428571428571428,True,0,0,0,0,0,0,0.0,0.0,0.0,0.0,
BIOMD0000000199.txt,14,10,10,45,120,17,17,8,6,6,6,0.3777777777777777,0.3777777777777777,0.1777777777777777,0.6,0.6,0.6,True,0,0,0,0,0,0,0.0,0.0,0.0,0.0,
BIOMD0000000200.txt,21,34,23,253,1771,102,102,12,12,12,12,0.4031620553359684,0.4031620553359684,0.0474308300395256,0.5217391304347826,0.5217391304347826,0.5217391304347826,True,0,0,0,0,0,0,0.0,0.0,0.02,0.04,
BIOMD0000000201.txt,25,33,16,120,560,3,3,1,1,1,1,0.025,0.025,0.0083333333333333,0.0625,0.0625,0.0625,True,0,0,0,0,0,0,0.0,0.0,0.01,0.01,
BIOMD0000000202.txt,9,15,8,28,56,6,6,1,1,1,1,0.2142857142857142,0.2142857142857142,0.0357142857142857,0.125,0.125,0.125,True,0,0,0,0,0,0,0.0,0.0,0.0,0.0,
BIOMD0000000203.txt,12,10,10,45,120,4,4,1,1,1,1,0.0888888888888888,0.0888888888888888,0.0222222222222222,0.1,0.1,0.1,True,0,0,0,0,0,0,0.0,0.0,0.0,0.0,
BIOMD0000000204.txt,12,10,10,45,120,4,4,1,1,1,1,0.0888888888888888,0.0888888888888888,0.0222222222222222,0.1,0.1,0.1,True,0,0,0,0,0,0,0.0,0.0,0.0,0.0,
BIOMD0000000206.txt,9,11,5,10,10,0,0,0,0,0,0,0.0,0.0,0.0,0.0,0.0,0.0,True,0,0,0,0,0,0,0.0,0.0,0.0,0.0,
BIOMD0000000207.txt,6,6,6,15,20,0,0,0,0,0,0,0.0,0.0,0.0,0.0,0.0,0.0,True,0,0,0,0,0,0,0.0,0.0,0.0,0.0,
BIOMD0000000209.txt,16,12,12,66,220,0,0,0,0,0,0,0.0,0.0,0.0,0.0,0.0,0.0,True,0,0,0,0,0,0,0.0,0.0,0.0,0.0,
BIOMD0000000210.txt,15,12,12,66,220,0,0,0,0,0,0,0.0,0.0,0.0,0.0,0.0,0.0,True,0,0,0,0,0,0,0.0,0.0,0.0,0.0,
BIOMD0000000211.txt,27,21,21,210,1330,39,39,21,8,8,8,0.1857142857142857,0.1857142857142857,0.1,0.3809523809523809,0.3809523809523809,0.3809523809523809,True,0,0,0,0,0,0,0.0,0.0,0.01,0.03,
BIOMD0000000212.txt,31,18,18,153,816,12,12,12,4,4,4,0.0784313725490196,0.0784313725490196,0.0784313725490196,0.2222222222222222,0.2222222222222222,0.2222222222222222,True,0,0,0,0,0,0,0.0,0.0,0.01,0.02,
BIOMD0000000213.txt,14,12,11,55,165,5,5,2,2,2,2,0.0909090909090909,0.0909090909090909,0.0363636363636363,0.1818181818181818,0.1818181818181818,0.1818181818181818,True,0,0,0,0,0,0,0.0,0.0,0.0,0.0,
BIOMD0000000214.txt,12,24,13,78,286,5,5,1,1,1,1,0.0641025641025641,0.0641025641025641,0.0128205128205128,0.0769230769230769,0.0769230769230769,0.0769230769230769,True,45,45,1,1,1,1,0.1573426573426573,0.0034965034965034,0.01,0.01,
BIOMD0000000215.txt,7,14,6,15,20,0,0,0,0,0,0,0.0,0.0,0.0,0.0,0.0,0.0,True,0,0,0,0,0,0,0.0,0.0,0.0,0.0,
BIOMD0000000217.txt,20,16,12,66,220,9,9,3,3,3,3,0.1363636363636363,0.1363636363636363,0.0454545454545454,0.25,0.25,0.25,True,6,6,3,2,2,2,0.0272727272727272,0.0136363636363636,0.01,0.01,
BIOMD0000000218.txt,13,14,9,36,84,0,0,0,0,0,0,0.0,0.0,0.0,0.0,0.0,0.0,True,0,0,0,0,0,0,0.0,0.0,0.0,0.0,
BIOMD0000000219.txt,13,15,9,36,84,0,0,0,0,0,0,0.0,0.0,0.0,0.0,0.0,0.0,True,0,0,0,0,0,0,0.0,0.0,0.01,0.0,
BIOMD0000000221.txt,12,11,8,28,56,0,0,0,0,0,0,0.0,0.0,0.0,0.0,0.0,0.0,True,0,0,0,0,0,0,0.0,0.0,0.0,0.0,
BIOMD0000000222.txt,12,11,8,28,56,0,0,0,0,0,0,0.0,0.0,0.0,0.0,0.0,0.0,True,0,0,0,0,0,0,0.0,0.0,0.01,0.0,
BIOMD0000000226.txt,24,24,19,171,969,73,73,5,5,5,5,0.4269005847953216,0.4269005847953216,0.0292397660818713,0.2631578947368421,0.2631578947368421,0.2631578947368421,True,0,0,0,0,0,0,0.0,0.0,0.01,0.02,
BIOMD0000000228.txt,9,22,12,66,220,13,13,3,3,3,3,0.1969696969696969,0.1969696969696969,0.0454545454545454,0.25,0.25,0.25,True,0,0,0,0,0,0,0.0,0.0,0.0,0.0,
BIOMD0000000229.txt,7,14,6,15,20,2,2,1,1,1,1,0.1333333333333333,0.1333333333333333,0.0666666666666666,0.1666666666666666,0.1666666666666666,0.1666666666666666,True,0,0,0,0,0,0,0.0,0.0,0.0,0.0,
BIOMD0000000230.txt,26,64,19,171,969,69,69,13,10,10,10,0.4035087719298245,0.4035087719298245,0.0760233918128654,0.5263157894736842,0.5263157894736842,0.5263157894736842,True,0,0,0,0,0,0,0.0,0.0,0.04,0.04,
BIOMD0000000232.txt,14,12,10,45,120,11,11,3,3,3,3,0.2444444444444444,0.2444444444444444,0.0666666666666666,0.3,0.3,0.3,True,0,0,0,0,0,0,0.0,0.0,0.0,0.0,
BIOMD0000000236.txt,7,4,4,6,4,0,0,0,0,0,0,0.0,0.0,0.0,0.0,0.0,0.0,True,0,0,0,0,0,0,0.0,0.0,0.0,0.0,
BIOMD0000000237.txt,26,31,26,325,2600,139,139,53,15,15,15,0.4276923076923077,0.4276923076923077,0.163076923076923,0.5769230769230769,0.5769230769230769,0.5769230769230769,True,126,126,10,2,2,2,0.0484615384615384,0.0038461538461538,0.02,0.1,
BIOMD0000000237_manyOrgs.txt,26,31,20,190,1140,48,48,14,9,9,9,0.2526315789473684,0.2526315789473684,0.0736842105263157,0.45,0.45,0.45,True,0,0,0,0,0,0,0.0,0.0,0.01,0.03,
BIOMD0000000242.txt,6,12,9,36,84,8,8,3,3,3,3,0.2222222222222222,0.2222222222222222,0.0833333333333333,0.3333333333333333,0.3333333333333333,0.3333333333333333,True,0,0,0,0,0,0,0.0,0.0,0.0,0.0,
BIOMD0000000243.txt,23,23,23,253,1771,65,65,57,13,13,13,0.2569169960474308,0.2569169960474308,0.225296442687747,0.5652173913043478,0.5652173913043478,0.5652173913043478,True,0,0,0,0,0,0,0.0,0.0,0.01,0.05,
BIOMD0000000245.txt,11,20,16,120,560,33,33,10,7,7,7,0.275,0.275,0.0833333333333333,0.4375,0.4375,0.4375,True,26,26,6,4,4,4,0.0464285714285714,0.0107142857142857,0.01,0.02,
BIOMD0000000246.txt,20,41,16,120,560,4,4,1,1,1,1,0.0333333333333333,0.0333333333333333,0.0083333333333333,0.0625,0.0625,0.0625,True,0,0,0,0,0,0,0.0,0.0,0.02,0.01,
BIOMD0000000247.txt,31,25,23,253,1771,35,35,6,6,5,5,0.1383399209486166,0.1383399209486166,0.0237154150197628,0.2608695652173913,0.217391304347826,0.217391304347826,True,0,0,0,0,0,0,0.0,0.0,0.02,0.04,
BIOMD0000000248.txt,9,5,5,10,10,0,0,0,0,0,0,0.0,0.0,0.0,0.0,0.0,0.0,True,0,0,0,0,0,0,0.0,0.0,0.0,0.0,
BIOMD0000000249.txt,9,20,13,78,286,7,7,2,2,2,2,0.0897435897435897,0.0897435897435897,0.0256410256410256,0.1538461538461538,0.1538461538461538,0.1538461538461538,True,6,6,4,4,4,4,0.0209790209790209,0.0139860139860139,0.01,0.01,
BIOMD0000000251.txt,10,9,6,15,20,4,4,2,2,2,2,0.2666666666666666,0.2666666666666666,0.1333333333333333,0.3333333333333333,0.3333333333333333,0.3333333333333333,True,0,0,0,0,0,0,0.0,0.0,0.0,0.0,
BIOMD0000000253.txt,6,4,4,6,4,0,0,0,0,0,0,0.0,0.0,0.0,0.0,0.0,0.0,True,0,0,0,0,0,0,0.0,0.0,0.0,0.0,
BIOMD0000000256.txt,27,56,34,561,5984,151,151,14,11,11,11,0.2691622103386809,0.2691622103386809,0.0249554367201426,0.3235294117647059,0.3235294117647059,0.3235294117647059,True,0,0,0,0,0,0,0.0,0.0,0.05,0.12,
BIOMD0000000257.txt,11,11,11,55,165,17,17,4,3,3,3,0.3090909090909091,0.3090909090909091,0.0727272727272727,0.2727272727272727,0.2727272727272727,0.2727272727272727,True,0,0,0,0,0,0,0.0,0.0,0.0,0.0,
BIOMD0000000259.txt,17,29,4,6,4,0,0,0,0,0,0,0.0,0.0,0.0,0.0,0.0,0.0,True,0,0,0,0,0,0,0.0,0.0,0.01,0.0,
BIOMD0000000260.txt,17,29,4,6,4,0,0,0,0,0,0,0.0,0.0,0.0,0.0,0.0,0.0,True,0,0,0,0,0,0,0.0,0.0,0.01,0.0,
BIOMD0000000261.txt,17,29,4,6,4,0,0,0,0,0,0,0.0,0.0,0.0,0.0,0.0,0.0,True,0,0,0,0,0,0,0.0,0.0,0.01,0.0,
BIOMD0000000262.txt,11,11,9,36,84,8,8,2,2,2,2,0.2222222222222222,0.2222222222222222,0.0555555555555555,0.2222222222222222,0.2222222222222222,0.2222222222222222,True,0,0,0,0,0,0,0.0,0.0,0.0,0.0,
BIOMD0000000263.txt,11,11,9,36,84,8,8,2,2,2,2,0.2222222222222222,0.2222222222222222,0.0555555555555555,0.2222222222222222,0.2222222222222222,0.2222222222222222,True,0,0,0,0,0,0,0.0,0.0,0.0,0.0,
BIOMD0000000264.txt,14,15,13,78,286,19,19,6,6,6,6,0.2435897435897435,0.2435897435897435,0.0769230769230769,0.4615384615384615,0.4615384615384615,0.4615384615384615,True,0,0,0,0,0,0,0.0,0.0,0.0,0.0,
BIOMD0000000265.txt,23,52,18,153,816,50,50,11,9,9,9,0.326797385620915,0.326797385620915,0.0718954248366013,0.5,0.5,0.5,True,26,26,2,3,2,2,0.0318627450980392,0.0024509803921568,0.05,0.02,
BIOMD0000000268.txt,43,61,42,861,11480,191,191,29,16,16,16,0.2218350754936121,0.2218350754936121,0.0336817653890824,0.3809523809523809,0.3809523809523809,0.3809523809523809,True,40,40,2,1,1,1,0.0034843205574912,0.0001742160278745,0.04,0.35,
BIOMD0000000269.txt,15,22,17,136,680,45,45,8,6,6,6,0.3308823529411764,0.3308823529411764,0.0588235294117647,0.3529411764705882,0.3529411764705882,0.3529411764705882,True,18,18,1,1,1,1,0.0264705882352941,0.0014705882352941,0.01,0.01,
BIOMD0000000270.txt,33,42,35,595,6545,135,135,18,13,13,13,0.226890756302521,0.226890756302521,0.0302521008403361,0.3714285714285714,0.3714285714285714,0.3714285714285714,True,0,0,0,0,0,0,0.0,0.0,0.03,0.15,
BIOMD0000000273.txt,19,38,23,253,1771,37,37,6,5,5,5,0.1462450592885375,0.1462450592885375,0.0237154150197628,0.217391304347826,0.217391304347826,0.217391304347826,True,8,8,1,1,1,1,0.0045172219085262,0.0005646527385657,0.03,0.03,
BIOMD0000000275.txt,5,9,5,10,10,0,0,0,0,0,0,0.0,0.0,0.0,0.0,0.0,0.0,True,0,0,0,0,0,0,0.0,0.0,0.0,0.0,
BIOMD0000000281.txt,32,22,20,190,1140,57,57,42,15,15,15,0.3,0.3,0.2210526315789473,0.75,0.75,0.75,True,0,0,0,0,0,0,0.0,0.0,0.01,0.03,
BIOMD0000000284.txt,9,8,8,28,56,12,12,4,2,2,2,0.4285714285714285,0.4285714285714285,0.1428571428571428,0.25,0.25,0.25,True,0,0,0,0,0,0,0.0,0.0,0.0,0.0,
BIOMD0000000285.txt,27,72,14,91,364,34,34,10,8,6,6,0.3736263736263736,0.3736263736263736,0.1098901098901098,0.5714285714285714,0.4285714285714285,0.4285714285714285,True,0,0,0,0,0,0,0.0,0.0,0.1,0.01,
BIOMD0000000287.txt,22,37,22,231,1540,45,45,4,4,4,4,0.1948051948051948,0.1948051948051948,0.0173160173160173,0.1818181818181818,0.1818181818181818,0.1818181818181818,True,0,0,0,0,0,0,0.0,0.0,0.01,0.02,
BIOMD0000000289.txt,5,12,5,10,10,0,0,0,0,0,0,0.0,0.0,0.0,0.0,0.0,0.0,True,0,0,0,0,0,0,0.0,0.0,0.0,0.0,
BIOMD0000000290.txt,5,12,5,10,10,0,0,0,0,0,0,0.0,0.0,0.0,0.0,0.0,0.0,True,0,0,0,0,0,0,0.0,0.0,0.0,0.0,
BIOMD0000000292.txt,6,4,4,6,4,2,2,1,2,1,1,0.3333333333333333,0.3333333333333333,0.1666666666666666,0.5,0.25,0.25,True,0,0,0,0,0,0,0.0,0.0,0.0,0.0,
BIOMD0000000294.txt,11,26,15,105,455,11,11,4,3,3,3,0.1047619047619047,0.1047619047619047,0.0380952380952381,0.2,0.2,0.2,True,10,10,4,3,3,3,0.0219780219780219,0.0087912087912087,0.0,0.01,
BIOMD0000000296.txt,6,8,5,10,10,0,0,0,0,0,0,0.0,0.0,0.0,0.0,0.0,0.0,True,0,0,0,0,0,0,0.0,0.0,0.0,0.0,
BIOMD0000000297.txt,19,51,11,55,165,3,3,2,2,2,2,0.0545454545454545,0.0545454545454545,0.0363636363636363,0.1818181818181818,0.1818181818181818,0.1818181818181818,True,0,0,0,0,0,0,0.0,0.0,0.03,0.0,
BIOMD0000000300.txt,9,10,4,6,4,0,0,0,0,0,0,0.0,0.0,0.0,0.0,0.0,0.0,True,0,0,0,0,0,0,0.0,0.0,0.0,0.0,
BIOMD0000000301.txt,8,15,8,28,56,0,0,0,0,0,0,0.0,0.0,0.0,0.0,0.0,0.0,True,0,0,0,0,0,0,0.0,0.0,0.01,0.0,
BIOMD0000000306.txt,5,8,4,6,4,0,0,0,0,0,0,0.0,0.0,0.0,0.0,0.0,0.0,True,0,0,0,0,0,0,0.0,0.0,0.0,0.0,
BIOMD0000000307.txt,5,5,5,10,10,3,3,2,2,2,2,0.3,0.3,0.2,0.4,0.4,0.4,True,0,0,0,0,0,0,0.0,0.0,0.0,0.0,
BIOMD0000000308.txt,6,6,6,15,20,9,9,5,3,3,3,0.6,0.6,0.3333333333333333,0.5,0.5,0.5,True,0,0,0,0,0,0,0.0,0.0,0.0,0.0,
BIOMD0000000313.txt,16,16,14,91,364,12,12,10,6,6,6,0.1318681318681318,0.1318681318681318,0.1098901098901098,0.4285714285714285,0.4285714285714285,0.4285714285714285,True,15,15,3,2,2,2,0.0412087912087912,0.0082417582417582,0.0,0.01,
BIOMD0000000314.txt,12,12,11,55,165,13,13,11,6,6,6,0.2363636363636363,0.2363636363636363,0.2,0.5454545454545454,0.5454545454545454,0.5454545454545454,True,0,0,0,0,0,0,0.0,0.0,0.0,0.0,
BIOMD0000000315.txt,20,27,12,66,220,15,15,4,6,3,3,0.2272727272727272,0.2272727272727272,0.0606060606060606,0.5,0.25,0.25,True,0,0,0,0,0,0,0.0,0.0,0.01,0.0,
BIOMD0000000317.txt,4,6,4,6,4,0,0,0,0,0,0,0.0,0.0,0.0,0.0,0.0,0.0,True,0,0,0,0,0,0,0.0,0.0,0.0,0.0,
BIOMD0000000320.txt,9,14,7,21,35,0,0,0,0,0,0,0.0,0.0,0.0,0.0,0.0,0.0,True,0,0,0,0,0,0,0.0,0.0,0.0,0.0,
BIOMD0000000325.txt,6,10,6,15,20,4,4,1,1,1,1,0.2666666666666666,0.2666666666666666,0.0666666666666666,0.1666666666666666,0.1666666666666666,0.1666666666666666,True,0,0,0,0,0,0,0.0,0.0,0.0,0.0,
BIOMD0000000326.txt,71,91,42,861,11480,364,364,50,19,19,19,0.4227642276422764,0.4227642276422764,0.0580720092915214,0.4523809523809524,0.4523809523809524,0.4523809523809524,True,0,0,0,0,0,0,0.0,0.0,0.3,0.7,
BIOMD0000000327.txt,8,11,4,6,4,1,1,1,1,1,1,0.1666666666666666,0.1666666666666666,0.1666666666666666,0.25,0.25,0.25,True,0,0,0,0,0,0,0.0,0.0,0.0,0.0,
BIOMD0000000328.txt,18,29,5,10,10,0,0,0,0,0,0,0.0,0.0,0.0,0.0,0.0,0.0,True,0,0,0,0,0,0,0.0,0.0,0.01,0.0,
BIOMD0000000335.txt,34,31,29,406,3654,195,195,156,21,21,21,0.4802955665024631,0.4802955665024631,0.3842364532019704,0.7241379310344828,0.7241379310344828,0.7241379310344828,True,0,0,0,0,0,0,0.0,0.0,0.01,0.1,
BIOMD0000000336.txt,18,20,20,190,1140,89,89,52,14,13,13,0.4684210526315789,0.4684210526315789,0.2736842105263158,0.7,0.65,0.65,True,0,0,0,0,0,0,0.0,0.0,0.01,0.03,
BIOMD0000000338.txt,52,115,68,2278,50116,499,499,30,30,30,30,0.2190517998244073,0.2190517998244073,0.0131694468832309,0.4411764705882353,0.4411764705882353,0.4411764705882353,True,0,0,0,0,0,0,0.0,0.0,0.14,2.54,
BIOMD0000000339.txt,52,115,68,2278,50116,499,499,30,30,30,30,0.2190517998244073,0.2190517998244073,0.0131694468832309,0.4411764705882353,0.4411764705882353,0.4411764705882353,True,0,0,0,0,0,0,0.0,0.0,0.18,2.34,
BIOMD0000000340.txt,52,116,64,2016,41664,411,411,27,27,27,27,0.2038690476190476,0.2038690476190476,0.0133928571428571,0.421875,0.421875,0.421875,True,0,0,0,0,0,0,0.0,0.0,0.12,2.03,
BIOMD0000000342.txt,21,29,13,78,286,15,15,4,3,3,3,0.1923076923076923,0.1923076923076923,0.0512820512820512,0.2307692307692307,0.2307692307692307,0.2307692307692307,True,1,1,1,1,1,1,0.0034965034965034,0.0034965034965034,0.01,0.0,
BIOMD0000000347.txt,26,36,28,378,3276,45,45,12,8,8,8,0.119047619047619,0.119047619047619,0.0317460317460317,0.2857142857142857,0.2857142857142857,0.2857142857142857,True,36,36,5,3,3,3,0.0109890109890109,0.0015262515262515,0.02,0.06,
BIOMD0000000350.txt,14,30,9,36,84,0,0,0,0,0,0,0.0,0.0,0.0,0.0,0.0,0.0,True,0,0,0,0,0,0,0.0,0.0,0.01,0.0,
BIOMD0000000351.txt,6,12,6,15,20,2,2,1,1,1,1,0.1333333333333333,0.1333333333333333,0.0666666666666666,0.1666666666666666,0.1666666666666666,0.1666666666666666,True,0,0,0,0,0,0,0.0,0.0,0.0,0.0,
BIOMD0000000352.txt,6,12,6,15,20,2,2,1,1,1,1,0.1333333333333333,0.1333333333333333,0.0666666666666666,0.1666666666666666,0.1666666666666666,0.1666666666666666,True,0,0,0,0,0,0,0.0,0.0,0.0,0.0,
BIOMD0000000355.txt,8,17,8,28,56,3,3,2,1,1,1,0.1071428571428571,0.1071428571428571,0.0714285714285714,0.125,0.125,0.125,True,1,1,1,1,1,1,0.0178571428571428,0.0178571428571428,0.0,0.0,
BIOMD0000000356.txt,32,64,21,210,1330,48,48,8,8,7,7,0.2285714285714285,0.2285714285714285,0.0380952380952381,0.3809523809523809,0.3333333333333333,0.3333333333333333,True,9,9,1,1,1,1,0.006766917293233,0.0007518796992481,0.03,0.03,
BIOMD0000000357.txt,9,8,7,21,35,0,0,0,0,0,0,0.0,0.0,0.0,0.0,0.0,0.0,True,0,0,0,0,0,0,0.0,0.0,0.0,0.0,
BIOMD0000000358.txt,12,8,7,21,35,4,4,2,2,2,2,0.1904761904761904,0.1904761904761904,0.0952380952380952,0.2857142857142857,0.2857142857142857,0.2857142857142857,True,0,0,0,0,0,0,0.0,0.0,0.0,0.0,
BIOMD0000000359.txt,9,8,8,28,56,8,8,3,3,2,2,0.2857142857142857,0.2857142857142857,0.1071428571428571,0.375,0.25,0.25,True,0,0,0,0,0,0,0.0,0.0,0.0,0.0,
BIOMD0000000360.txt,9,8,7,21,35,3,3,1,2,1,1,0.1428571428571428,0.1428571428571428,0.0476190476190476,0.2857142857142857,0.1428571428571428,0.1428571428571428,True,0,0,0,0,0,0,0.0,0.0,0.0,0.0,
BIOMD0000000361.txt,8,5,5,10,10,3,3,1,1,1,1,0.3,0.3,0.1,0.2,0.2,0.2,True,0,0,0,0,0,0,0.0,0.0,0.0,0.0,
BIOMD0000000362.txt,34,33,31,465,4495,237,237,174,24,24,24,0.5096774193548387,0.5096774193548387,0.3741935483870968,0.7741935483870968,0.7741935483870968,0.7741935483870968,True,0,0,0,0,0,0,0.0,0.0,0.01,0.16,
BIOMD0000000364.txt,13,16,13,78,286,16,16,8,4,2,2,0.2051282051282051,0.2051282051282051,0.1025641025641025,0.3076923076923077,0.1538461538461538,0.1538461538461538,True,0,0,0,0,0,0,0.0,0.0,0.0,0.0,
BIOMD0000000365.txt,30,33,23,253,1771,56,56,14,9,7,7,0.2213438735177865,0.2213438735177865,0.0553359683794466,0.391304347826087,0.3043478260869565,0.3043478260869565,True,0,0,0,0,0,0,0.0,0.0,0.01,0.03,
BIOMD0000000366.txt,12,8,7,21,35,4,4,2,2,2,2,0.1904761904761904,0.1904761904761904,0.0952380952380952,0.2857142857142857,0.2857142857142857,0.2857142857142857,True,0,0,0,0,0,0,0.0,0.0,0.0,0.0,
BIOMD0000000380.txt,16,8,7,21,35,4,4,3,2,2,2,0.1904761904761904,0.1904761904761904,0.1428571428571428,0.2857142857142857,0.2857142857142857,0.2857142857142857,True,0,0,0,0,0,0,0.0,0.0,0.0,0.0,
BIOMD0000000384.txt,6,4,4,6,4,0,0,0,0,0,0,0.0,0.0,0.0,0.0,0.0,0.0,True,0,0,0,0,0,0,0.0,0.0,0.0,0.0,
BIOMD0000000388.txt,8,7,5,10,10,0,0,0,0,0,0,0.0,0.0,0.0,0.0,0.0,0.0,True,0,0,0,0,0,0,0.0,0.0,0.0,0.0,
BIOMD0000000389.txt,22,18,14,91,364,23,23,8,6,5,5,0.2527472527472527,0.2527472527472527,0.0879120879120879,0.4285714285714285,0.3571428571428571,0.3571428571428571,True,0,0,0,0,0,0,0.0,0.0,0.01,0.0,
BIOMD0000000390.txt,11,6,6,15,20,4,4,2,2,2,2,0.2666666666666666,0.2666666666666666,0.1333333333333333,0.3333333333333333,0.3333333333333333,0.3333333333333333,True,0,0,0,0,0,0,0.0,0.0,0.0,0.0,
BIOMD0000000391.txt,22,21,18,153,816,53,53,24,8,8,8,0.3464052287581699,0.3464052287581699,0.1568627450980392,0.4444444444444444,0.4444444444444444,0.4444444444444444,True,39,39,18,4,4,4,0.0477941176470588,0.0220588235294117,0.01,0.03,
BIOMD0000000392.txt,47,27,25,300,2300,35,35,24,11,11,11,0.1166666666666666,0.1166666666666666,0.08,0.44,0.44,0.44,True,42,42,14,2,2,2,0.0182608695652173,0.0060869565217391,0.01,0.07,
BIOMD0000000393.txt,53,36,32,496,4960,55,55,35,15,15,15,0.1108870967741935,0.1108870967741935,0.0705645161290322,0.46875,0.46875,0.46875,True,57,57,30,7,7,7,0.0114919354838709,0.0060483870967741,0.02,0.22,
BIOMD0000000394.txt,23,10,10,45,120,4,4,4,2,2,2,0.0888888888888888,0.0888888888888888,0.0888888888888888,0.2,0.2,0.2,True,0,0,0,0,0,0,0.0,0.0,0.0,0.0,
BIOMD0000000395.txt,22,12,12,66,220,8,8,7,3,3,3,0.1212121212121212,0.1212121212121212,0.106060606060606,0.25,0.25,0.25,True,0,0,0,0,0,0,0.0,0.0,0.0,0.0,
BIOMD0000000396.txt,36,16,16,120,560,9,9,9,6,6,6,0.075,0.075,0.075,0.375,0.375,0.375,True,0,0,0,0,0,0,0.0,0.0,0.0,0.01,
BIOMD0000000398.txt,27,12,12,66,220,1,1,1,1,1,1,0.0151515151515151,0.0151515151515151,0.0151515151515151,0.0833333333333333,0.0833333333333333,0.0833333333333333,True,0,0,0,0,0,0,0.0,0.0,0.0,0.0,
BIOMD0000000404.txt,28,35,34,561,5984,316,316,114,25,25,25,0.5632798573975044,0.5632798573975044,0.2032085561497326,0.7352941176470589,0.7352941176470589,0.7352941176470589,True,0,0,0,0,0,0,0.0,0.0,0.01,0.21,
BIOMD0000000406.txt,49,51,51,1275,20825,508,508,362,35,35,35,0.3984313725490196,0.3984313725490196,0.283921568627451,0.6862745098039216,0.6862745098039216,0.6862745098039216,True,228,228,165,6,6,6,0.0109483793517406,0.007923169267707,0.02,1.08,
BIOMD0000000407.txt,47,88,18,153,816,8,8,1,1,1,1,0.0522875816993464,0.0522875816993464,0.0065359477124183,0.0555555555555555,0.0555555555555555,0.0555555555555555,True,0,0,0,0,0,0,0.0,0.0,0.16,0.0,
BIOMD0000000408.txt,10,9,9,36,84,5,5,3,3,3,3,0.1388888888888889,0.1388888888888889,0.0833333333333333,0.3333333333333333,0.3333333333333333,0.3333333333333333,True,0,0,0,0,0,0,0.0,0.0,0.01,0.0,
BIOMD0000000409.txt,24,31,26,325,2600,91,91,25,14,14,14,0.28,0.28,0.0769230769230769,0.5384615384615384,0.5384615384615384,0.5384615384615384,True,60,60,17,6,6,6,0.023076923076923,0.0065384615384615,0.01,0.11,
BIOMD0000000410.txt,53,91,23,253,1771,22,22,5,5,5,5,0.0869565217391304,0.0869565217391304,0.0197628458498023,0.217391304347826,0.217391304347826,0.217391304347826,True,0,0,0,0,0,0,0.0,0.0,0.26,0.03,
BIOMD0000000411.txt,10,13,9,36,84,8,8,1,1,1,1,0.2222222222222222,0.2222222222222222,0.0277777777777777,0.1111111111111111,0.1111111111111111,0.1111111111111111,True,0,0,0,0,0,0,0.0,0.0,0.0,0.0,
BIOMD0000000423.txt,9,11,7,21,35,7,7,4,3,3,3,0.3333333333333333,0.3333333333333333,0.1904761904761904,0.4285714285714285,0.4285714285714285,0.4285714285714285,True,2,2,1,1,1,1,0.0571428571428571,0.0285714285714285,0.0,0.0,
BIOMD0000000429.txt,15,16,14,91,364,24,24,7,8,6,6,0.2637362637362637,0.2637362637362637,0.0769230769230769,0.5714285714285714,0.4285714285714285,0.4285714285714285,True,4,4,2,2,1,1,0.0109890109890109,0.0054945054945054,0.0,0.01,
BIOMD0000000432.txt,11,10,7,21,35,6,6,6,5,3,3,0.2857142857142857,0.2857142857142857,0.2857142857142857,0.7142857142857143,0.4285714285714285,0.4285714285714285,True,3,3,2,2,1,1,0.0857142857142857,0.0571428571428571,0.0,0.0,
BIOMD0000000433.txt,11,10,7,21,35,6,6,6,5,3,3,0.2857142857142857,0.2857142857142857,0.2857142857142857,0.7142857142857143,0.4285714285714285,0.4285714285714285,True,3,3,2,2,1,1,0.0857142857142857,0.0571428571428571,0.0,0.0,
BIOMD0000000435.txt,4,8,4,6,4,0,0,0,0,0,0,0.0,0.0,0.0,0.0,0.0,0.0,True,1,1,1,1,1,1,0.25,0.25,0.0,0.0,
BIOMD0000000436.txt,13,22,16,120,560,8,8,3,3,3,3,0.0666666666666666,0.0666666666666666,0.025,0.1875,0.1875,0.1875,True,0,0,0,0,0,0,0.0,0.0,0.01,0.01,
BIOMD0000000438.txt,10,7,7,21,35,0,0,0,0,0,0,0.0,0.0,0.0,0.0,0.0,0.0,True,3,3,1,1,1,1,0.0857142857142857,0.0285714285714285,0.0,0.0,
BIOMD0000000440.txt,11,10,6,15,20,6,6,6,3,3,3,0.4,0.4,0.4,0.5,0.5,0.5,True,2,2,2,1,1,1,0.1,0.1,0.0,0.0,
BIOMD0000000441.txt,11,10,6,15,20,6,6,6,3,3,3,0.4,0.4,0.4,0.5,0.5,0.5,True,2,2,2,1,1,1,0.1,0.1,0.0,0.0,
BIOMD0000000447.txt,13,32,5,10,10,0,0,0,0,0,0,0.0,0.0,0.0,0.0,0.0,0.0,True,0,0,0,0,0,0,0.0,0.0,0.03,0.0,
BIOMD0000000454.txt,8,4,4,6,4,0,0,0,0,0,0,0.0,0.0,0.0,0.0,0.0,0.0,True,0,0,0,0,0,0,0.0,0.0,0.0,0.0,
BIOMD0000000455.txt,9,5,5,10,10,0,0,0,0,0,0,0.0,0.0,0.0,0.0,0.0,0.0,True,0,0,0,0,0,0,0.0,0.0,0.0,0.0,
BIOMD0000000456.txt,11,6,6,15,20,0,0,0,0,0,0,0.0,0.0,0.0,0.0,0.0,0.0,True,0,0,0,0,0,0,0.0,0.0,0.0,0.0,
BIOMD0000000462.txt,6,8,4,6,4,2,2,1,1,1,1,0.3333333333333333,0.3333333333333333,0.1666666666666666,0.25,0.25,0.25,True,0,0,0,0,0,0,0.0,0.0,0.0,0.0,
BIOMD0000000464.txt,14,10,8,28,56,1,1,1,1,1,1,0.0357142857142857,0.0357142857142857,0.0357142857142857,0.125,0.125,0.125,True,3,3,1,1,1,1,0.0535714285714285,0.0178571428571428,0.0,0.0,
BIOMD0000000483.txt,8,8,6,15,20,6,6,4,4,4,4,0.4,0.4,0.2666666666666666,0.6666666666666666,0.6666666666666666,0.6666666666666666,True,0,0,0,0,0,0,0.0,0.0,0.0,0.0,
BIOMD0000000495.txt,11,17,9,36,84,0,0,0,0,0,0,0.0,0.0,0.0,0.0,0.0,0.0,True,0,0,0,0,0,0,0.0,0.0,0.02,0.0,
BIOMD0000000498.txt,21,44,9,36,84,1,1,1,1,1,1,0.0277777777777777,0.0277777777777777,0.0277777777777777,0.1111111111111111,0.1111111111111111,0.1111111111111111,True,0,0,0,0,0,0,0.0,0.0,0.09,0.0,
BIOMD0000000517.txt,4,9,5,10,10,2,2,1,2,1,1,0.2,0.2,0.1,0.4,0.2,0.2,True,0,0,0,0,0,0,0.0,0.0,0.0,0.0,
BIOMD0000000518.txt,4,9,5,10,10,2,2,1,2,1,1,0.2,0.2,0.1,0.4,0.2,0.2,True,0,0,0,0,0,0,0.0,0.0,0.0,0.0,
BIOMD0000000523.txt,16,13,9,36,84,0,0,0,0,0,0,0.0,0.0,0.0,0.0,0.0,0.0,True,0,0,0,0,0,0,0.0,0.0,0.0,0.0,
BIOMD0000000524.txt,16,13,9,36,84,0,0,0,0,0,0,0.0,0.0,0.0,0.0,0.0,0.0,True,0,0,0,0,0,0,0.0,0.0,0.0,0.0,
BIOMD0000000525.txt,16,19,10,45,120,3,3,1,1,1,1,0.0666666666666666,0.0666666666666666,0.0222222222222222,0.1,0.1,0.1,True,0,0,0,0,0,0,0.0,0.0,0.01,0.0,
BIOMD0000000526.txt,16,19,10,45,120,3,3,1,1,1,1,0.0666666666666666,0.0666666666666666,0.0222222222222222,0.1,0.1,0.1,True,0,0,0,0,0,0,0.0,0.0,0.01,0.0,
BIOMD0000000528.txt,13,12,7,21,35,2,2,1,1,1,1,0.0952380952380952,0.0952380952380952,0.0476190476190476,0.1428571428571428,0.1428571428571428,0.1428571428571428,True,0,0,0,0,0,0,0.0,0.0,0.0,0.0,
BIOMD0000000529.txt,13,12,7,21,35,2,2,1,1,1,1,0.0952380952380952,0.0952380952380952,0.0476190476190476,0.1428571428571428,0.1428571428571428,0.1428571428571428,True,0,0,0,0,0,0,0.0,0.0,0.01,0.0,
BIOMD0000000530.txt,10,17,10,45,120,13,13,4,3,3,3,0.2888888888888888,0.2888888888888888,0.0888888888888888,0.3,0.3,0.3,True,8,8,1,1,1,1,0.0666666666666666,0.0083333333333333,0.01,0.0,
BIOMD0000000539.txt,6,11,5,10,10,0,0,0,0,0,0,0.0,0.0,0.0,0.0,0.0,0.0,True,0,0,0,0,0,0,0.0,0.0,0.0,0.0,
BIOMD0000000540.txt,22,11,11,55,165,0,0,0,0,0,0,0.0,0.0,0.0,0.0,0.0,0.0,True,0,0,0,0,0,0,0.0,0.0,0.0,0.0,
BIOMD0000000545.txt,12,10,8,28,56,4,4,3,2,2,2,0.1428571428571428,0.1428571428571428,0.1071428571428571,0.25,0.25,0.25,True,10,10,6,2,2,2,0.1785714285714285,0.1071428571428571,0.0,0.0,
BIOMD0000000547.txt,12,14,10,45,120,11,11,4,3,3,3,0.2444444444444444,0.2444444444444444,0.0888888888888888,0.3,0.3,0.3,True,4,4,1,1,1,1,0.0333333333333333,0.0083333333333333,0.01,0.0,
BIOMD0000000578.txt,76,96,45,990,14190,372,372,20,19,19,19,0.3757575757575757,0.3757575757575757,0.0202020202020202,0.4222222222222222,0.4222222222222222,0.4222222222222222,True,0,0,0,0,0,0,0.0,0.0,0.28,0.83,
BIOMD0000000584.txt,14,14,12,66,220,0,0,0,0,0,0,0.0,0.0,0.0,0.0,0.0,0.0,True,0,0,0,0,0,0,0.0,0.0,0.0,0.0,
BIOMD0000000586.txt,10,23,4,6,4,0,0,0,0,0,0,0.0,0.0,0.0,0.0,0.0,0.0,True,0,0,0,0,0,0,0.0,0.0,0.01,0.0,
BIOMD0000000594.txt,29,120,5,10,10,4,4,2,4,1,1,0.4,0.4,0.2,0.8,0.2,0.2,True,0,0,0,0,0,0,0.0,0.0,0.17,0.0,
BIOMD0000000600.txt,18,29,11,55,165,21,21,3,3,3,3,0.3818181818181818,0.3818181818181818,0.0545454545454545,0.2727272727272727,0.2727272727272727,0.2727272727272727,True,0,0,0,0,0,0,0.0,0.0,0.02,0.0,
BIOMD0000000602.txt,56,42,21,210,1330,48,48,29,10,10,10,0.2285714285714285,0.2285714285714285,0.1380952380952381,0.4761904761904761,0.4761904761904761,0.4761904761904761,True,63,63,30,5,5,5,0.0473684210526315,0.0225563909774436,0.01,0.06,
BIOMD0000000603.txt,29,58,41,820,10660,380,380,105,21,20,20,0.4634146341463415,0.4634146341463415,0.1280487804878048,0.5121951219512195,0.4878048780487805,0.4878048780487805,True,0,0,0,0,0,0,0.0,0.0,0.04,0.37,
BIOMD0000000604.txt,29,54,38,703,8436,308,308,110,17,17,17,0.4381223328591749,0.4381223328591749,0.1564722617354196,0.4473684210526316,0.4473684210526316,0.4473684210526316,True,0,0,0,0,0,0,0.0,0.0,0.05,0.29,
BIOMD0000000605.txt,29,58,41,820,10660,380,380,105,21,20,20,0.4634146341463415,0.4634146341463415,0.1280487804878048,0.5121951219512195,0.4878048780487805,0.4878048780487805,True,0,0,0,0,0,0,0.0,0.0,0.03,0.28,
BIOMD0000000606.txt,29,54,40,780,9880,350,350,132,19,19,19,0.4487179487179487,0.4487179487179487,0.1692307692307692,0.475,0.475,0.475,True,0,0,0,0,0,0,0.0,0.0,0.02,0.31,
BIOMD0000000607.txt,29,58,41,820,10660,380,380,105,21,20,20,0.4634146341463415,0.4634146341463415,0.1280487804878048,0.5121951219512195,0.4878048780487805,0.4878048780487805,True,0,0,0,0,0,0,0.0,0.0,0.03,0.3,
BIOMD0000000610.txt,29,58,41,820,10660,380,380,105,21,20,20,0.4634146341463415,0.4634146341463415,0.1280487804878048,0.5121951219512195,0.4878048780487805,0.4878048780487805,True,0,0,0,0,0,0,0.0,0.0,0.04,0.41,
BIOMD0000000613.txt,30,58,4,6,4,0,0,0,0,0,0,0.0,0.0,0.0,0.0,0.0,0.0,True,0,0,0,0,0,0,0.0,0.0,0.05,0.0,
BIOMD0000000625.txt,19,38,20,190,1140,17,17,6,5,5,5,0.0894736842105263,0.0894736842105263,0.031578947368421,0.25,0.25,0.25,True,6,6,2,2,2,2,0.0052631578947368,0.0017543859649122,0.02,0.02,
BIOMD0000000626.txt,6,6,5,10,10,2,2,2,2,2,2,0.2,0.2,0.2,0.4,0.4,0.4,True,1,1,1,2,2,2,0.1,0.1,0.0,0.0,
BIOMD0000000627.txt,65,64,52,1326,22100,151,151,19,17,15,15,0.1138763197586727,0.1138763197586727,0.0143288084464555,0.3269230769230769,0.2884615384615384,0.2884615384615384,True,170,170,6,6,6,6,0.0076923076923076,0.0002714932126696,0.04,1.0,
BIOMD0000000631.txt,12,33,14,91,364,18,18,3,3,3,3,0.1978021978021978,0.1978021978021978,0.0329670329670329,0.2142857142857142,0.2142857142857142,0.2142857142857142,True,0,0,0,0,0,0,0.0,0.0,0.01,0.0,
BIOMD0000000632.txt,9,14,8,28,56,3,3,1,1,1,1,0.1071428571428571,0.1071428571428571,0.0357142857142857,0.125,0.125,0.125,True,0,0,0,0,0,0,0.0,0.0,0.0,0.0,
BIOMD0000000633.txt,30,35,11,55,165,4,4,2,2,2,2,0.0727272727272727,0.0727272727272727,0.0363636363636363,0.1818181818181818,0.1818181818181818,0.1818181818181818,True,0,0,0,0,0,0,0.0,0.0,0.05,0.0,
BIOMD0000000637.txt,12,22,11,55,165,17,17,7,7,6,6,0.3090909090909091,0.3090909090909091,0.1272727272727272,0.6363636363636364,0.5454545454545454,0.5454545454545454,True,0,0,0,0,0,0,0.0,0.0,0.01,0.0,
BIOMD0000000638.txt,21,48,26,325,2600,148,148,30,19,19,19,0.4553846153846154,0.4553846153846154,0.0923076923076923,0.7307692307692307,0.7307692307692307,0.7307692307692307,True,0,0,0,0,0,0,0.0,0.0,0.03,0.07,
BIOMD0000000639.txt,17,10,8,28,56,0,0,0,0,0,0,0.0,0.0,0.0,0.0,0.0,0.0,True,0,0,0,0,0,0,0.0,0.0,0.0,0.0,
BIOMD0000000647.txt,11,11,4,6,4,1,1,1,1,1,1,0.1666666666666666,0.1666666666666666,0.1666666666666666,0.25,0.25,0.25,True,0,0,0,0,0,0,0.0,0.0,0.0,0.0,
BIOMD0000000652_manyOrgs.txt,95,126,109,5886,209934,1242,1242,142,49,49,49,0.2110091743119266,0.2110091743119266,0.0241250424736663,0.4495412844036697,0.4495412844036697,0.4495412844036697,False,-1,-1,-1,-1,-1,-1,-1.0,-1.0,0.14,0.86,
BIOMD0000000658.txt,16,17,9,36,84,4,4,1,1,1,1,0.1111111111111111,0.1111111111111111,0.0277777777777777,0.1111111111111111,0.1111111111111111,0.1111111111111111,True,0,0,0,0,0,0,0.0,0.0,0.0,0.0,
BIOMD0000000660.txt,17,35,6,15,20,0,0,0,0,0,0,0.0,0.0,0.0,0.0,0.0,0.0,True,0,0,0,0,0,0,0.0,0.0,0.02,0.0,
BIOMD0000000661.txt,7,17,4,6,4,0,0,0,0,0,0,0.0,0.0,0.0,0.0,0.0,0.0,True,0,0,0,0,0,0,0.0,0.0,0.0,0.0,
BIOMD0000000662.txt,5,10,6,15,20,4,4,2,2,2,2,0.2666666666666666,0.2666666666666666,0.1333333333333333,0.3333333333333333,0.3333333333333333,0.3333333333333333,True,0,0,0,0,0,0,0.0,0.0,0.0,0.0,
BIOMD0000000664.txt,8,15,11,55,165,17,17,3,3,3,3,0.3090909090909091,0.3090909090909091,0.0545454545454545,0.2727272727272727,0.2727272727272727,0.2727272727272727,True,0,0,0,0,0,0,0.0,0.0,0.0,0.0,
BIOMD0000000665.txt,8,13,6,15,20,0,0,0,0,0,0,0.0,0.0,0.0,0.0,0.0,0.0,True,0,0,0,0,0,0,0.0,0.0,0.0,0.0,
BIOMD0000000668.txt,10,10,10,45,120,0,0,0,0,0,0,0.0,0.0,0.0,0.0,0.0,0.0,True,0,0,0,0,0,0,0.0,0.0,0.0,0.0,
BIOMD0000000676.txt,20,17,10,45,120,0,0,0,0,0,0,0.0,0.0,0.0,0.0,0.0,0.0,True,0,0,0,0,0,0,0.0,0.0,0.01,0.0,
BIOMD0000000683.txt,4,9,4,6,4,0,0,0,0,0,0,0.0,0.0,0.0,0.0,0.0,0.0,True,0,0,0,0,0,0,0.0,0.0,0.0,0.0,
BIOMD0000000687.txt,15,25,12,66,220,0,0,0,0,0,0,0.0,0.0,0.0,0.0,0.0,0.0,True,0,0,0,0,0,0,0.0,0.0,0.01,0.0,
BIOMD0000000688.txt,16,30,12,66,220,0,0,0,0,0,0,0.0,0.0,0.0,0.0,0.0,0.0,True,0,0,0,0,0,0,0.0,0.0,0.02,0.0,
BIOMD0000000689.txt,17,10,8,28,56,0,0,0,0,0,0,0.0,0.0,0.0,0.0,0.0,0.0,True,0,0,0,0,0,0,0.0,0.0,0.0,0.0,
BIOMD0000000690.txt,17,10,8,28,56,0,0,0,0,0,0,0.0,0.0,0.0,0.0,0.0,0.0,True,0,0,0,0,0,0,0.0,0.0,0.0,0.0,
BIOMD0000000691.txt,17,18,13,78,286,12,12,4,4,4,4,0.1538461538461538,0.1538461538461538,0.0512820512820512,0.3076923076923077,0.3076923076923077,0.3076923076923077,True,0,0,0,0,0,0,0.0,0.0,0.01,0.0,
BIOMD0000000692.txt,8,5,5,10,10,0,0,0,0,0,0,0.0,0.0,0.0,0.0,0.0,0.0,True,0,0,0,0,0,0,0.0,0.0,0.0,0.0,
BIOMD0000000695.txt,11,35,10,45,120,5,5,2,2,2,2,0.1111111111111111,0.1111111111111111,0.0444444444444444,0.2,0.2,0.2,True,0,0,0,0,0,0,0.0,0.0,0.01,0.0,
BIOMD0000000697.txt,14,30,9,36,84,7,7,4,3,3,3,0.1944444444444444,0.1944444444444444,0.1111111111111111,0.3333333333333333,0.3333333333333333,0.3333333333333333,True,0,0,0,0,0,0,0.0,0.0,0.01,0.0,
BIOMD0000000698.txt,7,9,4,6,4,0,0,0,0,0,0,0.0,0.0,0.0,0.0,0.0,0.0,True,0,0,0,0,0,0,0.0,0.0,0.01,0.0,
BIOMD0000000699.txt,24,48,25,300,2300,63,63,13,11,9,9,0.21,0.21,0.0433333333333333,0.44,0.36,0.36,True,0,0,0,0,0,0,0.0,0.0,0.04,0.08,
BIOMD0000000700.txt,23,49,25,300,2300,93,93,11,11,9,9,0.31,0.31,0.0366666666666666,0.44,0.36,0.36,True,27,27,6,6,6,6,0.0117391304347826,0.0026086956521739,0.04,0.06,
BIOMD0000000701.txt,24,48,25,300,2300,63,63,13,11,9,9,0.21,0.21,0.0433333333333333,0.44,0.36,0.36,True,0,0,0,0,0,0,0.0,0.0,0.04,0.06,
BIOMD0000000702.txt,24,48,25,300,2300,63,63,13,11,9,9,0.21,0.21,0.0433333333333333,0.44,0.36,0.36,True,0,0,0,0,0,0,0.0,0.0,0.03,0.07,
BIOMD0000000703.txt,9,22,13,78,286,16,16,6,5,5,5,0.2051282051282051,0.2051282051282051,0.0769230769230769,0.3846153846153846,0.3846153846153846,0.3846153846153846,True,7,7,1,2,2,1,0.0244755244755244,0.0034965034965034,0.01,0.0,
BIOMD0000000704.txt,16,33,9,36,84,4,4,2,2,2,2,0.1111111111111111,0.1111111111111111,0.0555555555555555,0.2222222222222222,0.2222222222222222,0.2222222222222222,True,0,0,0,0,0,0,0.0,0.0,0.01,0.0,
BIOMD0000000707.txt,5,10,5,10,10,2,2,1,1,1,1,0.2,0.2,0.1,0.2,0.2,0.2,True,0,0,0,0,0,0,0.0,0.0,0.0,0.0,
BIOMD0000000710.txt,7,16,4,6,4,0,0,0,0,0,0,0.0,0.0,0.0,0.0,0.0,0.0,True,0,0,0,0,0,0,0.0,0.0,0.0,0.0,
BIOMD0000000711.txt,11,26,14,91,364,32,32,6,6,6,6,0.3516483516483517,0.3516483516483517,0.0659340659340659,0.4285714285714285,0.4285714285714285,0.4285714285714285,True,0,0,0,0,0,0,0.0,0.0,0.01,0.01,
BIOMD0000000718.txt,16,29,18,153,816,40,40,11,9,9,9,0.261437908496732,0.261437908496732,0.0718954248366013,0.5,0.5,0.5,True,0,0,0,0,0,0,0.0,0.0,0.01,0.01,
BIOMD0000000719.txt,6,9,5,10,10,0,0,0,0,0,0,0.0,0.0,0.0,0.0,0.0,0.0,True,0,0,0,0,0,0,0.0,0.0,0.01,0.0,
BIOMD0000000720.txt,9,25,12,66,220,10,10,4,4,4,4,0.1515151515151515,0.1515151515151515,0.0606060606060606,0.3333333333333333,0.3333333333333333,0.3333333333333333,True,0,0,0,0,0,0,0.0,0.0,0.01,0.0,
BIOMD0000000721.txt,5,10,7,21,35,7,7,3,3,3,3,0.3333333333333333,0.3333333333333333,0.1428571428571428,0.4285714285714285,0.4285714285714285,0.4285714285714285,True,0,0,0,0,0,0,0.0,0.0,0.0,0.0,
BIOMD0000000723.txt,25,73,21,210,1330,30,30,5,6,5,5,0.1428571428571428,0.1428571428571428,0.0238095238095238,0.2857142857142857,0.238095238095238,0.238095238095238,True,3,3,1,1,1,1,0.0022556390977443,0.0007518796992481,0.04,0.02,
BIOMD0000000724.txt,31,28,22,231,1540,48,48,26,10,9,9,0.2077922077922078,0.2077922077922078,0.1125541125541125,0.4545454545454545,0.4090909090909091,0.4090909090909091,True,0,0,0,0,0,0,0.0,0.0,0.01,0.03,
BIOMD0000000725.txt,51,31,29,406,3654,77,77,54,15,15,15,0.1896551724137931,0.1896551724137931,0.1330049261083744,0.5172413793103449,0.5172413793103449,0.5172413793103449,True,20,20,16,3,3,3,0.0054734537493158,0.0043787629994526,0.01,0.13,
BIOMD0000000726.txt,8,23,5,10,10,0,0,0,0,0,0,0.0,0.0,0.0,0.0,0.0,0.0,True,0,0,0,0,0,0,0.0,0.0,0.0,0.0,
BIOMD0000000731.txt,18,25,22,231,1540,43,43,13,7,7,7,0.1861471861471861,0.1861471861471861,0.0562770562770562,0.3181818181818182,0.3181818181818182,0.3181818181818182,True,36,36,6,5,5,4,0.0233766233766233,0.0038961038961038,0.01,0.04,
BIOMD0000000732.txt,5,6,5,10,10,3,3,2,2,1,1,0.3,0.3,0.2,0.4,0.2,0.2,True,0,0,0,0,0,0,0.0,0.0,0.0,0.0,
BIOMD0000000734.txt,23,47,15,105,455,26,26,10,4,3,3,0.2476190476190476,0.2476190476190476,0.0952380952380952,0.2666666666666666,0.2,0.2,True,0,0,0,0,0,0,0.0,0.0,0.03,0.01,
BIOMD0000000735.txt,23,47,15,105,455,26,26,10,4,3,3,0.2476190476190476,0.2476190476190476,0.0952380952380952,0.2666666666666666,0.2,0.2,True,0,0,0,0,0,0,0.0,0.0,0.02,0.01,
BIOMD0000000736.txt,12,22,7,21,35,0,0,0,0,0,0,0.0,0.0,0.0,0.0,0.0,0.0,True,0,0,0,0,0,0,0.0,0.0,0.01,0.0,
BIOMD0000000737.txt,12,22,7,21,35,0,0,0,0,0,0,0.0,0.0,0.0,0.0,0.0,0.0,True,0,0,0,0,0,0,0.0,0.0,0.01,0.0,
BIOMD0000000738.txt,12,22,7,21,35,0,0,0,0,0,0,0.0,0.0,0.0,0.0,0.0,0.0,True,0,0,0,0,0,0,0.0,0.0,0.01,0.0,
BIOMD0000000739.txt,24,23,22,231,1540,132,132,49,12,12,12,0.5714285714285714,0.5714285714285714,0.2121212121212121,0.5454545454545454,0.5454545454545454,0.5454545454545454,True,0,0,0,0,0,0,0.0,0.0,0.01,0.05,
BIOMD0000000747.txt,33,28,28,378,3276,86,86,15,11,11,11,0.2275132275132275,0.2275132275132275,0.0396825396825396,0.3928571428571428,0.3928571428571428,0.3928571428571428,True,0,0,0,0,0,0,0.0,0.0,0.01,0.1,
BIOMD0000000755.txt,9,7,7,21,35,2,2,2,2,2,2,0.0952380952380952,0.0952380952380952,0.0952380952380952,0.2857142857142857,0.2857142857142857,0.2857142857142857,True,0,0,0,0,0,0,0.0,0.0,0.0,0.0,
BIOMD0000000759.txt,6,19,5,10,10,1,1,1,1,1,1,0.1,0.1,0.1,0.2,0.2,0.2,True,0,0,0,0,0,0,0.0,0.0,0.0,0.0,
BIOMD0000000764.txt,4,9,4,6,4,1,1,1,1,1,1,0.1666666666666666,0.1666666666666666,0.1666666666666666,0.25,0.25,0.25,True,0,0,0,0,0,0,0.0,0.0,0.0,0.0,
BIOMD0000000766.txt,5,11,4,6,4,1,1,1,1,1,1,0.1666666666666666,0.1666666666666666,0.1666666666666666,0.25,0.25,0.25,True,0,0,0,0,0,0,0.0,0.0,0.0,0.0,
BIOMD0000000768.txt,5,13,5,10,10,1,1,1,1,1,1,0.1,0.1,0.1,0.2,0.2,0.2,True,0,0,0,0,0,0,0.0,0.0,0.01,0.0,
BIOMD0000000772.txt,4,7,4,6,4,2,2,1,1,1,1,0.3333333333333333,0.3333333333333333,0.1666666666666666,0.25,0.25,0.25,True,0,0,0,0,0,0,0.0,0.0,0.0,0.0,
BIOMD0000000777.txt,3,8,5,10,10,4,4,2,2,2,2,0.4,0.4,0.2,0.4,0.4,0.4,True,0,0,0,0,0,0,0.0,0.0,0.0,0.0,
BIOMD0000000786.txt,16,32,14,91,364,16,16,3,3,3,3,0.1758241758241758,0.1758241758241758,0.0329670329670329,0.2142857142857142,0.2142857142857142,0.2142857142857142,True,0,0,0,0,0,0,0.0,0.0,0.02,0.01,
BIOMD0000000789.txt,4,5,4,6,4,0,0,0,0,0,0,0.0,0.0,0.0,0.0,0.0,0.0,True,0,0,0,0,0,0,0.0,0.0,0.0,0.0,
BIOMD0000000794.txt,17,32,15,105,455,18,18,4,4,4,4,0.1714285714285714,0.1714285714285714,0.0380952380952381,0.2666666666666666,0.2666666666666666,0.2666666666666666,True,0,0,0,0,0,0,0.0,0.0,0.02,0.01,
BIOMD0000000800.txt,3,6,4,6,4,3,3,3,1,1,1,0.5,0.5,0.5,0.25,0.25,0.25,True,0,0,0,0,0,0,0.0,0.0,0.0,0.0,
BIOMD0000000802.txt,4,8,5,10,10,2,2,1,1,1,1,0.2,0.2,0.1,0.2,0.2,0.2,True,0,0,0,0,0,0,0.0,0.0,0.0,0.0,
BIOMD0000000803.txt,9,8,4,6,4,0,0,0,0,0,0,0.0,0.0,0.0,0.0,0.0,0.0,True,0,0,0,0,0,0,0.0,0.0,0.0,0.0,
BIOMD0000000812.txt,5,9,4,6,4,0,0,0,0,0,0,0.0,0.0,0.0,0.0,0.0,0.0,True,0,0,0,0,0,0,0.0,0.0,0.0,0.0,
BIOMD0000000816.txt,7,16,4,6,4,0,0,0,0,0,0,0.0,0.0,0.0,0.0,0.0,0.0,True,0,0,0,0,0,0,0.0,0.0,0.0,0.0,
BIOMD0000000818.txt,10,10,10,45,120,8,8,3,2,2,2,0.1777777777777777,0.1777777777777777,0.0666666666666666,0.2,0.2,0.2,True,0,0,0,0,0,0,0.0,0.0,0.0,0.0,
BIOMD0000000823.txt,15,18,16,120,560,37,37,7,5,5,5,0.3083333333333333,0.3083333333333333,0.0583333333333333,0.3125,0.3125,0.3125,True,12,12,1,1,1,1,0.0214285714285714,0.0017857142857142,0.0,0.01,
BIOMD0000000826.txt,13,25,17,136,680,44,44,10,8,8,8,0.3235294117647059,0.3235294117647059,0.0735294117647058,0.4705882352941176,0.4705882352941176,0.4705882352941176,True,18,18,1,1,1,1,0.0264705882352941,0.0014705882352941,0.01,0.02,
BIOMD0000000827.txt,10,9,9,36,84,14,14,9,3,3,3,0.3888888888888889,0.3888888888888889,0.25,0.3333333333333333,0.3333333333333333,0.3333333333333333,True,0,0,0,0,0,0,0.0,0.0,0.0,0.0,
BIOMD0000000829.txt,13,28,5,10,10,0,0,0,0,0,0,0.0,0.0,0.0,0.0,0.0,0.0,True,0,0,0,0,0,0,0.0,0.0,0.01,0.0,
BIOMD0000000830.txt,7,7,4,6,4,0,0,0,0,0,0,0.0,0.0,0.0,0.0,0.0,0.0,True,0,0,0,0,0,0,0.0,0.0,0.0,0.0,
BIOMD0000000832.txt,20,26,18,153,816,65,65,9,8,8,8,0.4248366013071895,0.4248366013071895,0.0588235294117647,0.4444444444444444,0.4444444444444444,0.4444444444444444,True,0,0,0,0,0,0,0.0,0.0,0.01,0.02,
BIOMD0000000837.txt,8,17,11,55,165,10,10,6,4,4,4,0.1818181818181818,0.1818181818181818,0.109090909090909,0.3636363636363636,0.3636363636363636,0.3636363636363636,True,3,3,2,2,2,2,0.0181818181818181,0.0121212121212121,0.0,0.0,
BIOMD0000000843.txt,10,15,5,10,10,0,0,0,0,0,0,0.0,0.0,0.0,0.0,0.0,0.0,True,0,0,0,0,0,0,0.0,0.0,0.0,0.0,
BIOMD0000000848.txt,9,21,4,6,4,0,0,0,0,0,0,0.0,0.0,0.0,0.0,0.0,0.0,True,0,0,0,0,0,0,0.0,0.0,0.01,0.0,
BIOMD0000000849.txt,21,23,12,66,220,15,15,2,2,2,2,0.2272727272727272,0.2272727272727272,0.0303030303030303,0.1666666666666666,0.1666666666666666,0.1666666666666666,True,0,0,0,0,0,0,0.0,0.0,0.01,0.0,
BIOMD0000000856.txt,22,26,21,210,1330,54,54,21,10,10,10,0.2571428571428571,0.2571428571428571,0.1,0.4761904761904761,0.4761904761904761,0.4761904761904761,True,20,20,3,2,2,2,0.0150375939849624,0.0022556390977443,0.01,0.03,
BIOMD0000000860.txt,4,5,4,6,4,1,1,1,1,1,1,0.1666666666666666,0.1666666666666666,0.1666666666666666,0.25,0.25,0.25,True,0,0,0,0,0,0,0.0,0.0,0.0,0.0,
BIOMD0000000861.txt,26,36,28,378,3276,45,45,12,8,8,8,0.119047619047619,0.119047619047619,0.0317460317460317,0.2857142857142857,0.2857142857142857,0.2857142857142857,True,36,36,5,3,3,3,0.0109890109890109,0.0015262515262515,0.02,0.1,
BIOMD0000000862.txt,9,11,7,21,35,6,6,2,2,2,2,0.2857142857142857,0.2857142857142857,0.0952380952380952,0.2857142857142857,0.2857142857142857,0.2857142857142857,True,0,0,0,0,0,0,0.0,0.0,0.0,0.0,
BIOMD0000000863.txt,6,13,7,21,35,1,1,1,1,1,1,0.0476190476190476,0.0476190476190476,0.0476190476190476,0.1428571428571428,0.1428571428571428,0.1428571428571428,True,0,0,0,0,0,0,0.0,0.0,0.0,0.0,
BIOMD0000000864.txt,7,9,6,15,20,4,4,1,1,1,1,0.2666666666666666,0.2666666666666666,0.0666666666666666,0.1666666666666666,0.1666666666666666,0.1666666666666666,True,0,0,0,0,0,0,0.0,0.0,0.0,0.0,
BIOMD0000000865.txt,4,8,5,10,10,2,2,2,1,1,1,0.2,0.2,0.2,0.2,0.2,0.2,True,0,0,0,0,0,0,0.0,0.0,0.0,0.0,
BIOMD0000000866.txt,4,4,4,6,4,0,0,0,0,0,0,0.0,0.0,0.0,0.0,0.0,0.0,True,0,0,0,0,0,0,0.0,0.0,0.0,0.0,
BIOMD0000000868.txt,5,5,5,10,10,2,2,1,1,1,1,0.2,0.2,0.1,0.2,0.2,0.2,True,0,0,0,0,0,0,0.0,0.0,0.0,0.0,
BIOMD0000000869.txt,5,7,6,15,20,2,2,1,1,1,1,0.1333333333333333,0.1333333333333333,0.0666666666666666,0.1666666666666666,0.1666666666666666,0.1666666666666666,True,0,0,0,0,0,0,0.0,0.0,0.0,0.0,
BIOMD0000000870.txt,7,9,8,28,56,8,8,4,2,2,2,0.2857142857142857,0.2857142857142857,0.1428571428571428,0.25,0.25,0.25,True,0,0,0,0,0,0,0.0,0.0,0.0,0.0,
BIOMD0000000871.txt,8,13,4,6,4,0,0,0,0,0,0,0.0,0.0,0.0,0.0,0.0,0.0,True,0,0,0,0,0,0,0.0,0.0,0.0,0.0,
BIOMD0000000872.txt,7,18,8,28,56,4,4,2,2,2,2,0.1428571428571428,0.1428571428571428,0.0714285714285714,0.25,0.25,0.25,True,0,0,0,0,0,0,0.0,0.0,0.0,0.0,
BIOMD0000000873.txt,42,38,33,528,5456,71,71,15,5,5,5,0.1344696969696969,0.1344696969696969,0.0284090909090909,0.1515151515151515,0.1515151515151515,0.1515151515151515,True,0,0,0,0,0,0,0.0,0.0,0.04,0.1,
BIOMD0000000877.txt,4,9,4,6,4,1,1,1,1,1,1,0.1666666666666666,0.1666666666666666,0.1666666666666666,0.25,0.25,0.25,True,0,0,0,0,0,0,0.0,0.0,0.0,0.0,
BIOMD0000000889.txt,12,20,9,36,84,2,2,1,1,1,1,0.0555555555555555,0.0555555555555555,0.0277777777777777,0.1111111111111111,0.1111111111111111,0.1111111111111111,True,0,0,0,0,0,0,0.0,0.0,0.0,0.0,
BIOMD0000000896.txt,9,15,6,15,20,2,2,1,1,1,1,0.1333333333333333,0.1333333333333333,0.0666666666666666,0.1666666666666666,0.1666666666666666,0.1666666666666666,True,0,0,0,0,0,0,0.0,0.0,0.0,0.0,
BIOMD0000000899.txt,12,8,8,28,56,7,7,3,3,3,3,0.25,0.25,0.1071428571428571,0.375,0.375,0.375,True,0,0,0,0,0,0,0.0,0.0,0.0,0.0,
BIOMD0000000902.txt,4,7,4,6,4,2,2,1,1,1,1,0.3333333333333333,0.3333333333333333,0.1666666666666666,0.25,0.25,0.25,True,0,0,0,0,0,0,0.0,0.0,0.0,0.0,
BIOMD0000000908.txt,7,13,5,10,10,1,1,1,1,1,1,0.1,0.1,0.1,0.2,0.2,0.2,True,0,0,0,0,0,0,0.0,0.0,0.0,0.0,
BIOMD0000000914.txt,5,9,4,6,4,0,0,0,0,0,0,0.0,0.0,0.0,0.0,0.0,0.0,True,0,0,0,0,0,0,0.0,0.0,0.0,0.0,
BIOMD0000000915.txt,9,8,8,28,56,0,0,0,0,0,0,0.0,0.0,0.0,0.0,0.0,0.0,True,0,0,0,0,0,0,0.0,0.0,0.0,0.0,
BIOMD0000000918.txt,8,7,6,15,20,4,4,3,3,3,3,0.2666666666666666,0.2666666666666666,0.2,0.5,0.5,0.5,True,0,0,0,0,0,0,0.0,0.0,0.0,0.0,
BIOMD0000000924.txt,6,11,8,28,56,8,8,2,2,2,2,0.2857142857142857,0.2857142857142857,0.0714285714285714,0.25,0.25,0.25,True,0,0,0,0,0,0,0.0,0.0,0.0,0.0,
BIOMD0000000925.txt,16,16,14,91,364,17,17,4,5,3,3,0.1868131868131868,0.1868131868131868,0.0439560439560439,0.3571428571428571,0.2142857142857142,0.2142857142857142,True,4,4,1,2,1,1,0.0109890109890109,0.0027472527472527,0.0,0.01,
BIOMD0000000934.txt,13,19,4,6,4,1,1,1,1,1,1,0.1666666666666666,0.1666666666666666,0.1666666666666666,0.25,0.25,0.25,True,0,0,0,0,0,0,0.0,0.0,0.01,0.0,
BIOMD0000000939.txt,56,126,44,946,13244,219,219,26,19,17,17,0.2315010570824524,0.2315010570824524,0.0274841437632135,0.4318181818181818,0.3863636363636363,0.3863636363636363,True,180,180,5,6,5,5,0.013591060102688,0.0003775294472968,0.22,1.03,
BIOMD0000000941.txt,8,12,9,36,84,12,12,1,2,1,1,0.3333333333333333,0.3333333333333333,0.0277777777777777,0.2222222222222222,0.1111111111111111,0.1111111111111111,True,0,0,0,0,0,0,0.0,0.0,0.0,0.0,
BIOMD0000000942.txt,14,15,14,91,364,20,20,18,5,5,5,0.2197802197802197,0.2197802197802197,0.1978021978021978,0.3571428571428571,0.3571428571428571,0.3571428571428571,True,0,0,0,0,0,0,0.0,0.0,0.0,0.01,
BIOMD0000000943.txt,43,83,44,946,13244,152,152,18,14,14,14,0.160676532769556,0.160676532769556,0.0190274841437632,0.3181818181818182,0.3181818181818182,0.3181818181818182,True,0,0,0,0,0,0,0.0,0.0,0.1,0.51,
BIOMD0000000948.txt,6,6,5,10,10,0,0,0,0,0,0,0.0,0.0,0.0,0.0,0.0,0.0,True,0,0,0,0,0,0,0.0,0.0,0.0,0.0,
BIOMD0000000951.txt,34,33,31,465,4495,237,237,174,24,24,24,0.5096774193548387,0.5096774193548387,0.3741935483870968,0.7741935483870968,0.7741935483870968,0.7741935483870968,True,0,0,0,0,0,0,0.0,0.0,0.01,0.17,
BIOMD0000000952.txt,13,15,9,36,84,3,3,1,2,2,2,0.0833333333333333,0.0833333333333333,0.0277777777777777,0.2222222222222222,0.2222222222222222,0.2222222222222222,True,0,0,0,0,0,0,0.0,0.0,0.0,0.0,
BIOMD0000000953.txt,22,29,20,190,1140,41,41,15,9,9,9,0.2157894736842105,0.2157894736842105,0.0789473684210526,0.45,0.45,0.45,True,25,25,3,3,3,3,0.0219298245614035,0.0026315789473684,0.01,0.03,
BIOMD0000000954.txt,24,36,28,378,3276,151,151,45,22,21,21,0.3994708994708995,0.3994708994708995,0.119047619047619,0.7857142857142857,0.75,0.75,True,277,277,48,10,10,10,0.0845543345543345,0.0146520146520146,0.02,0.17,
BIOMD0000000955.txt,8,13,6,15,20,0,0,0,0,0,0,0.0,0.0,0.0,0.0,0.0,0.0,True,0,0,0,0,0,0,0.0,0.0,0.0,0.0,
BIOMD0000000958.txt,8,12,5,10,10,0,0,0,0,0,0,0.0,0.0,0.0,0.0,0.0,0.0,True,0,0,0,0,0,0,0.0,0.0,0.0,0.0,
BIOMD0000000959.txt,41,75,11,55,165,0,0,0,0,0,0,0.0,0.0,0.0,0.0,0.0,0.0,True,0,0,0,0,0,0,0.0,0.0,0.16,0.0,
BIOMD0000000960.txt,8,11,5,10,10,0,0,0,0,0,0,0.0,0.0,0.0,0.0,0.0,0.0,True,0,0,0,0,0,0,0.0,0.0,0.0,0.0,
BIOMD0000000961.txt,48,40,32,496,4960,90,90,15,9,8,8,0.1814516129032258,0.1814516129032258,0.0302419354838709,0.28125,0.25,0.25,True,52,52,8,2,2,2,0.0104838709677419,0.0016129032258064,0.02,0.16,
BIOMD0000000964.txt,6,14,6,15,20,1,1,1,1,1,1,0.0666666666666666,0.0666666666666666,0.0666666666666666,0.1666666666666666,0.1666666666666666,0.1666666666666666,True,0,0,0,0,0,0,0.0,0.0,0.0,0.0,
BIOMD0000000968.txt,9,7,5,10,10,3,3,2,2,1,1,0.3,0.3,0.2,0.4,0.2,0.2,True,0,0,0,0,0,0,0.0,0.0,0.0,0.0,
BIOMD0000000969.txt,28,32,12,66,220,0,0,0,0,0,0,0.0,0.0,0.0,0.0,0.0,0.0,True,0,0,0,0,0,0,0.0,0.0,0.01,0.0,
BIOMD0000000971.txt,8,13,7,21,35,1,1,1,1,1,1,0.0476190476190476,0.0476190476190476,0.0476190476190476,0.1428571428571428,0.1428571428571428,0.1428571428571428,True,1,1,1,1,1,1,0.0285714285714285,0.0285714285714285,0.0,0.0,
BIOMD0000000972.txt,8,13,7,21,35,1,1,1,1,1,1,0.0476190476190476,0.0476190476190476,0.0476190476190476,0.1428571428571428,0.1428571428571428,0.1428571428571428,True,1,1,1,1,1,1,0.0285714285714285,0.0285714285714285,0.0,0.0,
BIOMD0000000975.txt,16,48,9,36,84,4,4,1,1,1,1,0.1111111111111111,0.1111111111111111,0.0277777777777777,0.1111111111111111,0.1111111111111111,0.1111111111111111,True,0,0,0,0,0,0,0.0,0.0,0.02,0.0,
BIOMD0000000977.txt,6,15,7,21,35,4,4,1,1,1,1,0.1904761904761904,0.1904761904761904,0.0476190476190476,0.1428571428571428,0.1428571428571428,0.1428571428571428,True,0,0,0,0,0,0,0.0,0.0,0.0,0.0,
BIOMD0000000979.txt,5,4,4,6,4,0,0,0,0,0,0,0.0,0.0,0.0,0.0,0.0,0.0,True,0,0,0,0,0,0,0.0,0.0,0.0,0.0,
BIOMD0000000980.txt,5,4,4,6,4,0,0,0,0,0,0,0.0,0.0,0.0,0.0,0.0,0.0,True,0,0,0,0,0,0,0.0,0.0,0.0,0.0,
BIOMD0000000981.txt,10,15,11,55,165,15,15,6,5,4,4,0.2727272727272727,0.2727272727272727,0.109090909090909,0.4545454545454545,0.3636363636363636,0.3636363636363636,True,2,2,1,1,1,1,0.0121212121212121,0.006060606060606,0.0,0.0,
BIOMD0000000983.txt,7,10,6,15,20,3,3,2,1,1,1,0.2,0.2,0.1333333333333333,0.1666666666666666,0.1666666666666666,0.1666666666666666,True,1,1,1,1,1,1,0.05,0.05,0.0,0.0,
BIOMD0000000985.txt,7,9,6,15,20,0,0,0,0,0,0,0.0,0.0,0.0,0.0,0.0,0.0,True,0,0,0,0,0,0,0.0,0.0,0.0,0.0,
BIOMD0000000988.txt,13,18,9,36,84,0,0,0,0,0,0,0.0,0.0,0.0,0.0,0.0,0.0,True,0,0,0,0,0,0,0.0,0.0,0.0,0.0,
BIOMD0000000989.txt,23,65,8,28,56,0,0,0,0,0,0,0.0,0.0,0.0,0.0,0.0,0.0,True,0,0,0,0,0,0,0.0,0.0,0.06,0.0,
BIOMD0000000990.txt,23,65,8,28,56,0,0,0,0,0,0,0.0,0.0,0.0,0.0,0.0,0.0,True,0,0,0,0,0,0,0.0,0.0,0.07,0.0,
BIOMD0000000991.txt,8,10,5,10,10,0,0,0,0,0,0,0.0,0.0,0.0,0.0,0.0,0.0,True,0,0,0,0,0,0,0.0,0.0,0.0,0.0,
BIOMD0000000994.txt,23,66,8,28,56,0,0,0,0,0,0,0.0,0.0,0.0,0.0,0.0,0.0,True,0,0,0,0,0,0,0.0,0.0,0.09,0.0,
BIOMD0000000995.txt,23,66,8,28,56,0,0,0,0,0,0,0.0,0.0,0.0,0.0,0.0,0.0,True,0,0,0,0,0,0,0.0,0.0,0.08,0.0,
BIOMD0000000996.txt,23,66,8,28,56,0,0,0,0,0,0,0.0,0.0,0.0,0.0,0.0,0.0,True,0,0,0,0,0,0,0.0,0.0,0.07,0.0,
BIOMD0000000997.txt,23,65,8,28,56,0,0,0,0,0,0,0.0,0.0,0.0,0.0,0.0,0.0,True,0,0,0,0,0,0,0.0,0.0,0.07,0.0,
BIOMD0000000998.txt,23,66,8,28,56,0,0,0,0,0,0,0.0,0.0,0.0,0.0,0.0,0.0,True,0,0,0,0,0,0,0.0,0.0,0.06,0.0,
BIOMD0000000999.txt,23,66,8,28,56,0,0,0,0,0,0,0.0,0.0,0.0,0.0,0.0,0.0,True,0,0,0,0,0,0,0.0,0.0,0.08,0.0,
BIOMD0000001000.txt,23,66,8,28,56,0,0,0,0,0,0,0.0,0.0,0.0,0.0,0.0,0.0,True,0,0,0,0,0,0,0.0,0.0,0.07,0.0,
BIOMD0000001001.txt,23,66,8,28,56,0,0,0,0,0,0,0.0,0.0,0.0,0.0,0.0,0.0,True,0,0,0,0,0,0,0.0,0.0,0.06,0.0,
BIOMD0000001002.txt,23,66,8,28,56,0,0,0,0,0,0,0.0,0.0,0.0,0.0,0.0,0.0,True,0,0,0,0,0,0,0.0,0.0,0.06,0.0,
BIOMD0000001003.txt,23,66,8,28,56,0,0,0,0,0,0,0.0,0.0,0.0,0.0,0.0,0.0,True,0,0,0,0,0,0,0.0,0.0,0.06,0.0,
BIOMD0000001004.txt,10,18,8,28,56,6,6,1,1,1,1,0.2142857142857142,0.2142857142857142,0.0357142857142857,0.125,0.125,0.125,True,0,0,0,0,0,0,0.0,0.0,0.01,0.0,
BIOMD0000001006.txt,9,21,5,10,10,0,0,0,0,0,0,0.0,0.0,0.0,0.0,0.0,0.0,True,0,0,0,0,0,0,0.0,0.0,0.01,0.0,
BIOMD0000001014.txt,4,7,4,6,4,0,0,0,0,0,0,0.0,0.0,0.0,0.0,0.0,0.0,True,0,0,0,0,0,0,0.0,0.0,0.0,0.0,
BIOMD0000001015.txt,8,9,5,10,10,1,1,1,1,1,1,0.1,0.1,0.1,0.2,0.2,0.2,True,0,0,0,0,0,0,0.0,0.0,0.0,0.0,
BIOMD0000001016.txt,8,9,5,10,10,0,0,0,0,0,0,0.0,0.0,0.0,0.0,0.0,0.0,True,0,0,0,0,0,0,0.0,0.0,0.0,0.0,
BIOMD0000001017.txt,13,15,7,21,35,0,0,0,0,0,0,0.0,0.0,0.0,0.0,0.0,0.0,True,0,0,0,0,0,0,0.0,0.0,0.0,0.0,
BIOMD0000001018.txt,18,25,11,55,165,0,0,0,0,0,0,0.0,0.0,0.0,0.0,0.0,0.0,True,0,0,0,0,0,0,0.0,0.0,0.01,0.0,
BIOMD0000001021.txt,6,9,7,21,35,9,9,4,3,3,3,0.4285714285714285,0.4285714285714285,0.1904761904761904,0.4285714285714285,0.4285714285714285,0.4285714285714285,True,0,0,0,0,0,0,0.0,0.0,0.0,0.0,
BIOMD0000001027.txt,20,33,6,15,20,0,0,0,0,0,0,0.0,0.0,0.0,0.0,0.0,0.0,True,0,0,0,0,0,0,0.0,0.0,0.02,0.0,
BIOMD0000001028.txt,21,35,6,15,20,0,0,0,0,0,0,0.0,0.0,0.0,0.0,0.0,0.0,True,0,0,0,0,0,0,0.0,0.0,0.02,0.0,
BIOMD0000001029.txt,21,35,6,15,20,0,0,0,0,0,0,0.0,0.0,0.0,0.0,0.0,0.0,True,0,0,0,0,0,0,0.0,0.0,0.02,0.0,
BIOMD0000001033.txt,6,13,8,28,56,10,10,6,5,3,3,0.3571428571428571,0.3571428571428571,0.2142857142857142,0.625,0.375,0.375,True,2,2,1,2,2,1,0.0357142857142857,0.0178571428571428,0.0,0.0,
BIOMD0000001035.txt,4,8,4,6,4,1,1,1,1,1,1,0.1666666666666666,0.1666666666666666,0.1666666666666666,0.25,0.25,0.25,True,0,0,0,0,0,0,0.0,0.0,0.0,0.0,
BIOMD0000001039.txt,20,33,6,15,20,0,0,0,0,0,0,0.0,0.0,0.0,0.0,0.0,0.0,True,0,0,0,0,0,0,0.0,0.0,0.02,0.0,
BIOMD0000001044.txt,16,39,4,6,4,0,0,0,0,0,0,0.0,0.0,0.0,0.0,0.0,0.0,True,0,0,0,0,0,0,0.0,0.0,0.02,0.0,
BIOMD0000001055.txt,19,30,9,36,84,1,1,1,1,1,1,0.0277777777777777,0.0277777777777777,0.0277777777777777,0.1111111111111111,0.1111111111111111,0.1111111111111111,True,0,0,0,0,0,0,0.0,0.0,0.02,0.0,
bigg_e_coli_core.txt,72,141,49,1176,18424,410,410,108,25,25,25,0.3486394557823129,0.3486394557823129,0.0918367346938775,0.5102040816326531,0.5102040816326531,0.5102040816326531,True,393,393,28,6,6,6,0.0213308727746417,0.0015197568389057,0.39,1.71,
central_ecoli.txt,92,168,23,253,1771,14,14,4,4,4,4,0.0553359683794466,0.0553359683794466,0.0158102766798418,0.1739130434782608,0.1739130434782608,0.1739130434782608,True,0,0,0,0,0,0,0.0,0.0,0.71,0.03,
bigg_iAB_RBC_283.txt,342,645,161,12880,682640,2611,2611,441,66,66,66,0.2027173913043478,0.2027173913043478,0.0342391304347826,0.4099378881987577,0.4099378881987577,0.4099378881987577,True,396,396,3,1,1,1,0.0005801007851869,4.394702918082738e-06,47.19,206.7,BiGG
bigg_iAF692.txt,702,688,642,205761,43895680,79884,79884,20579,414,411,411,0.3882368378847303,0.3882368378847303,0.1000140940217047,0.6448598130841121,0.6401869158878505,0.6401869158878505,False,-1,-1,-1,-1,-1,-1,-1.0,-1.0,10.22,631.19,BiGG
bigg_iHN637.txt,704,1000,590,173755,34055980,58058,58058,4361,326,322,322,0.3341371471324566,0.3341371471324566,0.0250985583148686,0.5525423728813559,0.5457627118644067,0.5457627118644067,False,-1,-1,-1,-1,-1,-1,-1.0,-1.0,39.41,865.83,BiGG
bigg_iIS312.txt,606,806,300,44850,4455100,7882,7882,419,117,117,117,0.1757413600891861,0.1757413600891861,0.0093422519509476,0.39,0.39,0.39,True,8195,8195,30,13,13,13,0.0018394648829431,6.733855581243967e-06,50.88,4963.88,BiGG
bigg_iIS312_Amastigote.txt,606,784,305,46360,4682360,7420,7420,426,115,115,115,0.1600517687661777,0.1600517687661777,0.0091889559965487,0.3770491803278688,0.3770491803278688,0.3770491803278688,True,7499,7499,30,12,12,12,0.0016015428117445,6.40702551704696e-06,59.13,75941.61,BiGG
bigg_iIS312_Epimastigote.txt,606,804,302,45451,4545100,7969,7969,420,118,118,118,0.1753316758707179,0.1753316758707179,0.0092407207762205,0.390728476821192,0.390728476821192,0.390728476821192,True,8199,8199,30,13,13,13,0.001803920705815,6.600514840157532e-06,0.01,4526.47,BiGG
bigg_iIS312_Trypomastigote.txt,606,791,307,46971,4775385,8573,8573,422,120,120,120,0.1825168721125801,0.1825168721125801,0.0089842668880798,0.3908794788273615,0.3908794788273615,0.3908794788273615,True,8788,8788,30,13,13,13,0.001840270470339,6.282215988867913e-06,0.01,3232.47,BiGG
bigg_iIT341.txt,494,737,384,73536,9363584,30966,30966,2099,243,237,237,0.4210998694516971,0.4210998694516971,0.0285438424717145,0.6328125,0.6171875,0.6171875,True,85381,85381,285,32,31,31,0.0091184102155755,3.0437063415034244e-05,23.43,7691.69,BiGG
bigg_iLJ478.txt,575,852,479,114481,18202479,44583,44583,1521,245,239,239,0.3894358015740603,0.3894358015740603,0.0132860474663918,0.511482254697286,0.4989561586638831,0.4989561586638831,True,100075,100075,193,26,26,26,0.0054978775143759,1.0602951389203636e-05,0.0,18179.66,BiGG
bigg_iSB619.txt,655,959,579,167331,32183329,65404,65404,7068,331,327,327,0.3908660080917463,0.3908660080917463,0.0422396328235652,0.5716753022452504,0.5647668393782384,0.5647668393782384,False,-1,-1,-1,-1,-1,-1,-1.0,-1.0,37.88,1479.09,BiGG
