network,n_species,n_reactions,n_ercs,syn_density,comp_density,syn_to_comp_ratio,max_scc_fraction,baseline_wall_s,baseline_timed_out,baseline_progress,dead_end_req_gini,n_species_ever_blocking,adaptive_wall_s,adaptive_timed_out,adaptive_progress,espm_timed_out,espm_complete,espm_n_epm,espm_total,espm_max_order,speedup
BIOMD0000000810,13,53,1,0.0,0.0,inf,1.0,0.0,False,0.0,0.0,0.0,0.0,False,0.0,False,True,1.0,0.0,0.0,
BIOMD0000000613,30,58,4,0.0,0.0,inf,0.25,0.0,False,0.0,0.0,0.0,0.0,False,0.0,False,True,3.0,0.0,0.0,
BIOMD0000000994,23,66,8,0.0,0.38,0.0,0.125,0.0,False,1.0,0.0,0.0,0.0,False,1.0,False,True,2.0,2.0,2.0,
BIOMD0000000995,23,66,8,0.0,0.38,0.0,0.125,0.0,False,1.0,0.0,0.0,0.0,False,1.0,False,True,2.0,2.0,2.0,
BIOMD0000001000,23,66,8,0.0,0.38,0.0,0.125,0.0,False,1.0,0.0,0.0,0.0,False,1.0,False,True,2.0,2.0,2.0,
BIOMD0000000999,23,66,8,0.0,0.38,0.0,0.125,0.0,False,1.0,0.0,0.0,0.0,False,1.0,False,True,2.0,2.0,2.0,
BIOMD0000000998,23,66,8,0.0,0.38,0.0,0.125,0.0,False,1.0,0.0,0.0,0.0,False,1.0,False,True,2.0,2.0,2.0,
BIOMD0000000996,23,66,8,0.0,0.38,0.0,0.125,0.0,False,1.0,0.0,0.0,0.0,False,1.0,False,True,2.0,2.0,2.0,
BIOMD0000000990,23,65,8,0.0,0.38,0.0,0.125,0.0,False,1.0,0.0,0.0,0.0,False,1.0,False,True,2.0,2.0,2.0,
BIOMD0000000997,23,65,8,0.0,0.38,0.0,0.125,0.0,False,1.0,0.0,0.0,0.0,False,1.0,False,True,2.0,2.0,2.0,
BIOMD0000000446,27,62,1,0.0,0.0,inf,1.0,0.0,False,0.0,0.0,0.0,0.0,False,0.0,False,True,1.0,0.0,0.0,
BIOMD0000000940,20,60,1,0.0,0.0,inf,1.0,0.0,False,0.0,0.0,0.0,0.0,False,0.0,False,True,1.0,0.0,0.0,
BIOMD0000000989,23,65,8,0.0,0.38,0.0,0.125,0.0,False,1.0,0.0,0.0,0.0,False,1.0,False,True,2.0,2.0,2.0,
BIOMD0000000569,21,62,2,0.0,0.0,inf,0.5,0.0,False,0.0,0.0,0.0,0.0,False,0.0,False,True,1.0,1.0,1.0,
BIOMD0000001002,23,66,8,0.0,0.38,0.0,0.125,0.0,False,1.0,0.0,0.0,0.0,False,1.0,False,True,2.0,2.0,2.0,
BIOMD0000001001,23,66,8,0.0,0.38,0.0,0.125,0.0,False,1.0,0.0,0.0,0.0,False,1.0,False,True,2.0,2.0,2.0,
BIOMD0000000959,41,75,11,0.0,0.27,0.0,0.091,0.0,False,1.0,0.0,2.0,0.0,False,1.0,False,True,3.0,5.0,2.0,
BIOMD0000001003,23,66,8,0.0,0.38,0.0,0.125,0.0,False,1.0,0.0,0.0,0.0,False,1.0,False,True,2.0,2.0,2.0,
BIOMD0000000608,52,140,3,0.0,0.0,inf,0.333,0.0,False,0.0,0.0,0.0,0.0,False,0.0,False,True,2.0,1.0,1.0,
BIOMD0000000407,47,88,18,0.06,0.5,0.11,0.056,0.0,False,1.0,0.0,5.0,0.0,False,1.0,False,True,3.0,3.0,2.0,
BIOMD0000000074,19,57,9,0.11,0.11,1.0,0.111,0.0,False,1.0,0.0,0.0,0.0,False,1.0,False,True,3.0,8.0,4.0,
BIOMD0000000083,19,57,9,0.11,0.11,1.0,0.111,0.0,False,1.0,0.0,0.0,0.0,False,1.0,False,True,3.0,8.0,4.0,
BIOMD0000000144,18,54,6,0.17,0.0,inf,0.167,0.0,False,0.0,0.0,0.0,0.0,False,0.0,False,True,3.0,6.0,3.0,
central_ecoli,92,168,23,0.17,0.57,0.31,0.043,0.0,False,1.0,0.167,2.0,0.0,False,1.0,False,True,6.0,6.0,4.0,
BIOMD0000000297,19,51,11,0.18,0.36,0.5,0.091,0.0,False,1.0,0.0,0.0,0.0,False,1.0,False,True,4.0,3.0,3.0,
BIOMD0000000410,53,91,23,0.22,0.74,0.29,0.043,0.0,False,1.0,0.0,12.0,0.0,False,1.0,False,True,2.0,1.0,1.0,
BIOMD0000000723,25,73,21,0.24,0.19,1.25,0.048,0.0,False,1.0,0.0,0.0,0.0,False,1.0,False,True,6.0,33.0,9.0,
BIOMD0000000147,24,51,4,0.25,0.0,inf,0.25,0.0,False,0.0,0.0,0.0,0.0,False,0.0,False,True,3.0,1.0,1.0,
BIOMD0000000056,46,94,33,0.33,0.64,0.52,0.061,0.0,False,1.0,0.0,2.0,0.0,False,1.0,False,True,10.0,56.0,6.0,
BIOMD0000000109,49,138,19,0.37,0.21,1.75,0.053,0.0,False,1.0,0.0,1.0,0.0,False,1.0,False,True,7.0,42.0,6.0,
BIOMD0000000627,65,64,52,0.37,0.96,0.38,0.019,0.0,False,1.0,0.207,28.0,0.0,False,1.0,False,True,3.0,1.0,1.0,
BIOMD0000000356,32,64,21,0.38,1.0,0.38,0.048,0.0,False,1.0,0.0,2.0,0.0,False,1.0,False,True,8.0,63.0,7.0,
BIOMD0000000594,29,120,5,0.4,0.0,inf,0.2,0.0,False,0.0,0.0,0.0,0.0,False,0.0,False,True,2.0,3.0,2.0,
BIOMD0000000943,43,83,44,0.41,0.5,0.82,0.023,0.0,False,1.0,0.167,2.0,0.0,False,1.0,False,True,16.0,1251.0,18.0,
BIOMD0000000256,27,56,34,0.41,0.59,0.7,0.029,0.0,False,1.0,0.36,15.0,0.0,False,1.0,False,True,2.0,2.0,1.0,
BIOMD0000000340,52,116,64,0.42,0.8,0.53,0.016,0.0,False,1.0,0.405,25.0,0.0,False,1.0,False,True,4.0,33.0,9.0,
BIOMD0000000339,52,115,68,0.44,0.75,0.59,0.015,0.0,False,1.0,0.382,24.0,0.0,False,1.0,False,True,4.0,33.0,9.0,
BIOMD0000000578,76,96,45,0.44,0.93,0.48,0.022,0.0,False,1.0,0.097,16.0,0.0,False,1.0,False,True,2.0,9.0,2.0,
BIOMD0000000338,52,115,68,0.44,0.75,0.59,0.015,0.01,False,1.0,0.382,24.0,0.01,False,1.0,False,True,4.0,33.0,9.0,1.0
BIOMD0000000939,56,126,44,0.59,0.41,1.44,0.023,0.0,False,1.0,0.0,5.0,0.0,False,1.0,False,True,12.0,200.0,11.0,
BIOMD0000000265,23,52,18,0.61,0.17,3.67,0.056,0.0,False,1.0,0.0,0.0,0.0,False,1.0,False,True,5.0,21.0,6.0,
BIOMD0000000230,26,64,19,0.68,0.32,2.17,0.053,0.0,False,1.0,0.0,3.0,0.0,False,1.0,False,True,4.0,17.0,4.0,
BIOMD0000000268,43,61,42,0.69,0.95,0.72,0.095,0.0,False,1.0,0.291,19.0,0.0,False,1.0,False,True,3.0,3.0,2.0,
BIOMD0000000285,27,72,14,0.71,0.36,2.0,0.071,0.0,False,1.0,0.0,0.0,0.0,False,1.0,False,True,5.0,32.0,5.0,
iNF517,656,1003,404,1.07,0.68,1.57,0.059,0.05,False,1.0,0.311,135.0,0.05,False,1.0,True,False,50.0,23956.0,24.0,1.0
BIOMD0000000326,71,91,42,1.19,0.81,1.47,0.024,0.0,False,1.0,0.058,15.0,0.0,False,1.0,False,True,2.0,20.0,5.0,
BIOMD0000000652_manyOrgs,95,126,109,1.35,1.1,1.22,0.037,0.01,False,1.0,0.294,13.0,0.01,False,1.0,False,True,16.0,51675.0,24.0,1.0
iIS312_Trypomastigote,606,791,307,1.64,0.52,3.14,0.01,0.02,False,1.0,0.0,36.0,0.02,False,1.0,False,,,,,1.0
iIS312_Epimastigote,606,804,302,1.66,0.53,3.14,0.01,0.01,False,1.0,0.049,38.0,0.01,False,1.0,True,False,53.0,12810.0,16.0,1.0
iIS312_Amastigote,606,784,305,1.66,0.57,2.9,0.016,0.01,False,1.0,0.0,46.0,0.01,False,1.0,True,False,53.0,10188.0,17.0,1.0
iIS312,606,806,300,1.66,0.53,3.14,0.01,0.01,False,1.0,0.023,41.0,0.01,False,1.0,True,False,53.0,11841.0,16.0,1.0
BIOMD0000000105,39,94,83,1.92,0.75,2.56,0.036,0.04,False,1.0,0.335,15.0,0.04,False,1.0,False,True,2.0,1.0,1.0,1.0
iJR904,767,1329,733,1.94,0.92,2.12,0.012,4.13,False,1.0,0.885,228.0,0.94,False,1.0,False,False,63.0,17754.0,37.0,4.3936170212765955
e_coli_core,72,141,49,2.24,0.45,5.0,0.041,0.0,False,1.0,0.0,4.0,0.01,False,1.0,False,True,15.0,291.0,11.0,0.0
BIOMD0000000605,29,58,41,2.63,0.51,5.14,0.024,0.0,False,1.0,0.247,9.0,0.0,False,1.0,False,True,6.0,138.0,10.0,
BIOMD0000000607,29,58,41,2.63,0.51,5.14,0.024,0.0,False,1.0,0.247,9.0,0.0,False,1.0,False,True,6.0,138.0,10.0,
BIOMD0000000610,29,58,41,2.63,0.51,5.14,0.024,0.0,False,1.0,0.247,9.0,0.0,False,1.0,False,True,6.0,138.0,10.0,
BIOMD0000000603,29,58,41,2.63,0.51,5.14,0.024,0.0,False,1.0,0.247,9.0,0.0,False,1.0,False,True,6.0,138.0,10.0,
BIOMD0000000604,29,54,38,2.95,0.45,6.59,0.026,0.0,False,1.0,0.288,8.0,0.0,False,1.0,False,True,5.0,31.0,6.0,
iJB785,767,1070,615,3.15,1.46,2.15,0.031,5.59,False,1.0,0.858,346.0,2.35,False,1.0,False,False,62.0,1678.0,18.0,2.378723404255319
iLJ478,575,852,479,3.26,1.09,3.0,0.021,0.86,False,1.0,0.671,157.0,1.34,False,1.0,True,False,37.0,13829.0,24.0,0.6417910447761194
BIOMD0000000606,29,54,40,3.38,0.47,7.11,0.025,0.0,False,1.0,0.275,9.0,0.0,False,1.0,False,True,6.0,132.0,10.0,
iSynCJ816,936,1332,739,3.59,1.23,2.92,0.047,2.32,False,1.0,0.746,295.0,1.14,False,1.0,,,,,,2.0350877192982457
iAB_RBC_283,342,645,161,3.71,0.98,3.81,0.006,0.21,False,1.0,0.676,68.0,0.16,False,1.0,False,True,28.0,323.0,14.0,1.3125
iJN678,806,1087,643,3.93,1.27,3.1,0.05,3.25,False,1.0,0.875,296.0,0.87,False,1.0,True,False,49.0,20388.0,33.0,3.735632183908046
iNJ661,825,1296,713,5.19,1.54,3.37,0.118,8.96,False,1.0,0.734,320.0,9.28,False,1.0,False,False,73.0,2619.0,19.0,0.9655172413793105
iIT341,494,737,384,5.83,1.52,3.84,0.154,1.83,False,1.0,0.726,153.0,1.78,False,1.0,True,False,49.0,20465.0,33.0,1.0280898876404494
iHN637,704,1000,590,7.51,2.2,3.42,0.092,1.71,False,1.0,0.758,222.0,0.92,False,1.0,True,,,,,1.8586956521739129
BIOMD0000000406,49,51,51,11.47,2.67,4.3,0.451,0.05,False,1.0,0.495,12.0,0.08,False,1.0,False,True,15.0,3139.0,17.0,0.625
iSB619,655,959,579,13.84,2.59,5.34,0.173,19.05,False,1.0,0.773,177.0,19.12,False,1.0,True,False,65.0,17411.0,24.0,0.9963389121338913
iAF692,702,688,642,38.87,13.41,2.9,0.598,3000.28,True,0.9999,0.685,312.0,3000.31,True,0.9999,True,,,,,
