network,order,n_species,is_organization,species
Test,0,12,True,CDC14 (CDC14);CDH1 (CDH1);CDH1i (CDH1i);CLB5 (CLB5);CLN2 (CLN2);MASS (MASS);NET1 (NET1);NET1P (NET1P);PPX (PPX);RENT (RENT);RENTP (RENTP);SBF (SBF)
Test,0,11,False,CDC14 (CDC14);CDH1 (CDH1);CDH1i (CDH1i);MASS (MASS);NET1 (NET1);NET1P (NET1P);PPX (PPX);RENT (RENT);RENTP (RENTP);SIC1 (SIC1);SIC1P (SIC1P)
Test,1,12,False,CDC14 (CDC14);CDH1 (CDH1);CDH1i (CDH1i);MASS (MASS);NET1 (NET1);NET1P (NET1P);PPX (PPX);RENT (RENT);RENTP (RENTP);SIC1 (SIC1);SIC1P (SIC1P);SWI5 (SWI5)
Test,1,14,False,C5 (C5);C5P (C5P);CDC14 (CDC14);CDH1 (CDH1);CDH1i (CDH1i);CLB5 (CLB5);MASS (MASS);NET1 (NET1);NET1P (NET1P);PPX (PPX);RENT (RENT);RENTP (RENTP);SIC1 (SIC1);SIC1P (SIC1P)
Test,2,16,False,C5 (C5);C5P (C5P);CDC14 (CDC14);CDH1 (CDH1);CDH1i (CDH1i);CLB5 (CLB5);CLN2 (CLN2);MASS (MASS);NET1 (NET1);NET1P (NET1P);PPX (PPX);RENT (RENT);RENTP (RENTP);SBF (SBF);SIC1 (SIC1);SIC1P (SIC1P)
Test,2,15,False,C5 (C5);C5P (C5P);CDC14 (CDC14);CDH1 (CDH1);CDH1i (CDH1i);CLB5 (CLB5);MASS (MASS);NET1 (NET1);NET1P (NET1P);PPX (PPX);RENT (RENT);RENTP (RENTP);SIC1 (SIC1);SIC1P (SIC1P);SWI5 (SWI5)
Test,0,11,False,CDC14 (CDC14);CDC6 (CDC6);CDC6P (CDC6P);CDH1 (CDH1);CDH1i (CDH1i);MASS (MASS);NET1 (NET1);NET1P (NET1P);PPX (PPX);RENT (RENT);RENTP (RENTP)
Test,1,14,False,CDC14 (CDC14);CDC6 (CDC6);CDC6P (CDC6P);CDH1 (CDH1);CDH1i (CDH1i);CLB5 (CLB5);F5 (F5);F5P (F5P);MASS (MASS);NET1 (NET1);NET1P (NET1P);PPX (PPX);RENT (RENT);RENTP (RENTP)
Test,2,16,False,CDC14 (CDC14);CDC6 (CDC6);CDC6P (CDC6P);CDH1 (CDH1);CDH1i (CDH1i);CLB5 (CLB5);CLN2 (CLN2);F5 (F5);F5P (F5P);MASS (MASS);NET1 (NET1);NET1P (NET1P);PPX (PPX);RENT (RENT);RENTP (RENTP);SBF (SBF)
Test,2,18,False,C5 (C5);C5P (C5P);CDC14 (CDC14);CDC6 (CDC6);CDC6P (CDC6P);CDH1 (CDH1);CDH1i (CDH1i);CLB5 (CLB5);F5 (F5);F5P (F5P);MASS (MASS);NET1 (NET1);NET1P (NET1P);PPX (PPX);RENT (RENT);RENTP (RENTP);SIC1 (SIC1);SIC1P (SIC1P)
Test,3,20,False,C5 (C5);C5P (C5P);CDC14 (CDC14);CDC6 (CDC6);CDC6P (CDC6P);CDH1 (CDH1);CDH1i (CDH1i);CLB5 (CLB5);CLN2 (CLN2);F5 (F5);F5P (F5P);MASS (MASS);NET1 (NET1);NET1P (NET1P);PPX (PPX);RENT (RENT);RENTP (RENTP);SBF (SBF);SIC1 (SIC1);SIC1P (SIC1P)
Test,3,19,False,C5 (C5);C5P (C5P);CDC14 (CDC14);CDC6 (CDC6);CDC6P (CDC6P);CDH1 (CDH1);CDH1i (CDH1i);CLB5 (CLB5);F5 (F5);F5P (F5P);MASS (MASS);NET1 (NET1);NET1P (NET1P);PPX (PPX);RENT (RENT);RENTP (RENTP);SIC1 (SIC1);SIC1P (SIC1P);SWI5 (SWI5)
Test,4,21,False,C5 (C5);C5P (C5P);CDC14 (CDC14);CDC6 (CDC6);CDC6P (CDC6P);CDH1 (CDH1);CDH1i (CDH1i);CLB5 (CLB5);CLN2 (CLN2);F5 (F5);F5P (F5P);MASS (MASS);NET1 (NET1);NET1P (NET1P);PPX (PPX);RENT (RENT);RENTP (RENTP);SBF (SBF);SIC1 (SIC1);SIC1P (SIC1P);SWI5 (SWI5)
Test,0,11,True,CDC14 (CDC14);CDH1 (CDH1);CDH1i (CDH1i);IE (IE);IEP (IEP);MASS (MASS);NET1 (NET1);NET1P (NET1P);PPX (PPX);RENT (RENT);RENTP (RENTP)
Test,1,14,False,CDC14 (CDC14);CDC20 (CDC20);CDC20i (CDC20i);CDH1 (CDH1);CDH1i (CDH1i);IE (IE);IEP (IEP);MAD2 (MAD2);MASS (MASS);NET1 (NET1);NET1P (NET1P);PPX (PPX);RENT (RENT);RENTP (RENTP)
Test,0,13,True,BUB2 (BUB2);CDC14 (CDC14);CDH1 (CDH1);CDH1i (CDH1i);LTE1 (LTE1);MASS (MASS);NET1 (NET1);NET1P (NET1P);PPX (PPX);RENT (RENT);RENTP (RENTP);TEM1GDP (TEM1GDP);TEM1GTP (TEM1GTP)
Test,0,13,True,CDC14 (CDC14);CDC15 (CDC15);CDC15i (CDC15i);CDH1 (CDH1);CDH1i (CDH1i);MASS (MASS);NET1 (NET1);NET1P (NET1P);PPX (PPX);RENT (RENT);RENTP (RENTP);TEM1GDP (TEM1GDP);TEM1GTP (TEM1GTP)
Test,1,14,False,CDC14 (CDC14);CDC15 (CDC15);CDC15i (CDC15i);CDH1 (CDH1);CDH1i (CDH1i);LTE1 (LTE1);MASS (MASS);NET1 (NET1);NET1P (NET1P);PPX (PPX);RENT (RENT);RENTP (RENTP);TEM1GDP (TEM1GDP);TEM1GTP (TEM1GTP)
Test,1,14,False,BUB2 (BUB2);CDC14 (CDC14);CDC15 (CDC15);CDC15i (CDC15i);CDH1 (CDH1);CDH1i (CDH1i);MASS (MASS);NET1 (NET1);NET1P (NET1P);PPX (PPX);RENT (RENT);RENTP (RENTP);TEM1GDP (TEM1GDP);TEM1GTP (TEM1GTP)
Test,2,15,True,BUB2 (BUB2);CDC14 (CDC14);CDC15 (CDC15);CDC15i (CDC15i);CDH1 (CDH1);CDH1i (CDH1i);LTE1 (LTE1);MASS (MASS);NET1 (NET1);NET1P (NET1P);PPX (PPX);RENT (RENT);RENTP (RENTP);TEM1GDP (TEM1GDP);TEM1GTP (TEM1GTP)
Test,0,9,True,CDC14 (CDC14);CDH1 (CDH1);CDH1i (CDH1i);MASS (MASS);NET1 (NET1);NET1P (NET1P);PPX (PPX);RENT (RENT);RENTP (RENTP)
Test,0,12,False,CDC14 (CDC14);CDH1 (CDH1);CDH1i (CDH1i);ESP1 (ESP1);MASS (MASS);NET1 (NET1);NET1P (NET1P);PDS1 (PDS1);PE (PE);PPX (PPX);RENT (RENT);RENTP (RENTP)
Test,0,13,False,BUD (BUD);CDC14 (CDC14);CDH1 (CDH1);CDH1i (CDH1i);CLB5 (CLB5);CLN2 (CLN2);CLN3 (CLN3);MASS (MASS);NET1 (NET1);NET1P (NET1P);PPX (PPX);RENT (RENT);RENTP (RENTP)
Test,1,14,True,BUD (BUD);CDC14 (CDC14);CDH1 (CDH1);CDH1i (CDH1i);CLB5 (CLB5);CLN2 (CLN2);CLN3 (CLN3);MASS (MASS);NET1 (NET1);NET1P (NET1P);PPX (PPX);RENT (RENT);RENTP (RENTP);SBF (SBF)
Test,2,17,False,BUD (BUD);C5 (C5);C5P (C5P);CDC14 (CDC14);CDH1 (CDH1);CDH1i (CDH1i);CLB5 (CLB5);CLN2 (CLN2);CLN3 (CLN3);MASS (MASS);NET1 (NET1);NET1P (NET1P);PPX (PPX);RENT (RENT);RENTP (RENTP);SIC1 (SIC1);SIC1P (SIC1P)
Test,3,18,False,BUD (BUD);C5 (C5);C5P (C5P);CDC14 (CDC14);CDH1 (CDH1);CDH1i (CDH1i);CLB5 (CLB5);CLN2 (CLN2);CLN3 (CLN3);MASS (MASS);NET1 (NET1);NET1P (NET1P);PPX (PPX);RENT (RENT);RENTP (RENTP);SBF (SBF);SIC1 (SIC1);SIC1P (SIC1P)
Test,3,18,False,BUD (BUD);C5 (C5);C5P (C5P);CDC14 (CDC14);CDH1 (CDH1);CDH1i (CDH1i);CLB5 (CLB5);CLN2 (CLN2);CLN3 (CLN3);MASS (MASS);NET1 (NET1);NET1P (NET1P);PPX (PPX);RENT (RENT);RENTP (RENTP);SIC1 (SIC1);SIC1P (SIC1P);SWI5 (SWI5)
Test,2,17,False,BUD (BUD);CDC14 (CDC14);CDC6 (CDC6);CDC6P (CDC6P);CDH1 (CDH1);CDH1i (CDH1i);CLB5 (CLB5);CLN2 (CLN2);CLN3 (CLN3);F5 (F5);F5P (F5P);MASS (MASS);NET1 (NET1);NET1P (NET1P);PPX (PPX);RENT (RENT);RENTP (RENTP)
Test,3,18,False,BUD (BUD);CDC14 (CDC14);CDC6 (CDC6);CDC6P (CDC6P);CDH1 (CDH1);CDH1i (CDH1i);CLB5 (CLB5);CLN2 (CLN2);CLN3 (CLN3);F5 (F5);F5P (F5P);MASS (MASS);NET1 (NET1);NET1P (NET1P);PPX (PPX);RENT (RENT);RENTP (RENTP);SBF (SBF)
Test,3,21,False,BUD (BUD);C5 (C5);C5P (C5P);CDC14 (CDC14);CDC6 (CDC6);CDC6P (CDC6P);CDH1 (CDH1);CDH1i (CDH1i);CLB5 (CLB5);CLN2 (CLN2);CLN3 (CLN3);F5 (F5);F5P (F5P);MASS (MASS);NET1 (NET1);NET1P (NET1P);PPX (PPX);RENT (RENT);RENTP (RENTP);SIC1 (SIC1);SIC1P (SIC1P)
Test,4,22,False,BUD (BUD);C5 (C5);C5P (C5P);CDC14 (CDC14);CDC6 (CDC6);CDC6P (CDC6P);CDH1 (CDH1);CDH1i (CDH1i);CLB5 (CLB5);CLN2 (CLN2);CLN3 (CLN3);F5 (F5);F5P (F5P);MASS (MASS);NET1 (NET1);NET1P (NET1P);PPX (PPX);RENT (RENT);RENTP (RENTP);SBF (SBF);SIC1 (SIC1);SIC1P (SIC1P)
Test,4,22,False,BUD (BUD);C5 (C5);C5P (C5P);CDC14 (CDC14);CDC6 (CDC6);CDC6P (CDC6P);CDH1 (CDH1);CDH1i (CDH1i);CLB5 (CLB5);CLN2 (CLN2);CLN3 (CLN3);F5 (F5);F5P (F5P);MASS (MASS);NET1 (NET1);NET1P (NET1P);PPX (PPX);RENT (RENT);RENTP (RENTP);SIC1 (SIC1);SIC1P (SIC1P);SWI5 (SWI5)
Test,5,23,False,BUD (BUD);C5 (C5);C5P (C5P);CDC14 (CDC14);CDC6 (CDC6);CDC6P (CDC6P);CDH1 (CDH1);CDH1i (CDH1i);CLB5 (CLB5);CLN2 (CLN2);CLN3 (CLN3);F5 (F5);F5P (F5P);MASS (MASS);NET1 (NET1);NET1P (NET1P);PPX (PPX);RENT (RENT);RENTP (RENTP);SBF (SBF);SIC1 (SIC1);SIC1P (SIC1P);SWI5 (SWI5)
Test,0,11,False,CDC14 (CDC14);CDH1 (CDH1);CDH1i (CDH1i);CLB2 (CLB2);MASS (MASS);NET1 (NET1);NET1P (NET1P);PPX (PPX);RENT (RENT);RENTP (RENTP);SPN (SPN)
Test,1,15,False,C2 (C2);C2P (C2P);CDC14 (CDC14);CDH1 (CDH1);CDH1i (CDH1i);CLB2 (CLB2);MASS (MASS);NET1 (NET1);NET1P (NET1P);PPX (PPX);RENT (RENT);RENTP (RENTP);SIC1 (SIC1);SIC1P (SIC1P);SPN (SPN)
Test,1,15,False,CDC14 (CDC14);CDC6 (CDC6);CDC6P (CDC6P);CDH1 (CDH1);CDH1i (CDH1i);CLB2 (CLB2);F2 (F2);F2P (F2P);MASS (MASS);NET1 (NET1);NET1P (NET1P);PPX (PPX);RENT (RENT);RENTP (RENTP);SPN (SPN)
Test,2,19,False,C2 (C2);C2P (C2P);CDC14 (CDC14);CDC6 (CDC6);CDC6P (CDC6P);CDH1 (CDH1);CDH1i (CDH1i);CLB2 (CLB2);F2 (F2);F2P (F2P);MASS (MASS);NET1 (NET1);NET1P (NET1P);PPX (PPX);RENT (RENT);RENTP (RENTP);SIC1 (SIC1);SIC1P (SIC1P);SPN (SPN)
Test,2,17,False,C2 (C2);C2P (C2P);CDC14 (CDC14);CDH1 (CDH1);CDH1i (CDH1i);CLB2 (CLB2);MASS (MASS);NET1 (NET1);NET1P (NET1P);PPX (PPX);RENT (RENT);RENTP (RENTP);SIC1 (SIC1);SIC1P (SIC1P);SPN (SPN);SWI5 (SWI5);SWI5P (SWI5P)
Test,3,21,False,C2 (C2);C2P (C2P);CDC14 (CDC14);CDC6 (CDC6);CDC6P (CDC6P);CDH1 (CDH1);CDH1i (CDH1i);CLB2 (CLB2);F2 (F2);F2P (F2P);MASS (MASS);NET1 (NET1);NET1P (NET1P);PPX (PPX);RENT (RENT);RENTP (RENTP);SIC1 (SIC1);SIC1P (SIC1P);SPN (SPN);SWI5 (SWI5);SWI5P (SWI5P)
Test,3,19,True,C2 (C2);C2P (C2P);CDC14 (CDC14);CDC20i (CDC20i);CDH1 (CDH1);CDH1i (CDH1i);CLB2 (CLB2);MASS (MASS);MCM1 (MCM1);NET1 (NET1);NET1P (NET1P);PPX (PPX);RENT (RENT);RENTP (RENTP);SIC1 (SIC1);SIC1P (SIC1P);SPN (SPN);SWI5 (SWI5);SWI5P (SWI5P)
Test,4,23,False,C2 (C2);C2P (C2P);CDC14 (CDC14);CDC20i (CDC20i);CDC6 (CDC6);CDC6P (CDC6P);CDH1 (CDH1);CDH1i (CDH1i);CLB2 (CLB2);F2 (F2);F2P (F2P);MASS (MASS);MCM1 (MCM1);NET1 (NET1);NET1P (NET1P);PPX (PPX);RENT (RENT);RENTP (RENTP);SIC1 (SIC1);SIC1P (SIC1P);SPN (SPN);SWI5 (SWI5);SWI5P (SWI5P)
Test,4,22,True,C2 (C2);C2P (C2P);CDC14 (CDC14);CDC20 (CDC20);CDC20i (CDC20i);CDH1 (CDH1);CDH1i (CDH1i);CLB2 (CLB2);IE (IE);IEP (IEP);MASS (MASS);MCM1 (MCM1);NET1 (NET1);NET1P (NET1P);PPX (PPX);RENT (RENT);RENTP (RENTP);SIC1 (SIC1);SIC1P (SIC1P);SPN (SPN);SWI5 (SWI5);SWI5P (SWI5P)
Test,5,26,False,C2 (C2);C2P (C2P);CDC14 (CDC14);CDC20 (CDC20);CDC20i (CDC20i);CDC6 (CDC6);CDC6P (CDC6P);CDH1 (CDH1);CDH1i (CDH1i);CLB2 (CLB2);F2 (F2);F2P (F2P);IE (IE);IEP (IEP);MASS (MASS);MCM1 (MCM1);NET1 (NET1);NET1P (NET1P);PPX (PPX);RENT (RENT);RENTP (RENTP);SIC1 (SIC1);SIC1P (SIC1P);SPN (SPN);SWI5 (SWI5);SWI5P (SWI5P)
Test,5,23,True,C2 (C2);C2P (C2P);CDC14 (CDC14);CDC20 (CDC20);CDC20i (CDC20i);CDH1 (CDH1);CDH1i (CDH1i);CLB2 (CLB2);IE (IE);IEP (IEP);MAD2 (MAD2);MASS (MASS);MCM1 (MCM1);NET1 (NET1);NET1P (NET1P);PPX (PPX);RENT (RENT);RENTP (RENTP);SIC1 (SIC1);SIC1P (SIC1P);SPN (SPN);SWI5 (SWI5);SWI5P (SWI5P)
Test,6,27,False,C2 (C2);C2P (C2P);CDC14 (CDC14);CDC20 (CDC20);CDC20i (CDC20i);CDC6 (CDC6);CDC6P (CDC6P);CDH1 (CDH1);CDH1i (CDH1i);CLB2 (CLB2);F2 (F2);F2P (F2P);IE (IE);IEP (IEP);MAD2 (MAD2);MASS (MASS);MCM1 (MCM1);NET1 (NET1);NET1P (NET1P);PPX (PPX);RENT (RENT);RENTP (RENTP);SIC1 (SIC1);SIC1P (SIC1P);SPN (SPN);SWI5 (SWI5);SWI5P (SWI5P)
Test,1,13,False,CDC14 (CDC14);CDH1 (CDH1);CDH1i (CDH1i);CLB2 (CLB2);CLB5 (CLB5);MASS (MASS);NET1 (NET1);NET1P (NET1P);ORI (ORI);PPX (PPX);RENT (RENT);RENTP (RENTP);SPN (SPN)
Test,2,15,False,CDC14 (CDC14);CDH1 (CDH1);CDH1i (CDH1i);CLB2 (CLB2);CLB5 (CLB5);CLN2 (CLN2);MASS (MASS);NET1 (NET1);NET1P (NET1P);ORI (ORI);PPX (PPX);RENT (RENT);RENTP (RENTP);SBF (SBF);SPN (SPN)
Test,2,19,False,C2 (C2);C2P (C2P);C5 (C5);C5P (C5P);CDC14 (CDC14);CDH1 (CDH1);CDH1i (CDH1i);CLB2 (CLB2);CLB5 (CLB5);MASS (MASS);NET1 (NET1);NET1P (NET1P);ORI (ORI);PPX (PPX);RENT (RENT);RENTP (RENTP);SIC1 (SIC1);SIC1P (SIC1P);SPN (SPN)
Test,3,21,False,C2 (C2);C2P (C2P);C5 (C5);C5P (C5P);CDC14 (CDC14);CDH1 (CDH1);CDH1i (CDH1i);CLB2 (CLB2);CLB5 (CLB5);CLN2 (CLN2);MASS (MASS);NET1 (NET1);NET1P (NET1P);ORI (ORI);PPX (PPX);RENT (RENT);RENTP (RENTP);SBF (SBF);SIC1 (SIC1);SIC1P (SIC1P);SPN (SPN)
Test,2,19,False,CDC14 (CDC14);CDC6 (CDC6);CDC6P (CDC6P);CDH1 (CDH1);CDH1i (CDH1i);CLB2 (CLB2);CLB5 (CLB5);F2 (F2);F2P (F2P);F5 (F5);F5P (F5P);MASS (MASS);NET1 (NET1);NET1P (NET1P);ORI (ORI);PPX (PPX);RENT (RENT);RENTP (RENTP);SPN (SPN)
Test,3,21,False,CDC14 (CDC14);CDC6 (CDC6);CDC6P (CDC6P);CDH1 (CDH1);CDH1i (CDH1i);CLB2 (CLB2);CLB5 (CLB5);CLN2 (CLN2);F2 (F2);F2P (F2P);F5 (F5);F5P (F5P);MASS (MASS);NET1 (NET1);NET1P (NET1P);ORI (ORI);PPX (PPX);RENT (RENT);RENTP (RENTP);SBF (SBF);SPN (SPN)
Test,3,25,False,C2 (C2);C2P (C2P);C5 (C5);C5P (C5P);CDC14 (CDC14);CDC6 (CDC6);CDC6P (CDC6P);CDH1 (CDH1);CDH1i (CDH1i);CLB2 (CLB2);CLB5 (CLB5);F2 (F2);F2P (F2P);F5 (F5);F5P (F5P);MASS (MASS);NET1 (NET1);NET1P (NET1P);ORI (ORI);PPX (PPX);RENT (RENT);RENTP (RENTP);SIC1 (SIC1);SIC1P (SIC1P);SPN (SPN)
Test,4,27,False,C2 (C2);C2P (C2P);C5 (C5);C5P (C5P);CDC14 (CDC14);CDC6 (CDC6);CDC6P (CDC6P);CDH1 (CDH1);CDH1i (CDH1i);CLB2 (CLB2);CLB5 (CLB5);CLN2 (CLN2);F2 (F2);F2P (F2P);F5 (F5);F5P (F5P);MASS (MASS);NET1 (NET1);NET1P (NET1P);ORI (ORI);PPX (PPX);RENT (RENT);RENTP (RENTP);SBF (SBF);SIC1 (SIC1);SIC1P (SIC1P);SPN (SPN)
Test,3,21,False,C2 (C2);C2P (C2P);C5 (C5);C5P (C5P);CDC14 (CDC14);CDH1 (CDH1);CDH1i (CDH1i);CLB2 (CLB2);CLB5 (CLB5);MASS (MASS);NET1 (NET1);NET1P (NET1P);ORI (ORI);PPX (PPX);RENT (RENT);RENTP (RENTP);SIC1 (SIC1);SIC1P (SIC1P);SPN (SPN);SWI5 (SWI5);SWI5P (SWI5P)
Test,4,27,False,C2 (C2);C2P (C2P);C5 (C5);C5P (C5P);CDC14 (CDC14);CDC6 (CDC6);CDC6P (CDC6P);CDH1 (CDH1);CDH1i (CDH1i);CLB2 (CLB2);CLB5 (CLB5);F2 (F2);F2P (F2P);F5 (F5);F5P (F5P);MASS (MASS);NET1 (NET1);NET1P (NET1P);ORI (ORI);PPX (PPX);RENT (RENT);RENTP (RENTP);SIC1 (SIC1);SIC1P (SIC1P);SPN (SPN);SWI5 (SWI5);SWI5P (SWI5P)
Test,5,29,False,C2 (C2);C2P (C2P);C5 (C5);C5P (C5P);CDC14 (CDC14);CDC6 (CDC6);CDC6P (CDC6P);CDH1 (CDH1);CDH1i (CDH1i);CLB2 (CLB2);CLB5 (CLB5);CLN2 (CLN2);F2 (F2);F2P (F2P);F5 (F5);F5P (F5P);MASS (MASS);NET1 (NET1);NET1P (NET1P);ORI (ORI);PPX (PPX);RENT (RENT);RENTP (RENTP);SBF (SBF);SIC1 (SIC1);SIC1P (SIC1P);SPN (SPN);SWI5 (SWI5);SWI5P (SWI5P)
Test,4,23,False,C2 (C2);C2P (C2P);C5 (C5);C5P (C5P);CDC14 (CDC14);CDC20i (CDC20i);CDH1 (CDH1);CDH1i (CDH1i);CLB2 (CLB2);CLB5 (CLB5);MASS (MASS);MCM1 (MCM1);NET1 (NET1);NET1P (NET1P);ORI (ORI);PPX (PPX);RENT (RENT);RENTP (RENTP);SIC1 (SIC1);SIC1P (SIC1P);SPN (SPN);SWI5 (SWI5);SWI5P (SWI5P)
Test,5,29,False,C2 (C2);C2P (C2P);C5 (C5);C5P (C5P);CDC14 (CDC14);CDC20i (CDC20i);CDC6 (CDC6);CDC6P (CDC6P);CDH1 (CDH1);CDH1i (CDH1i);CLB2 (CLB2);CLB5 (CLB5);F2 (F2);F2P (F2P);F5 (F5);F5P (F5P);MASS (MASS);MCM1 (MCM1);NET1 (NET1);NET1P (NET1P);ORI (ORI);PPX (PPX);RENT (RENT);RENTP (RENTP);SIC1 (SIC1);SIC1P (SIC1P);SPN (SPN);SWI5 (SWI5);SWI5P (SWI5P)
Test,5,26,False,C2 (C2);C2P (C2P);C5 (C5);C5P (C5P);CDC14 (CDC14);CDC20 (CDC20);CDC20i (CDC20i);CDH1 (CDH1);CDH1i (CDH1i);CLB2 (CLB2);CLB5 (CLB5);IE (IE);IEP (IEP);MASS (MASS);MCM1 (MCM1);NET1 (NET1);NET1P (NET1P);ORI (ORI);PPX (PPX);RENT (RENT);RENTP (RENTP);SIC1 (SIC1);SIC1P (SIC1P);SPN (SPN);SWI5 (SWI5);SWI5P (SWI5P)
Test,6,32,False,C2 (C2);C2P (C2P);C5 (C5);C5P (C5P);CDC14 (CDC14);CDC20 (CDC20);CDC20i (CDC20i);CDC6 (CDC6);CDC6P (CDC6P);CDH1 (CDH1);CDH1i (CDH1i);CLB2 (CLB2);CLB5 (CLB5);F2 (F2);F2P (F2P);F5 (F5);F5P (F5P);IE (IE);IEP (IEP);MASS (MASS);MCM1 (MCM1);NET1 (NET1);NET1P (NET1P);ORI (ORI);PPX (PPX);RENT (RENT);RENTP (RENTP);SIC1 (SIC1);SIC1P (SIC1P);SPN (SPN);SWI5 (SWI5);SWI5P (SWI5P)
Test,6,27,False,C2 (C2);C2P (C2P);C5 (C5);C5P (C5P);CDC14 (CDC14);CDC20 (CDC20);CDC20i (CDC20i);CDH1 (CDH1);CDH1i (CDH1i);CLB2 (CLB2);CLB5 (CLB5);IE (IE);IEP (IEP);MAD2 (MAD2);MASS (MASS);MCM1 (MCM1);NET1 (NET1);NET1P (NET1P);ORI (ORI);PPX (PPX);RENT (RENT);RENTP (RENTP);SIC1 (SIC1);SIC1P (SIC1P);SPN (SPN);SWI5 (SWI5);SWI5P (SWI5P)
Test,7,33,False,C2 (C2);C2P (C2P);C5 (C5);C5P (C5P);CDC14 (CDC14);CDC20 (CDC20);CDC20i (CDC20i);CDC6 (CDC6);CDC6P (CDC6P);CDH1 (CDH1);CDH1i (CDH1i);CLB2 (CLB2);CLB5 (CLB5);F2 (F2);F2P (F2P);F5 (F5);F5P (F5P);IE (IE);IEP (IEP);MAD2 (MAD2);MASS (MASS);MCM1 (MCM1);NET1 (NET1);NET1P (NET1P);ORI (ORI);PPX (PPX);RENT (RENT);RENTP (RENTP);SIC1 (SIC1);SIC1P (SIC1P);SPN (SPN);SWI5 (SWI5);SWI5P (SWI5P)
Test,6,32,True,C2 (C2);C2P (C2P);C5 (C5);C5P (C5P);CDC14 (CDC14);CDC20i (CDC20i);CDC6 (CDC6);CDC6P (CDC6P);CDH1 (CDH1);CDH1i (CDH1i);CLB2 (CLB2);CLB5 (CLB5);CLN2 (CLN2);F2 (F2);F2P (F2P);F5 (F5);F5P (F5P);MASS (MASS);MCM1 (MCM1);NET1 (NET1);NET1P (NET1P);ORI (ORI);PDS1 (PDS1);PPX (PPX);RENT (RENT);RENTP (RENTP);SBF (SBF);SIC1 (SIC1);SIC1P (SIC1P);SPN (SPN);SWI5 (SWI5);SWI5P (SWI5P)
Test,7,35,True,C2 (C2);C2P (C2P);C5 (C5);C5P (C5P);CDC14 (CDC14);CDC20 (CDC20);CDC20i (CDC20i);CDC6 (CDC6);CDC6P (CDC6P);CDH1 (CDH1);CDH1i (CDH1i);CLB2 (CLB2);CLB5 (CLB5);CLN2 (CLN2);F2 (F2);F2P (F2P);F5 (F5);F5P (F5P);IE (IE);IEP (IEP);MASS (MASS);MCM1 (MCM1);NET1 (NET1);NET1P (NET1P);ORI (ORI);PDS1 (PDS1);PPX (PPX);RENT (RENT);RENTP (RENTP);SBF (SBF);SIC1 (SIC1);SIC1P (SIC1P);SPN (SPN);SWI5 (SWI5);SWI5P (SWI5P)
Test,8,36,True,C2 (C2);C2P (C2P);C5 (C5);C5P (C5P);CDC14 (CDC14);CDC20 (CDC20);CDC20i (CDC20i);CDC6 (CDC6);CDC6P (CDC6P);CDH1 (CDH1);CDH1i (CDH1i);CLB2 (CLB2);CLB5 (CLB5);CLN2 (CLN2);F2 (F2);F2P (F2P);F5 (F5);F5P (F5P);IE (IE);IEP (IEP);MAD2 (MAD2);MASS (MASS);MCM1 (MCM1);NET1 (NET1);NET1P (NET1P);ORI (ORI);PDS1 (PDS1);PPX (PPX);RENT (RENT);RENTP (RENTP);SBF (SBF);SIC1 (SIC1);SIC1P (SIC1P);SPN (SPN);SWI5 (SWI5);SWI5P (SWI5P)
Test,7,34,True,C2 (C2);C2P (C2P);C5 (C5);C5P (C5P);CDC14 (CDC14);CDC20i (CDC20i);CDC6 (CDC6);CDC6P (CDC6P);CDH1 (CDH1);CDH1i (CDH1i);CLB2 (CLB2);CLB5 (CLB5);CLN2 (CLN2);ESP1 (ESP1);F2 (F2);F2P (F2P);F5 (F5);F5P (F5P);MASS (MASS);MCM1 (MCM1);NET1 (NET1);NET1P (NET1P);ORI (ORI);PDS1 (PDS1);PE (PE);PPX (PPX);RENT (RENT);RENTP (RENTP);SBF (SBF);SIC1 (SIC1);SIC1P (SIC1P);SPN (SPN);SWI5 (SWI5);SWI5P (SWI5P)
Test,8,37,True,C2 (C2);C2P (C2P);C5 (C5);C5P (C5P);CDC14 (CDC14);CDC20 (CDC20);CDC20i (CDC20i);CDC6 (CDC6);CDC6P (CDC6P);CDH1 (CDH1);CDH1i (CDH1i);CLB2 (CLB2);CLB5 (CLB5);CLN2 (CLN2);ESP1 (ESP1);F2 (F2);F2P (F2P);F5 (F5);F5P (F5P);IE (IE);IEP (IEP);MASS (MASS);MCM1 (MCM1);NET1 (NET1);NET1P (NET1P);ORI (ORI);PDS1 (PDS1);PE (PE);PPX (PPX);RENT (RENT);RENTP (RENTP);SBF (SBF);SIC1 (SIC1);SIC1P (SIC1P);SPN (SPN);SWI5 (SWI5);SWI5P (SWI5P)
Test,9,38,True,C2 (C2);C2P (C2P);C5 (C5);C5P (C5P);CDC14 (CDC14);CDC20 (CDC20);CDC20i (CDC20i);CDC6 (CDC6);CDC6P (CDC6P);CDH1 (CDH1);CDH1i (CDH1i);CLB2 (CLB2);CLB5 (CLB5);CLN2 (CLN2);ESP1 (ESP1);F2 (F2);F2P (F2P);F5 (F5);F5P (F5P);IE (IE);IEP (IEP);MAD2 (MAD2);MASS (MASS);MCM1 (MCM1);NET1 (NET1);NET1P (NET1P);ORI (ORI);PDS1 (PDS1);PE (PE);PPX (PPX);RENT (RENT);RENTP (RENTP);SBF (SBF);SIC1 (SIC1);SIC1P (SIC1P);SPN (SPN);SWI5 (SWI5);SWI5P (SWI5P)
Test,2,16,False,BUD (BUD);CDC14 (CDC14);CDH1 (CDH1);CDH1i (CDH1i);CLB2 (CLB2);CLB5 (CLB5);CLN2 (CLN2);CLN3 (CLN3);MASS (MASS);NET1 (NET1);NET1P (NET1P);ORI (ORI);PPX (PPX);RENT (RENT);RENTP (RENTP);SPN (SPN)
Test,3,17,False,BUD (BUD);CDC14 (CDC14);CDH1 (CDH1);CDH1i (CDH1i);CLB2 (CLB2);CLB5 (CLB5);CLN2 (CLN2);CLN3 (CLN3);MASS (MASS);NET1 (NET1);NET1P (NET1P);ORI (ORI);PPX (PPX);RENT (RENT);RENTP (RENTP);SBF (SBF);SPN (SPN)
Test,3,22,False,BUD (BUD);C2 (C2);C2P (C2P);C5 (C5);C5P (C5P);CDC14 (CDC14);CDH1 (CDH1);CDH1i (CDH1i);CLB2 (CLB2);CLB5 (CLB5);CLN2 (CLN2);CLN3 (CLN3);MASS (MASS);NET1 (NET1);NET1P (NET1P);ORI (ORI);PPX (PPX);RENT (RENT);RENTP (RENTP);SIC1 (SIC1);SIC1P (SIC1P);SPN (SPN)
Test,4,23,False,BUD (BUD);C2 (C2);C2P (C2P);C5 (C5);C5P (C5P);CDC14 (CDC14);CDH1 (CDH1);CDH1i (CDH1i);CLB2 (CLB2);CLB5 (CLB5);CLN2 (CLN2);CLN3 (CLN3);MASS (MASS);NET1 (NET1);NET1P (NET1P);ORI (ORI);PPX (PPX);RENT (RENT);RENTP (RENTP);SBF (SBF);SIC1 (SIC1);SIC1P (SIC1P);SPN (SPN)
Test,3,22,False,BUD (BUD);CDC14 (CDC14);CDC6 (CDC6);CDC6P (CDC6P);CDH1 (CDH1);CDH1i (CDH1i);CLB2 (CLB2);CLB5 (CLB5);CLN2 (CLN2);CLN3 (CLN3);F2 (F2);F2P (F2P);F5 (F5);F5P (F5P);MASS (MASS);NET1 (NET1);NET1P (NET1P);ORI (ORI);PPX (PPX);RENT (RENT);RENTP (RENTP);SPN (SPN)
Test,4,23,False,BUD (BUD);CDC14 (CDC14);CDC6 (CDC6);CDC6P (CDC6P);CDH1 (CDH1);CDH1i (CDH1i);CLB2 (CLB2);CLB5 (CLB5);CLN2 (CLN2);CLN3 (CLN3);F2 (F2);F2P (F2P);F5 (F5);F5P (F5P);MASS (MASS);NET1 (NET1);NET1P (NET1P);ORI (ORI);PPX (PPX);RENT (RENT);RENTP (RENTP);SBF (SBF);SPN (SPN)
Test,4,28,False,BUD (BUD);C2 (C2);C2P (C2P);C5 (C5);C5P (C5P);CDC14 (CDC14);CDC6 (CDC6);CDC6P (CDC6P);CDH1 (CDH1);CDH1i (CDH1i);CLB2 (CLB2);CLB5 (CLB5);CLN2 (CLN2);CLN3 (CLN3);F2 (F2);F2P (F2P);F5 (F5);F5P (F5P);MASS (MASS);NET1 (NET1);NET1P (NET1P);ORI (ORI);PPX (PPX);RENT (RENT);RENTP (RENTP);SIC1 (SIC1);SIC1P (SIC1P);SPN (SPN)
Test,5,29,False,BUD (BUD);C2 (C2);C2P (C2P);C5 (C5);C5P (C5P);CDC14 (CDC14);CDC6 (CDC6);CDC6P (CDC6P);CDH1 (CDH1);CDH1i (CDH1i);CLB2 (CLB2);CLB5 (CLB5);CLN2 (CLN2);CLN3 (CLN3);F2 (F2);F2P (F2P);F5 (F5);F5P (F5P);MASS (MASS);NET1 (NET1);NET1P (NET1P);ORI (ORI);PPX (PPX);RENT (RENT);RENTP (RENTP);SBF (SBF);SIC1 (SIC1);SIC1P (SIC1P);SPN (SPN)
Test,4,24,False,BUD (BUD);C2 (C2);C2P (C2P);C5 (C5);C5P (C5P);CDC14 (CDC14);CDH1 (CDH1);CDH1i (CDH1i);CLB2 (CLB2);CLB5 (CLB5);CLN2 (CLN2);CLN3 (CLN3);MASS (MASS);NET1 (NET1);NET1P (NET1P);ORI (ORI);PPX (PPX);RENT (RENT);RENTP (RENTP);SIC1 (SIC1);SIC1P (SIC1P);SPN (SPN);SWI5 (SWI5);SWI5P (SWI5P)
Test,5,30,False,BUD (BUD);C2 (C2);C2P (C2P);C5 (C5);C5P (C5P);CDC14 (CDC14);CDC6 (CDC6);CDC6P (CDC6P);CDH1 (CDH1);CDH1i (CDH1i);CLB2 (CLB2);CLB5 (CLB5);CLN2 (CLN2);CLN3 (CLN3);F2 (F2);F2P (F2P);F5 (F5);F5P (F5P);MASS (MASS);NET1 (NET1);NET1P (NET1P);ORI (ORI);PPX (PPX);RENT (RENT);RENTP (RENTP);SIC1 (SIC1);SIC1P (SIC1P);SPN (SPN);SWI5 (SWI5);SWI5P (SWI5P)
Test,6,31,False,BUD (BUD);C2 (C2);C2P (C2P);C5 (C5);C5P (C5P);CDC14 (CDC14);CDC6 (CDC6);CDC6P (CDC6P);CDH1 (CDH1);CDH1i (CDH1i);CLB2 (CLB2);CLB5 (CLB5);CLN2 (CLN2);CLN3 (CLN3);F2 (F2);F2P (F2P);F5 (F5);F5P (F5P);MASS (MASS);NET1 (NET1);NET1P (NET1P);ORI (ORI);PPX (PPX);RENT (RENT);RENTP (RENTP);SBF (SBF);SIC1 (SIC1);SIC1P (SIC1P);SPN (SPN);SWI5 (SWI5);SWI5P (SWI5P)
Test,5,26,False,BUD (BUD);C2 (C2);C2P (C2P);C5 (C5);C5P (C5P);CDC14 (CDC14);CDC20i (CDC20i);CDH1 (CDH1);CDH1i (CDH1i);CLB2 (CLB2);CLB5 (CLB5);CLN2 (CLN2);CLN3 (CLN3);MASS (MASS);MCM1 (MCM1);NET1 (NET1);NET1P (NET1P);ORI (ORI);PPX (PPX);RENT (RENT);RENTP (RENTP);SIC1 (SIC1);SIC1P (SIC1P);SPN (SPN);SWI5 (SWI5);SWI5P (SWI5P)
Test,6,32,False,BUD (BUD);C2 (C2);C2P (C2P);C5 (C5);C5P (C5P);CDC14 (CDC14);CDC20i (CDC20i);CDC6 (CDC6);CDC6P (CDC6P);CDH1 (CDH1);CDH1i (CDH1i);CLB2 (CLB2);CLB5 (CLB5);CLN2 (CLN2);CLN3 (CLN3);F2 (F2);F2P (F2P);F5 (F5);F5P (F5P);MASS (MASS);MCM1 (MCM1);NET1 (NET1);NET1P (NET1P);ORI (ORI);PPX (PPX);RENT (RENT);RENTP (RENTP);SIC1 (SIC1);SIC1P (SIC1P);SPN (SPN);SWI5 (SWI5);SWI5P (SWI5P)
Test,6,29,False,BUD (BUD);C2 (C2);C2P (C2P);C5 (C5);C5P (C5P);CDC14 (CDC14);CDC20 (CDC20);CDC20i (CDC20i);CDH1 (CDH1);CDH1i (CDH1i);CLB2 (CLB2);CLB5 (CLB5);CLN2 (CLN2);CLN3 (CLN3);IE (IE);IEP (IEP);MASS (MASS);MCM1 (MCM1);NET1 (NET1);NET1P (NET1P);ORI (ORI);PPX (PPX);RENT (RENT);RENTP (RENTP);SIC1 (SIC1);SIC1P (SIC1P);SPN (SPN);SWI5 (SWI5);SWI5P (SWI5P)
Test,7,35,False,BUD (BUD);C2 (C2);C2P (C2P);C5 (C5);C5P (C5P);CDC14 (CDC14);CDC20 (CDC20);CDC20i (CDC20i);CDC6 (CDC6);CDC6P (CDC6P);CDH1 (CDH1);CDH1i (CDH1i);CLB2 (CLB2);CLB5 (CLB5);CLN2 (CLN2);CLN3 (CLN3);F2 (F2);F2P (F2P);F5 (F5);F5P (F5P);IE (IE);IEP (IEP);MASS (MASS);MCM1 (MCM1);NET1 (NET1);NET1P (NET1P);ORI (ORI);PPX (PPX);RENT (RENT);RENTP (RENTP);SIC1 (SIC1);SIC1P (SIC1P);SPN (SPN);SWI5 (SWI5);SWI5P (SWI5P)
Test,7,30,False,BUD (BUD);C2 (C2);C2P (C2P);C5 (C5);C5P (C5P);CDC14 (CDC14);CDC20 (CDC20);CDC20i (CDC20i);CDH1 (CDH1);CDH1i (CDH1i);CLB2 (CLB2);CLB5 (CLB5);CLN2 (CLN2);CLN3 (CLN3);IE (IE);IEP (IEP);MAD2 (MAD2);MASS (MASS);MCM1 (MCM1);NET1 (NET1);NET1P (NET1P);ORI (ORI);PPX (PPX);RENT (RENT);RENTP (RENTP);SIC1 (SIC1);SIC1P (SIC1P);SPN (SPN);SWI5 (SWI5);SWI5P (SWI5P)
Test,8,36,False,BUD (BUD);C2 (C2);C2P (C2P);C5 (C5);C5P (C5P);CDC14 (CDC14);CDC20 (CDC20);CDC20i (CDC20i);CDC6 (CDC6);CDC6P (CDC6P);CDH1 (CDH1);CDH1i (CDH1i);CLB2 (CLB2);CLB5 (CLB5);CLN2 (CLN2);CLN3 (CLN3);F2 (F2);F2P (F2P);F5 (F5);F5P (F5P);IE (IE);IEP (IEP);MAD2 (MAD2);MASS (MASS);MCM1 (MCM1);NET1 (NET1);NET1P (NET1P);ORI (ORI);PPX (PPX);RENT (RENT);RENTP (RENTP);SIC1 (SIC1);SIC1P (SIC1P);SPN (SPN);SWI5 (SWI5);SWI5P (SWI5P)
Test,7,34,True,BUD (BUD);C2 (C2);C2P (C2P);C5 (C5);C5P (C5P);CDC14 (CDC14);CDC20i (CDC20i);CDC6 (CDC6);CDC6P (CDC6P);CDH1 (CDH1);CDH1i (CDH1i);CLB2 (CLB2);CLB5 (CLB5);CLN2 (CLN2);CLN3 (CLN3);F2 (F2);F2P (F2P);F5 (F5);F5P (F5P);MASS (MASS);MCM1 (MCM1);NET1 (NET1);NET1P (NET1P);ORI (ORI);PDS1 (PDS1);PPX (PPX);RENT (RENT);RENTP (RENTP);SBF (SBF);SIC1 (SIC1);SIC1P (SIC1P);SPN (SPN);SWI5 (SWI5);SWI5P (SWI5P)
Test,8,37,True,BUD (BUD);C2 (C2);C2P (C2P);C5 (C5);C5P (C5P);CDC14 (CDC14);CDC20 (CDC20);CDC20i (CDC20i);CDC6 (CDC6);CDC6P (CDC6P);CDH1 (CDH1);CDH1i (CDH1i);CLB2 (CLB2);CLB5 (CLB5);CLN2 (CLN2);CLN3 (CLN3);F2 (F2);F2P (F2P);F5 (F5);F5P (F5P);IE (IE);IEP (IEP);MASS (MASS);MCM1 (MCM1);NET1 (NET1);NET1P (NET1P);ORI (ORI);PDS1 (PDS1);PPX (PPX);RENT (RENT);RENTP (RENTP);SBF (SBF);SIC1 (SIC1);SIC1P (SIC1P);SPN (SPN);SWI5 (SWI5);SWI5P (SWI5P)
Test,9,38,True,BUD (BUD);C2 (C2);C2P (C2P);C5 (C5);C5P (C5P);CDC14 (CDC14);CDC20 (CDC20);CDC20i (CDC20i);CDC6 (CDC6);CDC6P (CDC6P);CDH1 (CDH1);CDH1i (CDH1i);CLB2 (CLB2);CLB5 (CLB5);CLN2 (CLN2);CLN3 (CLN3);F2 (F2);F2P (F2P);F5 (F5);F5P (F5P);IE (IE);IEP (IEP);MAD2 (MAD2);MASS (MASS);MCM1 (MCM1);NET1 (NET1);NET1P (NET1P);ORI (ORI);PDS1 (PDS1);PPX (PPX);RENT (RENT);RENTP (RENTP);SBF (SBF);SIC1 (SIC1);SIC1P (SIC1P);SPN (SPN);SWI5 (SWI5);SWI5P (SWI5P)
Test,8,36,True,BUD (BUD);C2 (C2);C2P (C2P);C5 (C5);C5P (C5P);CDC14 (CDC14);CDC20i (CDC20i);CDC6 (CDC6);CDC6P (CDC6P);CDH1 (CDH1);CDH1i (CDH1i);CLB2 (CLB2);CLB5 (CLB5);CLN2 (CLN2);CLN3 (CLN3);ESP1 (ESP1);F2 (F2);F2P (F2P);F5 (F5);F5P (F5P);MASS (MASS);MCM1 (MCM1);NET1 (NET1);NET1P (NET1P);ORI (ORI);PDS1 (PDS1);PE (PE);PPX (PPX);RENT (RENT);RENTP (RENTP);SBF (SBF);SIC1 (SIC1);SIC1P (SIC1P);SPN (SPN);SWI5 (SWI5);SWI5P (SWI5P)
Test,9,39,True,BUD (BUD);C2 (C2);C2P (C2P);C5 (C5);C5P (C5P);CDC14 (CDC14);CDC20 (CDC20);CDC20i (CDC20i);CDC6 (CDC6);CDC6P (CDC6P);CDH1 (CDH1);CDH1i (CDH1i);CLB2 (CLB2);CLB5 (CLB5);CLN2 (CLN2);CLN3 (CLN3);ESP1 (ESP1);F2 (F2);F2P (F2P);F5 (F5);F5P (F5P);IE (IE);IEP (IEP);MASS (MASS);MCM1 (MCM1);NET1 (NET1);NET1P (NET1P);ORI (ORI);PDS1 (PDS1);PE (PE);PPX (PPX);RENT (RENT);RENTP (RENTP);SBF (SBF);SIC1 (SIC1);SIC1P (SIC1P);SPN (SPN);SWI5 (SWI5);SWI5P (SWI5P)
Test,10,40,True,BUD (BUD);C2 (C2);C2P (C2P);C5 (C5);C5P (C5P);CDC14 (CDC14);CDC20 (CDC20);CDC20i (CDC20i);CDC6 (CDC6);CDC6P (CDC6P);CDH1 (CDH1);CDH1i (CDH1i);CLB2 (CLB2);CLB5 (CLB5);CLN2 (CLN2);CLN3 (CLN3);ESP1 (ESP1);F2 (F2);F2P (F2P);F5 (F5);F5P (F5P);IE (IE);IEP (IEP);MAD2 (MAD2);MASS (MASS);MCM1 (MCM1);NET1 (NET1);NET1P (NET1P);ORI (ORI);PDS1 (PDS1);PE (PE);PPX (PPX);RENT (RENT);RENTP (RENTP);SBF (SBF);SIC1 (SIC1);SIC1P (SIC1P);SPN (SPN);SWI5 (SWI5);SWI5P (SWI5P)
