erc_id,req_size,prod_size,erc_size,is_persistent
0,1,1,2,False
1,1,0,1,False
2,1,2,3,False
3,1,0,1,False
4,1,1,2,False
5,0,2,2,True
6,1,1,2,False
7,1,1,2,False
8,0,2,2,True
9,1,0,1,False
10,1,0,1,False
11,1,0,1,False
12,0,4,4,True
13,1,2,3,False
14,2,2,4,False
15,0,2,2,True
16,1,3,4,False
17,1,5,6,False
18,1,0,1,False
19,0,2,2,True
20,2,2,4,False
21,1,2,3,False
22,2,4,6,False
23,0,3,3,True
24,2,4,6,False
25,2,4,6,False
26,2,5,7,False
27,2,6,8,False
28,2,7,9,False
29,1,1,2,False
30,0,2,2,True
31,2,5,7,False
32,0,2,2,True
33,0,2,2,True
34,1,1,2,False
35,1,2,3,False
36,1,1,2,False
37,2,2,4,False
38,2,2,4,False
39,0,2,2,True
40,0,2,2,True
41,0,4,4,True
42,1,4,5,False
43,2,2,4,False
44,0,3,3,True
45,1,4,5,False
46,1,4,5,False
47,1,4,5,False
48,1,2,3,False
49,2,4,6,False
50,2,4,6,False
51,0,5,5,True
52,0,4,4,True
53,0,2,2,True
54,1,3,4,False
55,1,0,1,False
56,1,4,5,False
57,0,2,2,True
58,0,3,3,True
59,2,3,5,False
60,2,4,6,False
61,2,3,5,False
62,0,3,3,True
63,1,2,3,False
64,2,4,6,False
65,1,1,2,False
66,0,5,5,True
67,1,6,7,False
68,1,6,7,False
69,0,8,8,True
70,1,6,7,False
71,0,7,7,True
72,0,2,2,True
73,1,1,2,False
74,0,8,8,True
75,0,2,2,True
76,1,1,2,False
77,1,7,8,False
78,1,1,2,False
79,0,7,7,True
80,1,1,2,False
81,1,2,3,False
82,0,2,2,True
83,2,4,6,False
84,0,3,3,True
85,1,4,5,False
86,1,4,5,False
87,0,8,8,True
88,0,6,6,True
89,0,2,2,True
90,1,1,2,False
91,2,8,10,False
92,1,1,2,False
93,0,2,2,True
94,1,1,2,False
95,1,1,2,False
96,1,3,4,False
97,2,4,6,False
98,0,2,2,True
99,1,2,3,False
100,2,4,6,False
101,1,1,2,False
102,1,6,7,False
103,1,1,2,False
104,1,5,6,False
105,0,2,2,True
106,1,2,3,False
107,1,3,4,False
108,1,9,10,False
109,0,4,4,True
110,1,0,1,False
111,1,1,2,False
112,0,4,4,True
113,0,2,2,True
114,1,1,2,False
115,1,2,3,False
116,1,2,3,False
117,1,4,5,False
118,0,2,2,True
119,0,5,5,True
120,0,4,4,True
121,0,6,6,True
122,1,3,4,False
123,2,2,4,False
124,1,4,5,False
125,1,0,1,False
126,1,0,1,False
127,1,1,2,False
128,1,0,1,False
129,0,2,2,True
130,0,6,6,True
131,0,2,2,True
132,0,7,7,True
133,0,5,5,True
134,0,2,2,True
135,0,9,9,True
136,2,3,5,False
137,2,4,6,False
138,2,5,7,False
139,1,14,15,False
140,2,3,5,False
141,2,4,6,False
142,2,5,7,False
143,0,2,2,True
144,1,3,4,False
145,1,3,4,False
146,0,9,9,True
147,1,11,12,False
148,0,11,11,True
149,1,10,11,False
150,1,9,10,False
151,1,10,11,False
152,0,13,13,True
153,0,16,16,True
154,0,8,8,True
155,1,12,13,False
156,0,11,11,True
157,1,11,12,False
158,1,13,14,False
159,1,12,13,False
160,1,13,14,False
161,1,18,19,False
162,0,2,2,True
163,1,2,3,False
164,0,2,2,True
165,0,2,2,True
166,1,4,5,False
167,1,3,4,False
168,1,5,6,False
169,1,6,7,False
170,0,5,5,True
171,0,7,7,True
172,0,10,10,True
173,1,10,11,False
174,0,3,3,True
175,2,4,6,False
176,0,2,2,True
177,1,0,1,False
178,1,1,2,False
179,0,3,3,True
180,1,3,4,False
181,1,9,10,False
182,1,10,11,False
183,0,2,2,True
184,1,3,4,False
185,1,5,6,False
186,1,0,1,False
187,1,0,1,False
188,1,1,2,False
189,1,11,12,False
190,1,2,3,False
191,0,2,2,True
192,1,3,4,False
193,2,5,7,False
194,2,6,8,False
195,0,8,8,True
196,0,10,10,True
197,2,6,8,False
198,2,6,8,False
199,0,8,8,True
200,0,11,11,True
201,0,10,10,True
202,1,6,7,False
203,1,7,8,False
204,1,7,8,False
205,1,0,1,False
206,0,2,2,True
207,1,3,4,False
208,0,2,2,True
209,0,13,13,True
210,1,14,15,False
211,0,11,11,True
212,0,2,2,True
213,1,4,5,False
214,1,4,5,False
215,1,10,11,False
216,2,6,8,False
217,1,1,2,False
218,1,4,5,False
219,0,7,7,True
220,0,10,10,True
221,1,10,11,False
222,1,1,2,False
223,2,13,15,False
224,0,2,2,True
225,0,10,10,True
226,0,12,12,True
227,0,2,2,True
228,1,10,11,False
229,0,2,2,True
230,0,10,10,True
231,1,1,2,False
232,1,2,3,False
233,1,11,12,False
234,0,10,10,True
235,1,2,3,False
236,1,2,3,False
237,0,10,10,True
238,0,3,3,True
239,2,6,8,False
240,2,3,5,False
241,0,2,2,True
242,0,6,6,True
243,1,4,5,False
244,1,11,12,False
245,0,5,5,True
246,0,2,2,True
247,1,1,2,False
248,0,14,14,True
249,0,10,10,True
250,2,2,4,False
251,1,6,7,False
252,1,6,7,False
253,1,1,2,False
254,1,7,8,False
255,0,9,9,True
256,2,11,13,False
257,1,1,2,False
258,0,12,12,True
259,1,13,14,False
260,0,9,9,True
261,0,9,9,True
262,0,2,2,True
263,0,10,10,True
264,1,6,7,False
265,0,7,7,True
266,0,4,4,True
267,1,9,10,False
268,1,12,13,False
269,2,13,15,False
270,1,17,18,False
271,2,20,22,False
272,2,21,23,False
273,2,22,24,False
274,2,23,25,False
275,1,29,30,False
276,2,29,31,False
277,2,30,32,False
278,2,13,15,False
279,2,14,16,False
280,1,1,2,False
281,1,2,3,False
282,0,8,8,True
283,1,9,10,False
284,0,12,12,True
285,0,16,16,True
286,1,17,18,False
287,0,12,12,True
288,2,3,5,False
289,1,7,8,False
290,1,2,3,False
291,1,4,5,False
292,2,20,22,False
293,1,4,5,False
294,1,2,3,False
295,2,3,5,False
296,1,5,6,False
297,1,9,10,False
298,1,3,4,False
299,0,11,11,True
300,0,14,14,True
301,1,1,2,False
302,1,2,3,False
303,1,6,7,False
304,1,1,2,False
305,1,2,3,False
306,1,5,6,False
307,2,3,5,False
308,1,2,3,False
309,1,10,11,False
310,1,2,3,False
311,0,6,6,True
312,1,6,7,False
313,1,6,7,False
314,1,7,8,False
315,0,16,16,True
316,1,17,18,False
317,2,17,19,False
318,0,18,18,True
319,0,18,18,True
320,0,19,19,True
321,1,17,18,False
322,1,18,19,False
323,1,16,17,False
324,1,17,18,False
325,0,22,22,True
326,1,22,23,False
327,0,18,18,True
328,1,17,18,False
329,1,19,20,False
330,0,20,20,True
331,1,17,18,False
332,0,19,19,True
333,0,18,18,True
334,0,22,22,True
335,0,18,18,True
336,1,18,19,False
337,2,19,21,False
338,0,20,20,True
339,1,18,19,False
340,1,17,18,False
341,1,17,18,False
342,1,17,18,False
343,0,20,20,True
344,1,17,18,False
345,1,17,18,False
346,2,19,21,False
347,1,21,22,False
348,0,25,25,True
349,0,19,19,True
350,1,17,18,False
351,2,18,20,False
352,0,18,18,True
353,1,25,26,False
354,1,17,18,False
355,1,21,22,False
356,1,19,20,False
357,2,22,24,False
358,1,22,23,False
359,1,23,24,False
360,0,18,18,True
361,1,19,20,False
362,1,19,20,False
363,1,17,18,False
364,1,17,18,False
365,0,20,20,True
366,1,19,20,False
367,1,17,18,False
368,0,30,30,True
369,1,37,38,False
370,1,30,31,False
371,1,20,21,False
372,0,18,18,True
373,0,22,22,True
374,1,27,28,False
375,1,33,34,False
376,0,22,22,True
377,0,33,33,True
378,1,34,35,False
379,0,36,36,True
380,1,34,35,False
381,1,35,36,False
382,1,34,35,False
383,1,34,35,False
384,1,35,36,False
385,1,48,49,False
386,1,34,35,False
387,0,39,39,True
388,2,17,19,False
389,1,17,18,False
390,1,18,19,False
391,0,11,11,True
392,2,4,6,False
393,2,5,7,False
394,0,36,36,True
395,1,7,8,False
396,1,18,19,False
397,1,5,6,False
398,1,7,8,False
399,1,1,2,False
400,1,2,3,False
401,1,13,14,False
402,1,6,7,False
403,1,7,8,False
404,0,12,12,True
405,1,14,15,False
406,1,20,21,False
407,1,13,14,False
408,1,15,16,False
409,1,12,13,False
410,0,15,15,True
411,1,13,14,False
412,1,6,7,False
413,2,2,4,False
414,1,6,7,False
415,2,2,4,False
416,2,15,17,False
417,2,2,4,False
418,2,5,7,False
419,2,7,9,False
420,1,20,21,False
421,0,4,4,True
422,0,14,14,True
423,2,8,10,False
424,1,16,17,False
425,0,15,15,True
426,0,2,2,True
427,1,19,20,False
428,1,1,2,False
429,0,21,21,True
430,1,23,24,False
431,0,23,23,True
432,1,22,23,False
433,1,22,23,False
434,1,12,13,False
435,2,17,19,False
436,1,11,12,False
437,2,1,3,False
438,0,8,8,True
439,1,21,22,False
440,0,2,2,True
441,2,2,4,False
442,1,1,2,False
443,1,2,3,False
444,0,9,9,True
445,0,16,16,True
446,0,22,22,True
447,1,22,23,False
448,1,1,2,False
449,1,17,18,False
450,1,2,3,False
451,2,20,22,False
452,1,2,3,False
453,1,6,7,False
454,1,10,11,False
455,0,20,20,True
456,0,17,17,True
457,0,19,19,True
458,2,21,23,False
459,0,21,21,True
460,0,22,22,True
461,1,20,21,False
462,0,33,33,True
463,0,47,47,True
464,0,71,71,True
465,1,71,72,False
466,1,71,72,False
467,1,71,72,False
468,1,105,106,False
469,1,71,72,False
470,2,17,19,False
471,1,17,18,False
472,1,18,19,False
473,1,23,24,False
474,1,24,25,False
475,1,46,47,False
476,0,19,19,True
477,2,19,21,False
478,0,2,2,True
479,1,7,8,False
480,0,18,18,True
481,0,20,20,True
482,1,1,2,False
483,2,6,8,False
484,0,4,4,True
485,0,22,22,True
486,2,3,5,False
487,0,19,19,True
488,1,19,20,False
489,2,1,3,False
490,1,20,21,False
491,1,21,22,False
492,1,22,23,False
493,2,21,23,False
494,1,34,35,False
495,0,145,145,True
496,2,17,19,False
497,1,2,3,False
498,1,17,18,False
499,2,17,19,False
500,0,4,4,True
501,1,9,10,False
502,2,6,8,False
503,0,11,11,True
504,1,6,7,False
505,0,15,15,True
506,3,370,373,False
507,2,9,11,False
508,1,1,2,False
509,1,2,3,False
510,1,3,4,False
511,1,4,5,False
512,1,11,12,False
513,1,19,20,False
514,0,13,13,True
515,0,21,21,True
516,1,17,18,False
